Workbook

Sheet Specified Annual Demand
B1: >2018-2021 based on JRC-IDEES 2021
B2: >2022-2050 projections based on final energy demand from EU Reference Scenario 2020
H3: 3 | I3: 4 | J3: 5 | K3: 6 | L3: 7 | M3: 8 | N3: 9 | O3: 10 | P3: 11 | Q3: 12 | R3: 13 | S3: 14 | T3: 15 | U3: 16 | V3: 17 | W3: 18 | X3: 19 | Y3: 20 | Z3: 21 | AA3: 22 | AB3: 23 | AC3: 24 | AD3: 25 | AE3: 26 | AF3: 27 | AG3: 28 | AH3: 29 | AI3: 30 | AJ3: 31
A4: Energy service | B4: Country | C4: FUEL | D4: 2018 | E4: 2019 | F4: 2020 | G4: 2021 | H4: 2022 | I4: 2023 | J4: 2024 | K4: 2025 | L4: 2026 | M4: 2027 | N4: 2028 | O4: 2029 | P4: 2030 | Q4: 2031 | R4: 2032 | S4: 2033 | T4: 2034 | U4: 2035 | V4: 2036 | W4: 2037 | X4: 2038 | Y4: 2039 | Z4: 2040 | AA4: 2041 | AB4: 2042 | AC4: 2043 | AD4: 2044 | AE4: 2045 | AF4: 2046 | AG4: 2047 | AH4: 2048 | AI4: 2049 | AJ4: 2050 | AK4: 2051 | AL4: 2052 | AM4: 2053 | AN4: 2054 | AO4: 2055
A5: Space heating & Hot Water | B5: =LEFT(C5,2) -> AT | C5: ATEUHT | D5: 237.62946 | E5: 247.30446 | F5: 255.23032 | G5: 287.38468 | H5: =G5*VLOOKUP($B5,'EU Ref Scenario 2020'!$A$126:$AE$153,'Specified Annual Demand'!H$3,FALSE) -> 285.15519 | I5: =H5*VLOOKUP($B5,'EU Ref Scenario 2020'!$A$126:$AE$153,'Specified Annual Demand'!I$3,FALSE) -> 282.9257 | J5: =I5*VLOOKUP($B5,'EU Ref Scenario 2020'!$A$126:$AE$153,'Specified Annual Demand'!J$3,FALSE) -> 280.69621 | K5: =J5*VLOOKUP($B5,'EU Ref Scenario 2020'!$A$126:$AE$153,'Specified Annual Demand'!K$3,FALSE) -> 278.46672 | L5: =K5*VLOOKUP($B5,'EU Ref Scenario 2020'!$A$126:$AE$153,'Specified Annual Demand'!L$3,FALSE) -> 276.24832 | M5: =L5*VLOOKUP($B5,'EU Ref Scenario 2020'!$A$126:$AE$153,'Specified Annual Demand'!M$3,FALSE) -> 274.02992 | N5: =M5*VLOOKUP($B5,'EU Ref Scenario 2020'!$A$126:$AE$153,'Specified Annual Demand'!N$3,FALSE) -> 271.81152 | O5: =N5*VLOOKUP($B5,'EU Ref Scenario 2020'!$A$126:$AE$153,'Specified Annual Demand'!O$3,FALSE) -> 269.59311 | ... AJ5: =AI5*VLOOKUP($B5,'EU Ref Scenario 2020'!$A$126:$AE$153,'Specified Annual Demand'!AJ$3,FALSE) -> 267.46987 | AK5: =AJ5 -> 267.46987 | AL5: =AK5 -> 267.46987 | AM5: =AL5 -> 267.46987 | AN5: =AM5 -> 267.46987 | AO5: =AN5 -> 267.46987
A6: Space cooling | B6: =LEFT(C6,2) -> AT | C6: ATEUCL | D6: 3.3029913 | E6: 3.4885905 | F6: 3.2809862 | G6: 3.4405496 | H6: =G6*VLOOKUP($B6,'EU Ref Scenario 2020'!$A$126:$AE$153,'Specified Annual Demand'!H$3,FALSE) -> 3.4138583 | I6: =H6*VLOOKUP($B6,'EU Ref Scenario 2020'!$A$126:$AE$153,'Specified Annual Demand'!I$3,FALSE) -> 3.387167 | J6: =I6*VLOOKUP($B6,'EU Ref Scenario 2020'!$A$126:$AE$153,'Specified Annual Demand'!J$3,FALSE) -> 3.3604757 | K6: =J6*VLOOKUP($B6,'EU Ref Scenario 2020'!$A$126:$AE$153,'Specified Annual Demand'!K$3,FALSE) -> 3.3337844 | L6: =K6*VLOOKUP($B6,'EU Ref Scenario 2020'!$A$126:$AE$153,'Specified Annual Demand'!L$3,FALSE) -> 3.3072258 | M6: =L6*VLOOKUP($B6,'EU Ref Scenario 2020'!$A$126:$AE$153,'Specified Annual Demand'!M$3,FALSE) -> 3.2806673 | N6: =M6*VLOOKUP($B6,'EU Ref Scenario 2020'!$A$126:$AE$153,'Specified Annual Demand'!N$3,FALSE) -> 3.2541087 | O6: =N6*VLOOKUP($B6,'EU Ref Scenario 2020'!$A$126:$AE$153,'Specified Annual Demand'!O$3,FALSE) -> 3.2275502 | ... AJ6: =AI6*VLOOKUP($B6,'EU Ref Scenario 2020'!$A$126:$AE$153,'Specified Annual Demand'!AJ$3,FALSE) -> 3.2021309 | AK6: =AJ6 -> 3.2021309 | AL6: =AK6 -> 3.2021309 | AM6: =AL6 -> 3.2021309 | AN6: =AM6 -> 3.2021309 | AO6: =AN6 -> 3.2021309
A7: Cooking | B7: =LEFT(C7,2) -> AT | C7: ATEUCK | D7: 13.727706 | E7: 13.97641 | F7: 13.684323 | G7: 14.865887 | H7: =G7*VLOOKUP($B7,'EU Ref Scenario 2020'!$A$126:$AE$153,'Specified Annual Demand'!H$3,FALSE) -> 14.750559 | I7: =H7*VLOOKUP($B7,'EU Ref Scenario 2020'!$A$126:$AE$153,'Specified Annual Demand'!I$3,FALSE) -> 14.635232 | J7: =I7*VLOOKUP($B7,'EU Ref Scenario 2020'!$A$126:$AE$153,'Specified Annual Demand'!J$3,FALSE) -> 14.519904 | K7: =J7*VLOOKUP($B7,'EU Ref Scenario 2020'!$A$126:$AE$153,'Specified Annual Demand'!K$3,FALSE) -> 14.404577 | L7: =K7*VLOOKUP($B7,'EU Ref Scenario 2020'!$A$126:$AE$153,'Specified Annual Demand'!L$3,FALSE) -> 14.289823 | M7: =L7*VLOOKUP($B7,'EU Ref Scenario 2020'!$A$126:$AE$153,'Specified Annual Demand'!M$3,FALSE) -> 14.175069 | N7: =M7*VLOOKUP($B7,'EU Ref Scenario 2020'!$A$126:$AE$153,'Specified Annual Demand'!N$3,FALSE) -> 14.060315 | O7: =N7*VLOOKUP($B7,'EU Ref Scenario 2020'!$A$126:$AE$153,'Specified Annual Demand'!O$3,FALSE) -> 13.945561 | ... AJ7: =AI7*VLOOKUP($B7,'EU Ref Scenario 2020'!$A$126:$AE$153,'Specified Annual Demand'!AJ$3,FALSE) -> 13.83573 | AK7: =AJ7 -> 13.83573 | AL7: =AK7 -> 13.83573 | AM7: =AL7 -> 13.83573 | AN7: =AM7 -> 13.83573 | AO7: =AN7 -> 13.83573
A8: Useful energy for appliances | B8: =LEFT(C8,2) -> AT | C8: ATEUSE | D8: 60.058046 | E8: 60.275847 | F8: 57.603763 | G8: 61.114931 | H8: =G8*VLOOKUP($B8,'EU Ref Scenario 2020'!$A$126:$AE$153,'Specified Annual Demand'!H$3,FALSE) -> 60.64081 | I8: =H8*VLOOKUP($B8,'EU Ref Scenario 2020'!$A$126:$AE$153,'Specified Annual Demand'!I$3,FALSE) -> 60.166689 | J8: =I8*VLOOKUP($B8,'EU Ref Scenario 2020'!$A$126:$AE$153,'Specified Annual Demand'!J$3,FALSE) -> 59.692568 | K8: =J8*VLOOKUP($B8,'EU Ref Scenario 2020'!$A$126:$AE$153,'Specified Annual Demand'!K$3,FALSE) -> 59.218447 | L8: =K8*VLOOKUP($B8,'EU Ref Scenario 2020'!$A$126:$AE$153,'Specified Annual Demand'!L$3,FALSE) -> 58.746684 | M8: =L8*VLOOKUP($B8,'EU Ref Scenario 2020'!$A$126:$AE$153,'Specified Annual Demand'!M$3,FALSE) -> 58.274921 | N8: =M8*VLOOKUP($B8,'EU Ref Scenario 2020'!$A$126:$AE$153,'Specified Annual Demand'!N$3,FALSE) -> 57.803158 | O8: =N8*VLOOKUP($B8,'EU Ref Scenario 2020'!$A$126:$AE$153,'Specified Annual Demand'!O$3,FALSE) -> 57.331395 | ... AJ8: =AI8*VLOOKUP($B8,'EU Ref Scenario 2020'!$A$126:$AE$153,'Specified Annual Demand'!AJ$3,FALSE) -> 56.879869 | AK8: =AJ8 -> 56.879869 | AL8: =AK8 -> 56.879869 | AM8: =AL8 -> 56.879869 | AN8: =AM8 -> 56.879869 | AO8: =AN8 -> 56.879869
A9: Space heating & Hot Water | B9: =LEFT(C9,2) -> BE | C9: BEEUHT | D9: 292.75854 | E9: 293.20673 | F9: 292.03074 | G9: 325.076 | H9: =G9*VLOOKUP($B9,'EU Ref Scenario 2020'!$A$126:$AE$153,'Specified Annual Demand'!H$3,FALSE) -> 325.69977 | I9: =H9*VLOOKUP($B9,'EU Ref Scenario 2020'!$A$126:$AE$153,'Specified Annual Demand'!I$3,FALSE) -> 326.32354 | J9: =I9*VLOOKUP($B9,'EU Ref Scenario 2020'!$A$126:$AE$153,'Specified Annual Demand'!J$3,FALSE) -> 326.94732 | K9: =J9*VLOOKUP($B9,'EU Ref Scenario 2020'!$A$126:$AE$153,'Specified Annual Demand'!K$3,FALSE) -> 327.57109 | L9: =K9*VLOOKUP($B9,'EU Ref Scenario 2020'!$A$126:$AE$153,'Specified Annual Demand'!L$3,FALSE) -> 323.36643 | M9: =L9*VLOOKUP($B9,'EU Ref Scenario 2020'!$A$126:$AE$153,'Specified Annual Demand'!M$3,FALSE) -> 319.16176 | N9: =M9*VLOOKUP($B9,'EU Ref Scenario 2020'!$A$126:$AE$153,'Specified Annual Demand'!N$3,FALSE) -> 314.9571 | O9: =N9*VLOOKUP($B9,'EU Ref Scenario 2020'!$A$126:$AE$153,'Specified Annual Demand'!O$3,FALSE) -> 310.75244 | ... AJ9: =AI9*VLOOKUP($B9,'EU Ref Scenario 2020'!$A$126:$AE$153,'Specified Annual Demand'!AJ$3,FALSE) -> 292.4635 | AK9: =AJ9 -> 292.4635 | AL9: =AK9 -> 292.4635 | AM9: =AL9 -> 292.4635 | AN9: =AM9 -> 292.4635 | AO9: =AN9 -> 292.4635
A10: Space cooling | B10: =LEFT(C10,2) -> BE | C10: BEEUCL | D10: 14.182777 | E10: 13.962667 | F10: 15.676903 | G10: 13.40622 | H10: =G10*VLOOKUP($B10,'EU Ref Scenario 2020'!$A$126:$AE$153,'Specified Annual Demand'!H$3,FALSE) -> 13.431944 | I10: =H10*VLOOKUP($B10,'EU Ref Scenario 2020'!$A$126:$AE$153,'Specified Annual Demand'!I$3,FALSE) -> 13.457669 | J10: =I10*VLOOKUP($B10,'EU Ref Scenario 2020'!$A$126:$AE$153,'Specified Annual Demand'!J$3,FALSE) -> 13.483394 | K10: =J10*VLOOKUP($B10,'EU Ref Scenario 2020'!$A$126:$AE$153,'Specified Annual Demand'!K$3,FALSE) -> 13.509118 | L10: =K10*VLOOKUP($B10,'EU Ref Scenario 2020'!$A$126:$AE$153,'Specified Annual Demand'!L$3,FALSE) -> 13.335717 | M10: =L10*VLOOKUP($B10,'EU Ref Scenario 2020'!$A$126:$AE$153,'Specified Annual Demand'!M$3,FALSE) -> 13.162315 | N10: =M10*VLOOKUP($B10,'EU Ref Scenario 2020'!$A$126:$AE$153,'Specified Annual Demand'!N$3,FALSE) -> 12.988914 | O10: =N10*VLOOKUP($B10,'EU Ref Scenario 2020'!$A$126:$AE$153,'Specified Annual Demand'!O$3,FALSE) -> 12.815512 | ... AJ10: =AI10*VLOOKUP($B10,'EU Ref Scenario 2020'!$A$126:$AE$153,'Specified Annual Demand'!AJ$3,FALSE) -> 12.061272 | AK10: =AJ10 -> 12.061272 | AL10: =AK10 -> 12.061272 | AM10: =AL10 -> 12.061272 | AN10: =AM10 -> 12.061272 | AO10: =AN10 -> 12.061272
A11: Cooking | B11: =LEFT(C11,2) -> BE | C11: BEEUCK | D11: 14.14823 | E11: 14.169729 | F11: 14.155313 | G11: 14.772392 | H11: =G11*VLOOKUP($B11,'EU Ref Scenario 2020'!$A$126:$AE$153,'Specified Annual Demand'!H$3,FALSE) -> 14.800738 | I11: =H11*VLOOKUP($B11,'EU Ref Scenario 2020'!$A$126:$AE$153,'Specified Annual Demand'!I$3,FALSE) -> 14.829084 | J11: =I11*VLOOKUP($B11,'EU Ref Scenario 2020'!$A$126:$AE$153,'Specified Annual Demand'!J$3,FALSE) -> 14.85743 | K11: =J11*VLOOKUP($B11,'EU Ref Scenario 2020'!$A$126:$AE$153,'Specified Annual Demand'!K$3,FALSE) -> 14.885776 | L11: =K11*VLOOKUP($B11,'EU Ref Scenario 2020'!$A$126:$AE$153,'Specified Annual Demand'!L$3,FALSE) -> 14.694704 | M11: =L11*VLOOKUP($B11,'EU Ref Scenario 2020'!$A$126:$AE$153,'Specified Annual Demand'!M$3,FALSE) -> 14.503632 | N11: =M11*VLOOKUP($B11,'EU Ref Scenario 2020'!$A$126:$AE$153,'Specified Annual Demand'!N$3,FALSE) -> 14.31256 | O11: =N11*VLOOKUP($B11,'EU Ref Scenario 2020'!$A$126:$AE$153,'Specified Annual Demand'!O$3,FALSE) -> 14.121488 | ... AJ11: =AI11*VLOOKUP($B11,'EU Ref Scenario 2020'!$A$126:$AE$153,'Specified Annual Demand'!AJ$3,FALSE) -> 13.290386 | AK11: =AJ11 -> 13.290386 | AL11: =AK11 -> 13.290386 | AM11: =AL11 -> 13.290386 | AN11: =AM11 -> 13.290386 | AO11: =AN11 -> 13.290386
A12: Useful energy for appliances | B12: =LEFT(C12,2) -> BE | C12: BEEUSE | D12: 96.412116 | E12: 93.67516 | F12: 92.448955 | G12: 91.730312 | H12: =G12*VLOOKUP($B12,'EU Ref Scenario 2020'!$A$126:$AE$153,'Specified Annual Demand'!H$3,FALSE) -> 91.906329 | I12: =H12*VLOOKUP($B12,'EU Ref Scenario 2020'!$A$126:$AE$153,'Specified Annual Demand'!I$3,FALSE) -> 92.082346 | J12: =I12*VLOOKUP($B12,'EU Ref Scenario 2020'!$A$126:$AE$153,'Specified Annual Demand'!J$3,FALSE) -> 92.258363 | K12: =J12*VLOOKUP($B12,'EU Ref Scenario 2020'!$A$126:$AE$153,'Specified Annual Demand'!K$3,FALSE) -> 92.43438 | L12: =K12*VLOOKUP($B12,'EU Ref Scenario 2020'!$A$126:$AE$153,'Specified Annual Demand'!L$3,FALSE) -> 91.247904 | M12: =L12*VLOOKUP($B12,'EU Ref Scenario 2020'!$A$126:$AE$153,'Specified Annual Demand'!M$3,FALSE) -> 90.061427 | N12: =M12*VLOOKUP($B12,'EU Ref Scenario 2020'!$A$126:$AE$153,'Specified Annual Demand'!N$3,FALSE) -> 88.87495 | O12: =N12*VLOOKUP($B12,'EU Ref Scenario 2020'!$A$126:$AE$153,'Specified Annual Demand'!O$3,FALSE) -> 87.688473 | ... AJ12: =AI12*VLOOKUP($B12,'EU Ref Scenario 2020'!$A$126:$AE$153,'Specified Annual Demand'!AJ$3,FALSE) -> 82.527682 | AK12: =AJ12 -> 82.527682 | AL12: =AK12 -> 82.527682 | AM12: =AL12 -> 82.527682 | AN12: =AM12 -> 82.527682 | AO12: =AN12 -> 82.527682
A13: Space heating & Hot Water | B13: =LEFT(C13,2) -> BG | C13: BGEUHT | D13: 63.129233 | E13: 63.541148 | F13: 65.920796 | G13: 71.918656 | H13: =G13*VLOOKUP($B13,'EU Ref Scenario 2020'!$A$126:$AE$153,'Specified Annual Demand'!H$3,FALSE) -> 73.163249 | I13: =H13*VLOOKUP($B13,'EU Ref Scenario 2020'!$A$126:$AE$153,'Specified Annual Demand'!I$3,FALSE) -> 74.407843 | J13: =I13*VLOOKUP($B13,'EU Ref Scenario 2020'!$A$126:$AE$153,'Specified Annual Demand'!J$3,FALSE) -> 75.652437 | K13: =J13*VLOOKUP($B13,'EU Ref Scenario 2020'!$A$126:$AE$153,'Specified Annual Demand'!K$3,FALSE) -> 76.89703 | L13: =K13*VLOOKUP($B13,'EU Ref Scenario 2020'!$A$126:$AE$153,'Specified Annual Demand'!L$3,FALSE) -> 76.770026 | M13: =L13*VLOOKUP($B13,'EU Ref Scenario 2020'!$A$126:$AE$153,'Specified Annual Demand'!M$3,FALSE) -> 76.643021 | N13: =M13*VLOOKUP($B13,'EU Ref Scenario 2020'!$A$126:$AE$153,'Specified Annual Demand'!N$3,FALSE) -> 76.516017 | O13: =N13*VLOOKUP($B13,'EU Ref Scenario 2020'!$A$126:$AE$153,'Specified Annual Demand'!O$3,FALSE) -> 76.389012 | ... AJ13: =AI13*VLOOKUP($B13,'EU Ref Scenario 2020'!$A$126:$AE$153,'Specified Annual Demand'!AJ$3,FALSE) -> 75.038691 | AK13: =AJ13 -> 75.038691 | AL13: =AK13 -> 75.038691 | AM13: =AL13 -> 75.038691 | AN13: =AM13 -> 75.038691 | AO13: =AN13 -> 75.038691
A14: Space cooling | B14: =LEFT(C14,2) -> BG | C14: BGEUCL | D14: 3.5647225 | E14: 3.995856 | F14: 4.0498065 | G14: 5.2150729 | H14: =G14*VLOOKUP($B14,'EU Ref Scenario 2020'!$A$126:$AE$153,'Specified Annual Demand'!H$3,FALSE) -> 5.3053228 | I14: =H14*VLOOKUP($B14,'EU Ref Scenario 2020'!$A$126:$AE$153,'Specified Annual Demand'!I$3,FALSE) -> 5.3955726 | J14: =I14*VLOOKUP($B14,'EU Ref Scenario 2020'!$A$126:$AE$153,'Specified Annual Demand'!J$3,FALSE) -> 5.4858224 | K14: =J14*VLOOKUP($B14,'EU Ref Scenario 2020'!$A$126:$AE$153,'Specified Annual Demand'!K$3,FALSE) -> 5.5760723 | L14: =K14*VLOOKUP($B14,'EU Ref Scenario 2020'!$A$126:$AE$153,'Specified Annual Demand'!L$3,FALSE) -> 5.5668627 | M14: =L14*VLOOKUP($B14,'EU Ref Scenario 2020'!$A$126:$AE$153,'Specified Annual Demand'!M$3,FALSE) -> 5.5576532 | N14: =M14*VLOOKUP($B14,'EU Ref Scenario 2020'!$A$126:$AE$153,'Specified Annual Demand'!N$3,FALSE) -> 5.5484436 | O14: =N14*VLOOKUP($B14,'EU Ref Scenario 2020'!$A$126:$AE$153,'Specified Annual Demand'!O$3,FALSE) -> 5.5392341 | ... AJ14: =AI14*VLOOKUP($B14,'EU Ref Scenario 2020'!$A$126:$AE$153,'Specified Annual Demand'!AJ$3,FALSE) -> 5.4413176 | AK14: =AJ14 -> 5.4413176 | AL14: =AK14 -> 5.4413176 | AM14: =AL14 -> 5.4413176 | AN14: =AM14 -> 5.4413176 | AO14: =AN14 -> 5.4413176
A15: Cooking | B15: =LEFT(C15,2) -> BG | C15: BGEUCK | D15: 9.5462196 | E15: 9.5376599 | F15: 9.3595799 | G15: 10.178402 | H15: =G15*VLOOKUP($B15,'EU Ref Scenario 2020'!$A$126:$AE$153,'Specified Annual Demand'!H$3,FALSE) -> 10.354545 | I15: =H15*VLOOKUP($B15,'EU Ref Scenario 2020'!$A$126:$AE$153,'Specified Annual Demand'!I$3,FALSE) -> 10.530688 | J15: =I15*VLOOKUP($B15,'EU Ref Scenario 2020'!$A$126:$AE$153,'Specified Annual Demand'!J$3,FALSE) -> 10.706831 | K15: =J15*VLOOKUP($B15,'EU Ref Scenario 2020'!$A$126:$AE$153,'Specified Annual Demand'!K$3,FALSE) -> 10.882974 | L15: =K15*VLOOKUP($B15,'EU Ref Scenario 2020'!$A$126:$AE$153,'Specified Annual Demand'!L$3,FALSE) -> 10.865 | M15: =L15*VLOOKUP($B15,'EU Ref Scenario 2020'!$A$126:$AE$153,'Specified Annual Demand'!M$3,FALSE) -> 10.847025 | N15: =M15*VLOOKUP($B15,'EU Ref Scenario 2020'!$A$126:$AE$153,'Specified Annual Demand'!N$3,FALSE) -> 10.829051 | O15: =N15*VLOOKUP($B15,'EU Ref Scenario 2020'!$A$126:$AE$153,'Specified Annual Demand'!O$3,FALSE) -> 10.811076 | ... AJ15: =AI15*VLOOKUP($B15,'EU Ref Scenario 2020'!$A$126:$AE$153,'Specified Annual Demand'!AJ$3,FALSE) -> 10.61997 | AK15: =AJ15 -> 10.61997 | AL15: =AK15 -> 10.61997 | AM15: =AL15 -> 10.61997 | AN15: =AM15 -> 10.61997 | AO15: =AN15 -> 10.61997
A16: Useful energy for appliances | B16: =LEFT(C16,2) -> BG | C16: BGEUSE | D16: 35.450777 | E16: 34.803344 | F16: 33.306491 | G16: 35.688404 | H16: =G16*VLOOKUP($B16,'EU Ref Scenario 2020'!$A$126:$AE$153,'Specified Annual Demand'!H$3,FALSE) -> 36.306012 | I16: =H16*VLOOKUP($B16,'EU Ref Scenario 2020'!$A$126:$AE$153,'Specified Annual Demand'!I$3,FALSE) -> 36.92362 | J16: =I16*VLOOKUP($B16,'EU Ref Scenario 2020'!$A$126:$AE$153,'Specified Annual Demand'!J$3,FALSE) -> 37.541229 | K16: =J16*VLOOKUP($B16,'EU Ref Scenario 2020'!$A$126:$AE$153,'Specified Annual Demand'!K$3,FALSE) -> 38.158837 | L16: =K16*VLOOKUP($B16,'EU Ref Scenario 2020'!$A$126:$AE$153,'Specified Annual Demand'!L$3,FALSE) -> 38.095813 | M16: =L16*VLOOKUP($B16,'EU Ref Scenario 2020'!$A$126:$AE$153,'Specified Annual Demand'!M$3,FALSE) -> 38.032789 | N16: =M16*VLOOKUP($B16,'EU Ref Scenario 2020'!$A$126:$AE$153,'Specified Annual Demand'!N$3,FALSE) -> 37.969766 | O16: =N16*VLOOKUP($B16,'EU Ref Scenario 2020'!$A$126:$AE$153,'Specified Annual Demand'!O$3,FALSE) -> 37.906742 | ... AJ16: =AI16*VLOOKUP($B16,'EU Ref Scenario 2020'!$A$126:$AE$153,'Specified Annual Demand'!AJ$3,FALSE) -> 37.236668 | AK16: =AJ16 -> 37.236668 | AL16: =AK16 -> 37.236668 | AM16: =AL16 -> 37.236668 | AN16: =AM16 -> 37.236668 | AO16: =AN16 -> 37.236668
... A112: Useful energy for appliances | B112: =LEFT(C112,2) -> SK | C112: SKEUSE | D112: 22.159862 | E112: 22.083561 | F112: 22.449473 | G112: 22.537091 | H112: =G112*VLOOKUP($B112,'EU Ref Scenario 2020'!$A$126:$AE$153,'Specified Annual Demand'!H$3,FALSE) -> 22.750031 | I112: =H112*VLOOKUP($B112,'EU Ref Scenario 2020'!$A$126:$AE$153,'Specified Annual Demand'!I$3,FALSE) -> 22.962971 | J112: =I112*VLOOKUP($B112,'EU Ref Scenario 2020'!$A$126:$AE$153,'Specified Annual Demand'!J$3,FALSE) -> 23.175911 | K112: =J112*VLOOKUP($B112,'EU Ref Scenario 2020'!$A$126:$AE$153,'Specified Annual Demand'!K$3,FALSE) -> 23.38885 | L112: =K112*VLOOKUP($B112,'EU Ref Scenario 2020'!$A$126:$AE$153,'Specified Annual Demand'!L$3,FALSE) -> 23.458911 | M112: =L112*VLOOKUP($B112,'EU Ref Scenario 2020'!$A$126:$AE$153,'Specified Annual Demand'!M$3,FALSE) -> 23.528972 | N112: =M112*VLOOKUP($B112,'EU Ref Scenario 2020'!$A$126:$AE$153,'Specified Annual Demand'!N$3,FALSE) -> 23.599032 | O112: =N112*VLOOKUP($B112,'EU Ref Scenario 2020'!$A$126:$AE$153,'Specified Annual Demand'!O$3,FALSE) -> 23.669093 | ... AJ112: =AI112*VLOOKUP($B112,'EU Ref Scenario 2020'!$A$126:$AE$153,'Specified Annual Demand'!AJ$3,FALSE) -> 24.510356 | AK112: =AJ112 -> 24.510356 | AL112: =AK112 -> 24.510356 | AM112: =AL112 -> 24.510356 | AN112: =AM112 -> 24.510356 | AO112: =AN112 -> 24.510356

Sheet EU Ref Scenario 2020
A1: ktoe | C1: 2020 | D1: 2021 | E1: 2022 | F1: 2023 | G1: 2024 | H1: 2025 | I1: 2026 | J1: 2027 | K1: 2028 | L1: 2029 | M1: 2030 | N1: 2031 | O1: 2032 | P1: 2033 | Q1: 2034 | R1: 2035 | S1: 2036 | T1: 2037 | U1: 2038 | V1: 2039 | W1: 2040 | X1: 2041 | Y1: 2042 | Z1: 2043 | AA1: 2044 | AB1: 2045 | AC1: 2046 | AD1: 2047 | AE1: 2048 | AF1: 2049 | AG1: 2050
A2: EU | B2: Residential | C2: 251101.35 | D2: =C2+(($H2-$C2)/5) -> 247863.39 | E2: =D2+(($H2-$C2)/5) -> 244625.42 | F2: =E2+(($H2-$C2)/5) -> 241387.46 | G2: =F2+(($H2-$C2)/5) -> 238149.5 | H2: 234911.53 | I2: =H2+(($M2-$H2)/5) -> 232606.71 | J2: =I2+(($M2-$H2)/5) -> 230301.9 | K2: =J2+(($M2-$H2)/5) -> 227997.08 | L2: =K2+(($M2-$H2)/5) -> 225692.26 | M2: 223387.45 | N2: =M2+(($R2-$M2)/5) -> 222202.33 | O2: =N2+(($R2-$M2)/5) -> 221017.22 | P2: =O2+(($R2-$M2)/5) -> 219832.1 | Q2: =P2+(($R2-$M2)/5) -> 218646.99 | R2: 217461.87 | S2: =R2+(($W2-$R2)/5) -> 216295.59 | T2: =S2+(($W2-$R2)/5) -> 215129.3 | U2: =T2+(($W2-$R2)/5) -> 213963.01 | V2: =U2+(($W2-$R2)/5) -> 212796.73 | W2: 211630.44 | X2: =W2+(($AB2-$W2)/5) -> 210637.83 | Y2: =X2+(($AB2-$W2)/5) -> 209645.21 | Z2: =Y2+(($AB2-$W2)/5) -> 208652.59 | AA2: =Z2+(($AB2-$W2)/5) -> 207659.97 | AB2: 206667.36 | AC2: =AB2+(($AG2-$AB2)/5) -> 205710.29 | AD2: =AC2+(($AG2-$AB2)/5) -> 204753.22 | AE2: =AD2+(($AG2-$AB2)/5) -> 203796.15 | AF2: =AE2+(($AG2-$AB2)/5) -> 202839.09 | AG2: 201882.02
A3: EU | B3: Tertiary (8) | C3: 140269.32 | D3: =C3+(($H3-$C3)/5) -> 143973.19 | E3: =D3+(($H3-$C3)/5) -> 147677.06 | F3: =E3+(($H3-$C3)/5) -> 151380.94 | G3: =F3+(($H3-$C3)/5) -> 155084.81 | H3: 158788.68 | I3: =H3+(($M3-$H3)/5) -> 157576.51 | J3: =I3+(($M3-$H3)/5) -> 156364.33 | K3: =J3+(($M3-$H3)/5) -> 155152.16 | L3: =K3+(($M3-$H3)/5) -> 153939.98 | M3: 152727.8 | N3: =M3+(($R3-$M3)/5) -> 152832.41 | O3: =N3+(($R3-$M3)/5) -> 152937.01 | P3: =O3+(($R3-$M3)/5) -> 153041.62 | Q3: =P3+(($R3-$M3)/5) -> 153146.22 | R3: 153250.83 | S3: =R3+(($W3-$R3)/5) -> 153003.18 | T3: =S3+(($W3-$R3)/5) -> 152755.53 | U3: =T3+(($W3-$R3)/5) -> 152507.88 | V3: =U3+(($W3-$R3)/5) -> 152260.24 | W3: 152012.59 | X3: =W3+(($AB3-$W3)/5) -> 151802.59 | Y3: =X3+(($AB3-$W3)/5) -> 151592.59 | Z3: =Y3+(($AB3-$W3)/5) -> 151382.6 | AA3: =Z3+(($AB3-$W3)/5) -> 151172.6 | AB3: 150962.6 | AC3: =AB3+(($AG3-$AB3)/5) -> 150908.53 | AD3: =AC3+(($AG3-$AB3)/5) -> 150854.47 | AE3: =AD3+(($AG3-$AB3)/5) -> 150800.4 | AF3: =AE3+(($AG3-$AB3)/5) -> 150746.34 | AG3: 150692.27
A4: =A3 -> EU | B4: Buildings Total | C4: =SUM(C2:C3) -> 391370.67 | D4: =C4+(($H4-$C4)/5) -> 391836.58 | E4: =D4+(($H4-$C4)/5) -> 392302.49 | F4: =E4+(($H4-$C4)/5) -> 392768.4 | G4: =F4+(($H4-$C4)/5) -> 393234.31 | H4: =SUM(H2:H3) -> 393700.22 | I4: =H4+(($M4-$H4)/5) -> 390183.22 | J4: =I4+(($M4-$H4)/5) -> 386666.23 | K4: =J4+(($M4-$H4)/5) -> 383149.24 | L4: =K4+(($M4-$H4)/5) -> 379632.24 | M4: =SUM(M2:M3) -> 376115.25 | N4: =M4+(($R4-$M4)/5) -> 375034.74 | O4: =N4+(($R4-$M4)/5) -> 373954.23 | P4: =O4+(($R4-$M4)/5) -> 372873.72 | Q4: =P4+(($R4-$M4)/5) -> 371793.21 | R4: =SUM(R2:R3) -> 370712.7 | S4: =R4+(($W4-$R4)/5) -> 369298.76 | T4: =S4+(($W4-$R4)/5) -> 367884.83 | U4: =T4+(($W4-$R4)/5) -> 366470.9 | V4: =U4+(($W4-$R4)/5) -> 365056.97 | W4: =SUM(W2:W3) -> 363643.03 | X4: =W4+(($AB4-$W4)/5) -> 362440.42 | Y4: =X4+(($AB4-$W4)/5) -> 361237.8 | Z4: =Y4+(($AB4-$W4)/5) -> 360035.19 | AA4: =Z4+(($AB4-$W4)/5) -> 358832.57 | AB4: =SUM(AB2:AB3) -> 357629.96 | AC4: =AB4+(($AG4-$AB4)/5) -> 356618.83 | AD4: =AC4+(($AG4-$AB4)/5) -> 355607.69 | AE4: =AD4+(($AG4-$AB4)/5) -> 354596.56 | AF4: =AE4+(($AG4-$AB4)/5) -> 353585.42 | AG4: =SUM(AG2:AG3) -> 352574.29
A5: AT | B5: Residential | C5: 6815.4933 | D5: =C5+(($H5-$C5)/5) -> 6755.7051 | E5: =D5+(($H5-$C5)/5) -> 6695.9169 | F5: =E5+(($H5-$C5)/5) -> 6636.1286 | G5: =F5+(($H5-$C5)/5) -> 6576.3404 | H5: 6516.5522 | I5: =H5+(($M5-$H5)/5) -> 6480.7071 | J5: =I5+(($M5-$H5)/5) -> 6444.862 | K5: =J5+(($M5-$H5)/5) -> 6409.0169 | L5: =K5+(($M5-$H5)/5) -> 6373.1717 | M5: 6337.3266 | N5: =M5+(($R5-$M5)/5) -> 6339.1376 | O5: =N5+(($R5-$M5)/5) -> 6340.9486 | P5: =O5+(($R5-$M5)/5) -> 6342.7596 | Q5: =P5+(($R5-$M5)/5) -> 6344.5706 | R5: 6346.3817 | S5: =R5+(($W5-$R5)/5) -> 6338.7037 | T5: =S5+(($W5-$R5)/5) -> 6331.0257 | U5: =T5+(($W5-$R5)/5) -> 6323.3477 | V5: =U5+(($W5-$R5)/5) -> 6315.6697 | W5: 6307.9917 | X5: =W5+(($AB5-$W5)/5) -> 6313.3931 | Y5: =X5+(($AB5-$W5)/5) -> 6318.7945 | Z5: =Y5+(($AB5-$W5)/5) -> 6324.1958 | AA5: =Z5+(($AB5-$W5)/5) -> 6329.5972 | AB5: 6334.9986 | AC5: =AB5+(($AG5-$AB5)/5) -> 6335.9625 | AD5: =AC5+(($AG5-$AB5)/5) -> 6336.9264 | AE5: =AD5+(($AG5-$AB5)/5) -> 6337.8904 | AF5: =AE5+(($AG5-$AB5)/5) -> 6338.8543 | AG5: 6339.8183
A6: AT | B6: Tertiary (8) | C6: 2887.9617 | D6: =C6+(($H6-$C6)/5) -> 2873.0514 | E6: =D6+(($H6-$C6)/5) -> 2858.141 | F6: =E6+(($H6-$C6)/5) -> 2843.2307 | G6: =F6+(($H6-$C6)/5) -> 2828.3203 | H6: 2813.41 | I6: =H6+(($M6-$H6)/5) -> 2774.9281 | J6: =I6+(($M6-$H6)/5) -> 2736.4462 | K6: =J6+(($M6-$H6)/5) -> 2697.9643 | L6: =K6+(($M6-$H6)/5) -> 2659.4824 | M6: 2621.0005 | N6: =M6+(($R6-$M6)/5) -> 2629.5932 | O6: =N6+(($R6-$M6)/5) -> 2638.1858 | P6: =O6+(($R6-$M6)/5) -> 2646.7785 | Q6: =P6+(($R6-$M6)/5) -> 2655.3712 | R6: 2663.9638 | S6: =R6+(($W6-$R6)/5) -> 2664.1827 | T6: =S6+(($W6-$R6)/5) -> 2664.4016 | U6: =T6+(($W6-$R6)/5) -> 2664.6205 | V6: =U6+(($W6-$R6)/5) -> 2664.8394 | W6: 2665.0583 | X6: =W6+(($AB6-$W6)/5) -> 2661.8383 | Y6: =X6+(($AB6-$W6)/5) -> 2658.6182 | Z6: =Y6+(($AB6-$W6)/5) -> 2655.3982 | AA6: =Z6+(($AB6-$W6)/5) -> 2652.1782 | AB6: 2648.9582 | AC6: =AB6+(($AG6-$AB6)/5) -> 2643.506 | AD6: =AC6+(($AG6-$AB6)/5) -> 2638.0538 | AE6: =AD6+(($AG6-$AB6)/5) -> 2632.6016 | AF6: =AE6+(($AG6-$AB6)/5) -> 2627.1494 | AG6: 2621.6972
A7: =A6 -> AT | B7: Buildings Total | C7: =SUM(C5:C6) -> 9703.455 | D7: =C7+(($H7-$C7)/5) -> 9628.7564 | E7: =D7+(($H7-$C7)/5) -> 9554.0579 | F7: =E7+(($H7-$C7)/5) -> 9479.3593 | G7: =F7+(($H7-$C7)/5) -> 9404.6608 | H7: =SUM(H5:H6) -> 9329.9622 | I7: =H7+(($M7-$H7)/5) -> 9255.6352 | J7: =I7+(($M7-$H7)/5) -> 9181.3082 | K7: =J7+(($M7-$H7)/5) -> 9106.9811 | L7: =K7+(($M7-$H7)/5) -> 9032.6541 | M7: =SUM(M5:M6) -> 8958.3271 | N7: =M7+(($R7-$M7)/5) -> 8968.7308 | O7: =N7+(($R7-$M7)/5) -> 8979.1345 | P7: =O7+(($R7-$M7)/5) -> 8989.5381 | Q7: =P7+(($R7-$M7)/5) -> 8999.9418 | R7: =SUM(R5:R6) -> 9010.3455 | S7: =R7+(($W7-$R7)/5) -> 9002.8864 | T7: =S7+(($W7-$R7)/5) -> 8995.4273 | U7: =T7+(($W7-$R7)/5) -> 8987.9682 | V7: =U7+(($W7-$R7)/5) -> 8980.5091 | W7: =SUM(W5:W6) -> 8973.05 | X7: =W7+(($AB7-$W7)/5) -> 8975.2314 | Y7: =X7+(($AB7-$W7)/5) -> 8977.4127 | Z7: =Y7+(($AB7-$W7)/5) -> 8979.5941 | AA7: =Z7+(($AB7-$W7)/5) -> 8981.7754 | AB7: =SUM(AB5:AB6) -> 8983.9568 | AC7: =AB7+(($AG7-$AB7)/5) -> 8979.4685 | AD7: =AC7+(($AG7-$AB7)/5) -> 8974.9802 | AE7: =AD7+(($AG7-$AB7)/5) -> 8970.492 | AF7: =AE7+(($AG7-$AB7)/5) -> 8966.0037 | AG7: =SUM(AG5:AG6) -> 8961.5155
A8: BE | B8: Residential | C8: 8058.775 | D8: =C8+(($H8-$C8)/5) -> 7994.0359 | E8: =D8+(($H8-$C8)/5) -> 7929.2967 | F8: =E8+(($H8-$C8)/5) -> 7864.5576 | G8: =F8+(($H8-$C8)/5) -> 7799.8184 | H8: 7735.0793 | I8: =H8+(($M8-$H8)/5) -> 7607.2467 | J8: =I8+(($M8-$H8)/5) -> 7479.4142 | K8: =J8+(($M8-$H8)/5) -> 7351.5816 | L8: =K8+(($M8-$H8)/5) -> 7223.749 | M8: 7095.9165 | N8: =M8+(($R8-$M8)/5) -> 6986.2644 | O8: =N8+(($R8-$M8)/5) -> 6876.6123 | P8: =O8+(($R8-$M8)/5) -> 6766.9602 | Q8: =P8+(($R8-$M8)/5) -> 6657.3082 | R8: 6547.6561 | S8: =R8+(($W8-$R8)/5) -> 6509.8184 | T8: =S8+(($W8-$R8)/5) -> 6471.9806 | U8: =T8+(($W8-$R8)/5) -> 6434.1429 | V8: =U8+(($W8-$R8)/5) -> 6396.3052 | W8: 6358.4675 | X8: =W8+(($AB8-$W8)/5) -> 6333.8246 | Y8: =X8+(($AB8-$W8)/5) -> 6309.1818 | Z8: =Y8+(($AB8-$W8)/5) -> 6284.539 | AA8: =Z8+(($AB8-$W8)/5) -> 6259.8962 | AB8: 6235.2533 | AC8: =AB8+(($AG8-$AB8)/5) -> 6211.3851 | AD8: =AC8+(($AG8-$AB8)/5) -> 6187.5169 | AE8: =AD8+(($AG8-$AB8)/5) -> 6163.6487 | AF8: =AE8+(($AG8-$AB8)/5) -> 6139.7805 | AG8: 6115.9123
A9: BE | B9: Tertiary (8) | C9: 4641.4945 | D9: =C9+(($H9-$C9)/5) -> 4730.6504 | E9: =D9+(($H9-$C9)/5) -> 4819.8064 | F9: =E9+(($H9-$C9)/5) -> 4908.9624 | G9: =F9+(($H9-$C9)/5) -> 4998.1183 | H9: 5087.2743 | I9: =H9+(($M9-$H9)/5) -> 5050.5206 | J9: =I9+(($M9-$H9)/5) -> 5013.767 | K9: =J9+(($M9-$H9)/5) -> 4977.0133 | L9: =K9+(($M9-$H9)/5) -> 4940.2597 | M9: 4903.506 | N9: =M9+(($R9-$M9)/5) -> 4970.333 | O9: =N9+(($R9-$M9)/5) -> 5037.1599 | P9: =O9+(($R9-$M9)/5) -> 5103.9869 | Q9: =P9+(($R9-$M9)/5) -> 5170.8138 | R9: 5237.6408 | S9: =R9+(($W9-$R9)/5) -> 5254.0956 | T9: =S9+(($W9-$R9)/5) -> 5270.5505 | U9: =T9+(($W9-$R9)/5) -> 5287.0054 | V9: =U9+(($W9-$R9)/5) -> 5303.4603 | W9: 5319.9151 | X9: =W9+(($AB9-$W9)/5) -> 5333.4538 | Y9: =X9+(($AB9-$W9)/5) -> 5346.9924 | Z9: =Y9+(($AB9-$W9)/5) -> 5360.5311 | AA9: =Z9+(($AB9-$W9)/5) -> 5374.0698 | AB9: 5387.6084 | AC9: =AB9+(($AG9-$AB9)/5) -> 5376.5266 | AD9: =AC9+(($AG9-$AB9)/5) -> 5365.4448 | AE9: =AD9+(($AG9-$AB9)/5) -> 5354.3631 | AF9: =AE9+(($AG9-$AB9)/5) -> 5343.2813 | AG9: 5332.1995
A10: =A9 -> BE | B10: Buildings Total | C10: =SUM(C8:C9) -> 12700.27 | D10: =C10+(($H10-$C10)/5) -> 12724.686 | E10: =D10+(($H10-$C10)/5) -> 12749.103 | F10: =E10+(($H10-$C10)/5) -> 12773.52 | G10: =F10+(($H10-$C10)/5) -> 12797.937 | H10: =SUM(H8:H9) -> 12822.354 | I10: =H10+(($M10-$H10)/5) -> 12657.767 | J10: =I10+(($M10-$H10)/5) -> 12493.181 | K10: =J10+(($M10-$H10)/5) -> 12328.595 | L10: =K10+(($M10-$H10)/5) -> 12164.009 | M10: =SUM(M8:M9) -> 11999.423 | N10: =M10+(($R10-$M10)/5) -> 11956.597 | O10: =N10+(($R10-$M10)/5) -> 11913.772 | P10: =O10+(($R10-$M10)/5) -> 11870.947 | Q10: =P10+(($R10-$M10)/5) -> 11828.122 | R10: =SUM(R8:R9) -> 11785.297 | S10: =R10+(($W10-$R10)/5) -> 11763.914 | T10: =S10+(($W10-$R10)/5) -> 11742.531 | U10: =T10+(($W10-$R10)/5) -> 11721.148 | V10: =U10+(($W10-$R10)/5) -> 11699.765 | W10: =SUM(W8:W9) -> 11678.383 | X10: =W10+(($AB10-$W10)/5) -> 11667.278 | Y10: =X10+(($AB10-$W10)/5) -> 11656.174 | Z10: =Y10+(($AB10-$W10)/5) -> 11645.07 | AA10: =Z10+(($AB10-$W10)/5) -> 11633.966 | AB10: =SUM(AB8:AB9) -> 11622.862 | AC10: =AB10+(($AG10-$AB10)/5) -> 11587.912 | AD10: =AC10+(($AG10-$AB10)/5) -> 11552.962 | AE10: =AD10+(($AG10-$AB10)/5) -> 11518.012 | AF10: =AE10+(($AG10-$AB10)/5) -> 11483.062 | AG10: =SUM(AG8:AG9) -> 11448.112
A11: BG | B11: Residential | C11: 2185.9519 | D11: =C11+(($H11-$C11)/5) -> 2206.3303 | E11: =D11+(($H11-$C11)/5) -> 2226.7087 | F11: =E11+(($H11-$C11)/5) -> 2247.0871 | G11: =F11+(($H11-$C11)/5) -> 2267.4655 | H11: 2287.8438 | I11: =H11+(($M11-$H11)/5) -> 2294.6227 | J11: =I11+(($M11-$H11)/5) -> 2301.4016 | K11: =J11+(($M11-$H11)/5) -> 2308.1805 | L11: =K11+(($M11-$H11)/5) -> 2314.9595 | M11: 2321.7384 | N11: =M11+(($R11-$M11)/5) -> 2328.8192 | O11: =N11+(($R11-$M11)/5) -> 2335.9001 | P11: =O11+(($R11-$M11)/5) -> 2342.981 | Q11: =P11+(($R11-$M11)/5) -> 2350.0619 | R11: 2357.1428 | S11: =R11+(($W11-$R11)/5) -> 2358.9932 | T11: =S11+(($W11-$R11)/5) -> 2360.8437 | U11: =T11+(($W11-$R11)/5) -> 2362.6941 | V11: =U11+(($W11-$R11)/5) -> 2364.5445 | W11: 2366.395 | X11: =W11+(($AB11-$W11)/5) -> 2366.5731 | Y11: =X11+(($AB11-$W11)/5) -> 2366.7512 | Z11: =Y11+(($AB11-$W11)/5) -> 2366.9293 | AA11: =Z11+(($AB11-$W11)/5) -> 2367.1074 | AB11: 2367.2856 | AC11: =AB11+(($AG11-$AB11)/5) -> 2362.8297 | AD11: =AC11+(($AG11-$AB11)/5) -> 2358.3739 | AE11: =AD11+(($AG11-$AB11)/5) -> 2353.918 | AF11: =AE11+(($AG11-$AB11)/5) -> 2349.4622 | AG11: 2345.0063
A12: BG | B12: Tertiary (8) | C12: 1228.0164 | D12: =C12+(($H12-$C12)/5) -> 1267.7592 | E12: =D12+(($H12-$C12)/5) -> 1307.5019 | F12: =E12+(($H12-$C12)/5) -> 1347.2446 | G12: =F12+(($H12-$C12)/5) -> 1386.9874 | H12: 1426.7301 | I12: =H12+(($M12-$H12)/5) -> 1413.8162 | J12: =I12+(($M12-$H12)/5) -> 1400.9022 | K12: =J12+(($M12-$H12)/5) -> 1387.9882 | L12: =K12+(($M12-$H12)/5) -> 1375.0743 | M12: 1362.1603 | N12: =M12+(($R12-$M12)/5) -> 1361.6194 | O12: =N12+(($R12-$M12)/5) -> 1361.0785 | P12: =O12+(($R12-$M12)/5) -> 1360.5376 | Q12: =P12+(($R12-$M12)/5) -> 1359.9967 | R12: 1359.4558 | S12: =R12+(($W12-$R12)/5) -> 1350.0761 | T12: =S12+(($W12-$R12)/5) -> 1340.6963 | U12: =T12+(($W12-$R12)/5) -> 1331.3165 | V12: =U12+(($W12-$R12)/5) -> 1321.9367 | W12: 1312.557 | X12: =W12+(($AB12-$W12)/5) -> 1308.5852 | Y12: =X12+(($AB12-$W12)/5) -> 1304.6135 | Z12: =Y12+(($AB12-$W12)/5) -> 1300.6418 | AA12: =Z12+(($AB12-$W12)/5) -> 1296.67 | AB12: 1292.6983 | AC12: =AB12+(($AG12-$AB12)/5) -> 1290.1184 | AD12: =AC12+(($AG12-$AB12)/5) -> 1287.5386 | AE12: =AD12+(($AG12-$AB12)/5) -> 1284.9587 | AF12: =AE12+(($AG12-$AB12)/5) -> 1282.3789 | AG12: 1279.799
A13: =A12 -> BG | B13: Buildings Total | C13: =SUM(C11:C12) -> 3413.9684 | D13: =C13+(($H13-$C13)/5) -> 3474.0895 | E13: =D13+(($H13-$C13)/5) -> 3534.2106 | F13: =E13+(($H13-$C13)/5) -> 3594.3317 | G13: =F13+(($H13-$C13)/5) -> 3654.4528 | H13: =SUM(H11:H12) -> 3714.574 | I13: =H13+(($M13-$H13)/5) -> 3708.4389 | J13: =I13+(($M13-$H13)/5) -> 3702.3038 | K13: =J13+(($M13-$H13)/5) -> 3696.1688 | L13: =K13+(($M13-$H13)/5) -> 3690.0337 | M13: =SUM(M11:M12) -> 3683.8987 | N13: =M13+(($R13-$M13)/5) -> 3690.4387 | O13: =N13+(($R13-$M13)/5) -> 3696.9787 | P13: =O13+(($R13-$M13)/5) -> 3703.5186 | Q13: =P13+(($R13-$M13)/5) -> 3710.0586 | R13: =SUM(R11:R12) -> 3716.5986 | S13: =R13+(($W13-$R13)/5) -> 3709.0693 | T13: =S13+(($W13-$R13)/5) -> 3701.5399 | U13: =T13+(($W13-$R13)/5) -> 3694.0106 | V13: =U13+(($W13-$R13)/5) -> 3686.4813 | W13: =SUM(W11:W12) -> 3678.9519 | X13: =W13+(($AB13-$W13)/5) -> 3675.1583 | Y13: =X13+(($AB13-$W13)/5) -> 3671.3647 | Z13: =Y13+(($AB13-$W13)/5) -> 3667.5711 | AA13: =Z13+(($AB13-$W13)/5) -> 3663.7775 | AB13: =SUM(AB11:AB12) -> 3659.9838 | AC13: =AB13+(($AG13-$AB13)/5) -> 3652.9481 | AD13: =AC13+(($AG13-$AB13)/5) -> 3645.9125 | AE13: =AD13+(($AG13-$AB13)/5) -> 3638.8768 | AF13: =AE13+(($AG13-$AB13)/5) -> 3631.8411 | AG13: =SUM(AG11:AG12) -> 3624.8054
A14: CY | B14: Residential | C14: 367.45547 | D14: =C14+(($H14-$C14)/5) -> 380.77473 | E14: =D14+(($H14-$C14)/5) -> 394.09399 | F14: =E14+(($H14-$C14)/5) -> 407.41325 | G14: =F14+(($H14-$C14)/5) -> 420.73251 | H14: 434.05177 | I14: =H14+(($M14-$H14)/5) -> 442.11908 | J14: =I14+(($M14-$H14)/5) -> 450.18639 | K14: =J14+(($M14-$H14)/5) -> 458.25371 | L14: =K14+(($M14-$H14)/5) -> 466.32102 | M14: 474.38833 | N14: =M14+(($R14-$M14)/5) -> 478.03928 | O14: =N14+(($R14-$M14)/5) -> 481.69023 | P14: =O14+(($R14-$M14)/5) -> 485.34118 | Q14: =P14+(($R14-$M14)/5) -> 488.99212 | R14: 492.64307 | S14: =R14+(($W14-$R14)/5) -> 492.42497 | T14: =S14+(($W14-$R14)/5) -> 492.20687 | U14: =T14+(($W14-$R14)/5) -> 491.98877 | V14: =U14+(($W14-$R14)/5) -> 491.77067 | W14: 491.55257 | X14: =W14+(($AB14-$W14)/5) -> 493.51253 | Y14: =X14+(($AB14-$W14)/5) -> 495.47249 | Z14: =Y14+(($AB14-$W14)/5) -> 497.43246 | AA14: =Z14+(($AB14-$W14)/5) -> 499.39242 | AB14: 501.35239 | AC14: =AB14+(($AG14-$AB14)/5) -> 505.43988 | AD14: =AC14+(($AG14-$AB14)/5) -> 509.52737 | AE14: =AD14+(($AG14-$AB14)/5) -> 513.61487 | AF14: =AE14+(($AG14-$AB14)/5) -> 517.70236 | AG14: 521.78985
A15: CY | B15: Tertiary (8) | C15: 294.68605 | D15: =C15+(($H15-$C15)/5) -> 312.5934 | E15: =D15+(($H15-$C15)/5) -> 330.50075 | F15: =E15+(($H15-$C15)/5) -> 348.4081 | G15: =F15+(($H15-$C15)/5) -> 366.31544 | H15: 384.22279 | I15: =H15+(($M15-$H15)/5) -> 388.47259 | J15: =I15+(($M15-$H15)/5) -> 392.72239 | K15: =J15+(($M15-$H15)/5) -> 396.97219 | L15: =K15+(($M15-$H15)/5) -> 401.22199 | M15: 405.47179 | N15: =M15+(($R15-$M15)/5) -> 410.46641 | O15: =N15+(($R15-$M15)/5) -> 415.46104 | P15: =O15+(($R15-$M15)/5) -> 420.45567 | Q15: =P15+(($R15-$M15)/5) -> 425.4503 | R15: 430.44493 | S15: =R15+(($W15-$R15)/5) -> 432.50883 | T15: =S15+(($W15-$R15)/5) -> 434.57274 | U15: =T15+(($W15-$R15)/5) -> 436.63664 | V15: =U15+(($W15-$R15)/5) -> 438.70055 | W15: 440.76445 | X15: =W15+(($AB15-$W15)/5) -> 439.79414 | Y15: =X15+(($AB15-$W15)/5) -> 438.82384 | Z15: =Y15+(($AB15-$W15)/5) -> 437.85353 | AA15: =Z15+(($AB15-$W15)/5) -> 436.88323 | AB15: 435.91292 | AC15: =AB15+(($AG15-$AB15)/5) -> 434.13308 | AD15: =AC15+(($AG15-$AB15)/5) -> 432.35324 | AE15: =AD15+(($AG15-$AB15)/5) -> 430.5734 | AF15: =AE15+(($AG15-$AB15)/5) -> 428.79356 | AG15: 427.01372
A16: =A15 -> CY | B16: Buildings Total | C16: =SUM(C14:C15) -> 662.14152 | D16: =C16+(($H16-$C16)/5) -> 693.36813 | E16: =D16+(($H16-$C16)/5) -> 724.59473 | F16: =E16+(($H16-$C16)/5) -> 755.82134 | G16: =F16+(($H16-$C16)/5) -> 787.04795 | H16: =SUM(H14:H15) -> 818.27456 | I16: =H16+(($M16-$H16)/5) -> 830.59167 | J16: =I16+(($M16-$H16)/5) -> 842.90878 | K16: =J16+(($M16-$H16)/5) -> 855.2259 | L16: =K16+(($M16-$H16)/5) -> 867.54301 | M16: =SUM(M14:M15) -> 879.86012 | N16: =M16+(($R16-$M16)/5) -> 888.5057 | O16: =N16+(($R16-$M16)/5) -> 897.15127 | P16: =O16+(($R16-$M16)/5) -> 905.79685 | Q16: =P16+(($R16-$M16)/5) -> 914.44242 | R16: =SUM(R14:R15) -> 923.088 | S16: =R16+(($W16-$R16)/5) -> 924.9338 | T16: =S16+(($W16-$R16)/5) -> 926.7796 | U16: =T16+(($W16-$R16)/5) -> 928.62541 | V16: =U16+(($W16-$R16)/5) -> 930.47121 | W16: =SUM(W14:W15) -> 932.31701 | X16: =W16+(($AB16-$W16)/5) -> 933.30667 | Y16: =X16+(($AB16-$W16)/5) -> 934.29633 | Z16: =Y16+(($AB16-$W16)/5) -> 935.28599 | AA16: =Z16+(($AB16-$W16)/5) -> 936.27565 | AB16: =SUM(AB14:AB15) -> 937.26531 | AC16: =AB16+(($AG16-$AB16)/5) -> 939.57297 | AD16: =AC16+(($AG16-$AB16)/5) -> 941.88062 | AE16: =AD16+(($AG16-$AB16)/5) -> 944.18827 | AF16: =AE16+(($AG16-$AB16)/5) -> 946.49592 | AG16: =SUM(AG14:AG15) -> 948.80358
A17: CZ | B17: Residential | C17: 7041.5527 | D17: =C17+(($H17-$C17)/5) -> 7003.4097 | E17: =D17+(($H17-$C17)/5) -> 6965.2667 | F17: =E17+(($H17-$C17)/5) -> 6927.1238 | G17: =F17+(($H17-$C17)/5) -> 6888.9808 | H17: 6850.8378 | I17: =H17+(($M17-$H17)/5) -> 6784.6595 | J17: =I17+(($M17-$H17)/5) -> 6718.4812 | K17: =J17+(($M17-$H17)/5) -> 6652.3029 | L17: =K17+(($M17-$H17)/5) -> 6586.1246 | M17: 6519.9463 | N17: =M17+(($R17-$M17)/5) -> 6489.1471 | O17: =N17+(($R17-$M17)/5) -> 6458.3479 | P17: =O17+(($R17-$M17)/5) -> 6427.5487 | Q17: =P17+(($R17-$M17)/5) -> 6396.7495 | R17: 6365.9503 | S17: =R17+(($W17-$R17)/5) -> 6332.2588 | T17: =S17+(($W17-$R17)/5) -> 6298.5673 | U17: =T17+(($W17-$R17)/5) -> 6264.8758 | V17: =U17+(($W17-$R17)/5) -> 6231.1843 | W17: 6197.4928 | X17: =W17+(($AB17-$W17)/5) -> 6170.8701 | Y17: =X17+(($AB17-$W17)/5) -> 6144.2474 | Z17: =Y17+(($AB17-$W17)/5) -> 6117.6247 | AA17: =Z17+(($AB17-$W17)/5) -> 6091.002 | AB17: 6064.3793 | AC17: =AB17+(($AG17-$AB17)/5) -> 6048.5612 | AD17: =AC17+(($AG17-$AB17)/5) -> 6032.743 | AE17: =AD17+(($AG17-$AB17)/5) -> 6016.9249 | AF17: =AE17+(($AG17-$AB17)/5) -> 6001.1067 | AG17: 5985.2886
A18: CZ | B18: Tertiary (8) | C18: 3317.2268 | D18: =C18+(($H18-$C18)/5) -> 3421.3773 | E18: =D18+(($H18-$C18)/5) -> 3525.5278 | F18: =E18+(($H18-$C18)/5) -> 3629.6783 | G18: =F18+(($H18-$C18)/5) -> 3733.8288 | H18: 3837.9793 | I18: =H18+(($M18-$H18)/5) -> 3796.8602 | J18: =I18+(($M18-$H18)/5) -> 3755.741 | K18: =J18+(($M18-$H18)/5) -> 3714.6218 | L18: =K18+(($M18-$H18)/5) -> 3673.5027 | M18: 3632.3835 | N18: =M18+(($R18-$M18)/5) -> 3641.9601 | O18: =N18+(($R18-$M18)/5) -> 3651.5367 | P18: =O18+(($R18-$M18)/5) -> 3661.1134 | Q18: =P18+(($R18-$M18)/5) -> 3670.69 | R18: 3680.2666 | S18: =R18+(($W18-$R18)/5) -> 3680.893 | T18: =S18+(($W18-$R18)/5) -> 3681.5194 | U18: =T18+(($W18-$R18)/5) -> 3682.1458 | V18: =U18+(($W18-$R18)/5) -> 3682.7722 | W18: 3683.3986 | X18: =W18+(($AB18-$W18)/5) -> 3680.8807 | Y18: =X18+(($AB18-$W18)/5) -> 3678.3628 | Z18: =Y18+(($AB18-$W18)/5) -> 3675.8448 | AA18: =Z18+(($AB18-$W18)/5) -> 3673.3269 | AB18: 3670.8089 | AC18: =AB18+(($AG18-$AB18)/5) -> 3667.9598 | AD18: =AC18+(($AG18-$AB18)/5) -> 3665.1106 | AE18: =AD18+(($AG18-$AB18)/5) -> 3662.2615 | AF18: =AE18+(($AG18-$AB18)/5) -> 3659.4123 | AG18: 3656.5631
A19: =A18 -> CZ | B19: Buildings Total | C19: =SUM(C17:C18) -> 10358.779 | D19: =C19+(($H19-$C19)/5) -> 10424.787 | E19: =D19+(($H19-$C19)/5) -> 10490.795 | F19: =E19+(($H19-$C19)/5) -> 10556.802 | G19: =F19+(($H19-$C19)/5) -> 10622.81 | H19: =SUM(H17:H18) -> 10688.817 | I19: =H19+(($M19-$H19)/5) -> 10581.52 | J19: =I19+(($M19-$H19)/5) -> 10474.222 | K19: =J19+(($M19-$H19)/5) -> 10366.925 | L19: =K19+(($M19-$H19)/5) -> 10259.627 | M19: =SUM(M17:M18) -> 10152.33 | N19: =M19+(($R19-$M19)/5) -> 10131.107 | O19: =N19+(($R19-$M19)/5) -> 10109.885 | P19: =O19+(($R19-$M19)/5) -> 10088.662 | Q19: =P19+(($R19-$M19)/5) -> 10067.439 | R19: =SUM(R17:R18) -> 10046.217 | S19: =R19+(($W19-$R19)/5) -> 10013.152 | T19: =S19+(($W19-$R19)/5) -> 9980.0867 | U19: =T19+(($W19-$R19)/5) -> 9947.0216 | V19: =U19+(($W19-$R19)/5) -> 9913.9565 | W19: =SUM(W17:W18) -> 9880.8915 | X19: =W19+(($AB19-$W19)/5) -> 9851.7508 | Y19: =X19+(($AB19-$W19)/5) -> 9822.6102 | Z19: =Y19+(($AB19-$W19)/5) -> 9793.4695 | AA19: =Z19+(($AB19-$W19)/5) -> 9764.3289 | AB19: =SUM(AB17:AB18) -> 9735.1882 | AC19: =AB19+(($AG19-$AB19)/5) -> 9716.5209 | AD19: =AC19+(($AG19-$AB19)/5) -> 9697.8536 | AE19: =AD19+(($AG19-$AB19)/5) -> 9679.1863 | AF19: =AE19+(($AG19-$AB19)/5) -> 9660.519 | AG19: =SUM(AG17:AG18) -> 9641.8517
A20: DE | B20: Residential | C20: 58251.362 | D20: =C20+(($H20-$C20)/5) -> 56750.484 | E20: =D20+(($H20-$C20)/5) -> 55249.606 | F20: =E20+(($H20-$C20)/5) -> 53748.728 | G20: =F20+(($H20-$C20)/5) -> 52247.85 | H20: 50746.972 | I20: =H20+(($M20-$H20)/5) -> 50088.882 | J20: =I20+(($M20-$H20)/5) -> 49430.791 | K20: =J20+(($M20-$H20)/5) -> 48772.7 | L20: =K20+(($M20-$H20)/5) -> 48114.609 | M20: 47456.518 | N20: =M20+(($R20-$M20)/5) -> 47121.596 | O20: =N20+(($R20-$M20)/5) -> 46786.673 | P20: =O20+(($R20-$M20)/5) -> 46451.75 | Q20: =P20+(($R20-$M20)/5) -> 46116.827 | R20: 45781.904 | S20: =R20+(($W20-$R20)/5) -> 45390.774 | T20: =S20+(($W20-$R20)/5) -> 44999.645 | U20: =T20+(($W20-$R20)/5) -> 44608.515 | V20: =U20+(($W20-$R20)/5) -> 44217.386 | W20: 43826.256 | X20: =W20+(($AB20-$W20)/5) -> 43582.083 | Y20: =X20+(($AB20-$W20)/5) -> 43337.911 | Z20: =Y20+(($AB20-$W20)/5) -> 43093.738 | AA20: =Z20+(($AB20-$W20)/5) -> 42849.566 | AB20: 42605.393 | AC20: =AB20+(($AG20-$AB20)/5) -> 42410.748 | AD20: =AC20+(($AG20-$AB20)/5) -> 42216.103 | AE20: =AD20+(($AG20-$AB20)/5) -> 42021.458 | AF20: =AE20+(($AG20-$AB20)/5) -> 41826.813 | AG20: 41632.168
A21: DE | B21: Tertiary (8) | C21: 28403.906 | D21: =C21+(($H21-$C21)/5) -> 29366.849 | E21: =D21+(($H21-$C21)/5) -> 30329.792 | F21: =E21+(($H21-$C21)/5) -> 31292.735 | G21: =F21+(($H21-$C21)/5) -> 32255.678 | H21: 33218.622 | I21: =H21+(($M21-$H21)/5) -> 32978.252 | J21: =I21+(($M21-$H21)/5) -> 32737.883 | K21: =J21+(($M21-$H21)/5) -> 32497.514 | L21: =K21+(($M21-$H21)/5) -> 32257.145 | M21: 32016.776 | N21: =M21+(($R21-$M21)/5) -> 32253.299 | O21: =N21+(($R21-$M21)/5) -> 32489.821 | P21: =O21+(($R21-$M21)/5) -> 32726.344 | Q21: =P21+(($R21-$M21)/5) -> 32962.866 | R21: 33199.389 | S21: =R21+(($W21-$R21)/5) -> 33241.153 | T21: =S21+(($W21-$R21)/5) -> 33282.918 | U21: =T21+(($W21-$R21)/5) -> 33324.682 | V21: =U21+(($W21-$R21)/5) -> 33366.446 | W21: 33408.211 | X21: =W21+(($AB21-$W21)/5) -> 33480.469 | Y21: =X21+(($AB21-$W21)/5) -> 33552.726 | Z21: =Y21+(($AB21-$W21)/5) -> 33624.984 | AA21: =Z21+(($AB21-$W21)/5) -> 33697.242 | AB21: 33769.499 | AC21: =AB21+(($AG21-$AB21)/5) -> 33876.666 | AD21: =AC21+(($AG21-$AB21)/5) -> 33983.834 | AE21: =AD21+(($AG21-$AB21)/5) -> 34091.001 | AF21: =AE21+(($AG21-$AB21)/5) -> 34198.168 | AG21: 34305.335
A22: =A21 -> DE | B22: Buildings Total | C22: =SUM(C20:C21) -> 86655.267 | D22: =C22+(($H22-$C22)/5) -> 86117.332 | E22: =D22+(($H22-$C22)/5) -> 85579.398 | F22: =E22+(($H22-$C22)/5) -> 85041.463 | G22: =F22+(($H22-$C22)/5) -> 84503.529 | H22: =SUM(H20:H21) -> 83965.594 | I22: =H22+(($M22-$H22)/5) -> 83067.134 | J22: =I22+(($M22-$H22)/5) -> 82168.674 | K22: =J22+(($M22-$H22)/5) -> 81270.214 | L22: =K22+(($M22-$H22)/5) -> 80371.755 | M22: =SUM(M20:M21) -> 79473.295 | N22: =M22+(($R22-$M22)/5) -> 79374.894 | O22: =N22+(($R22-$M22)/5) -> 79276.494 | P22: =O22+(($R22-$M22)/5) -> 79178.094 | Q22: =P22+(($R22-$M22)/5) -> 79079.693 | R22: =SUM(R20:R21) -> 78981.293 | S22: =R22+(($W22-$R22)/5) -> 78631.928 | T22: =S22+(($W22-$R22)/5) -> 78282.562 | U22: =T22+(($W22-$R22)/5) -> 77933.197 | V22: =U22+(($W22-$R22)/5) -> 77583.832 | W22: =SUM(W20:W21) -> 77234.467 | X22: =W22+(($AB22-$W22)/5) -> 77062.552 | Y22: =X22+(($AB22-$W22)/5) -> 76890.637 | Z22: =Y22+(($AB22-$W22)/5) -> 76718.722 | AA22: =Z22+(($AB22-$W22)/5) -> 76546.807 | AB22: =SUM(AB20:AB21) -> 76374.892 | AC22: =AB22+(($AG22-$AB22)/5) -> 76287.415 | AD22: =AC22+(($AG22-$AB22)/5) -> 76199.937 | AE22: =AD22+(($AG22-$AB22)/5) -> 76112.459 | AF22: =AE22+(($AG22-$AB22)/5) -> 76024.981 | AG22: =SUM(AG20:AG21) -> 75937.503
A23: DK | B23: Residential | C23: 4417.6037 | D23: =C23+(($H23-$C23)/5) -> 4449.0178 | E23: =D23+(($H23-$C23)/5) -> 4480.4319 | F23: =E23+(($H23-$C23)/5) -> 4511.846 | G23: =F23+(($H23-$C23)/5) -> 4543.2602 | H23: 4574.6743 | I23: =H23+(($M23-$H23)/5) -> 4562.5496 | J23: =I23+(($M23-$H23)/5) -> 4550.425 | K23: =J23+(($M23-$H23)/5) -> 4538.3003 | L23: =K23+(($M23-$H23)/5) -> 4526.1757 | M23: 4514.051 | N23: =M23+(($R23-$M23)/5) -> 4509.1873 | O23: =N23+(($R23-$M23)/5) -> 4504.3236 | P23: =O23+(($R23-$M23)/5) -> 4499.4599 | Q23: =P23+(($R23-$M23)/5) -> 4494.5962 | R23: 4489.7325 | S23: =R23+(($W23-$R23)/5) -> 4480.3745 | T23: =S23+(($W23-$R23)/5) -> 4471.0165 | U23: =T23+(($W23-$R23)/5) -> 4461.6585 | V23: =U23+(($W23-$R23)/5) -> 4452.3005 | W23: 4442.9425 | X23: =W23+(($AB23-$W23)/5) -> 4439.8136 | Y23: =X23+(($AB23-$W23)/5) -> 4436.6846 | Z23: =Y23+(($AB23-$W23)/5) -> 4433.5557 | AA23: =Z23+(($AB23-$W23)/5) -> 4430.4268 | AB23: 4427.2979 | AC23: =AB23+(($AG23-$AB23)/5) -> 4425.7621 | AD23: =AC23+(($AG23-$AB23)/5) -> 4424.2264 | AE23: =AD23+(($AG23-$AB23)/5) -> 4422.6906 | AF23: =AE23+(($AG23-$AB23)/5) -> 4421.1549 | AG23: 4419.6192
A24: DK | B24: Tertiary (8) | C24: 2414.5904 | D24: =C24+(($H24-$C24)/5) -> 2655.3685 | E24: =D24+(($H24-$C24)/5) -> 2896.1467 | F24: =E24+(($H24-$C24)/5) -> 3136.9248 | G24: =F24+(($H24-$C24)/5) -> 3377.7029 | H24: 3618.4811 | I24: =H24+(($M24-$H24)/5) -> 3670.1561 | J24: =I24+(($M24-$H24)/5) -> 3721.8311 | K24: =J24+(($M24-$H24)/5) -> 3773.5062 | L24: =K24+(($M24-$H24)/5) -> 3825.1812 | M24: 3876.8562 | N24: =M24+(($R24-$M24)/5) -> 3904.7129 | O24: =N24+(($R24-$M24)/5) -> 3932.5695 | P24: =O24+(($R24-$M24)/5) -> 3960.4262 | Q24: =P24+(($R24-$M24)/5) -> 3988.2828 | R24: 4016.1395 | S24: =R24+(($W24-$R24)/5) -> 4025.7464 | T24: =S24+(($W24-$R24)/5) -> 4035.3533 | U24: =T24+(($W24-$R24)/5) -> 4044.9602 | V24: =U24+(($W24-$R24)/5) -> 4054.5671 | W24: 4064.1739 | X24: =W24+(($AB24-$W24)/5) -> 4070.6958 | Y24: =X24+(($AB24-$W24)/5) -> 4077.2176 | Z24: =Y24+(($AB24-$W24)/5) -> 4083.7394 | AA24: =Z24+(($AB24-$W24)/5) -> 4090.2612 | AB24: 4096.783 | AC24: =AB24+(($AG24-$AB24)/5) -> 4118.9375 | AD24: =AC24+(($AG24-$AB24)/5) -> 4141.0919 | AE24: =AD24+(($AG24-$AB24)/5) -> 4163.2463 | AF24: =AE24+(($AG24-$AB24)/5) -> 4185.4007 | AG24: 4207.5551
A25: =A24 -> DK | B25: Buildings Total | C25: =SUM(C23:C24) -> 6832.1941 | D25: =C25+(($H25-$C25)/5) -> 7104.3863 | E25: =D25+(($H25-$C25)/5) -> 7376.5786 | F25: =E25+(($H25-$C25)/5) -> 7648.7708 | G25: =F25+(($H25-$C25)/5) -> 7920.9631 | H25: =SUM(H23:H24) -> 8193.1553 | I25: =H25+(($M25-$H25)/5) -> 8232.7057 | J25: =I25+(($M25-$H25)/5) -> 8272.2561 | K25: =J25+(($M25-$H25)/5) -> 8311.8065 | L25: =K25+(($M25-$H25)/5) -> 8351.3569 | M25: =SUM(M23:M24) -> 8390.9072 | N25: =M25+(($R25-$M25)/5) -> 8413.9002 | O25: =N25+(($R25-$M25)/5) -> 8436.8931 | P25: =O25+(($R25-$M25)/5) -> 8459.8861 | Q25: =P25+(($R25-$M25)/5) -> 8482.879 | R25: =SUM(R23:R24) -> 8505.872 | S25: =R25+(($W25-$R25)/5) -> 8506.1209 | T25: =S25+(($W25-$R25)/5) -> 8506.3698 | U25: =T25+(($W25-$R25)/5) -> 8506.6186 | V25: =U25+(($W25-$R25)/5) -> 8506.8675 | W25: =SUM(W23:W24) -> 8507.1164 | X25: =W25+(($AB25-$W25)/5) -> 8510.5093 | Y25: =X25+(($AB25-$W25)/5) -> 8513.9022 | Z25: =Y25+(($AB25-$W25)/5) -> 8517.2951 | AA25: =Z25+(($AB25-$W25)/5) -> 8520.688 | AB25: =SUM(AB23:AB24) -> 8524.0809 | AC25: =AB25+(($AG25-$AB25)/5) -> 8544.6996 | AD25: =AC25+(($AG25-$AB25)/5) -> 8565.3183 | AE25: =AD25+(($AG25-$AB25)/5) -> 8585.9369 | AF25: =AE25+(($AG25-$AB25)/5) -> 8606.5556 | AG25: =SUM(AG23:AG24) -> 8627.1743
A26: EE | B26: Residential | C26: 977.7639 | D26: =C26+(($H26-$C26)/5) -> 942.69057 | E26: =D26+(($H26-$C26)/5) -> 907.61725 | F26: =E26+(($H26-$C26)/5) -> 872.54392 | G26: =F26+(($H26-$C26)/5) -> 837.47059 | H26: 802.39726 | I26: =H26+(($M26-$H26)/5) -> 786.93338 | J26: =I26+(($M26-$H26)/5) -> 771.46949 | K26: =J26+(($M26-$H26)/5) -> 756.00561 | L26: =K26+(($M26-$H26)/5) -> 740.54172 | M26: 725.07783 | N26: =M26+(($R26-$M26)/5) -> 718.84116 | O26: =N26+(($R26-$M26)/5) -> 712.60449 | P26: =O26+(($R26-$M26)/5) -> 706.36782 | Q26: =P26+(($R26-$M26)/5) -> 700.13115 | R26: 693.89447 | S26: =R26+(($W26-$R26)/5) -> 689.27034 | T26: =S26+(($W26-$R26)/5) -> 684.64622 | U26: =T26+(($W26-$R26)/5) -> 680.02209 | V26: =U26+(($W26-$R26)/5) -> 675.39796 | W26: 670.77383 | X26: =W26+(($AB26-$W26)/5) -> 667.27379 | Y26: =X26+(($AB26-$W26)/5) -> 663.77374 | Z26: =Y26+(($AB26-$W26)/5) -> 660.2737 | AA26: =Z26+(($AB26-$W26)/5) -> 656.77365 | AB26: 653.27361 | AC26: =AB26+(($AG26-$AB26)/5) -> 650.94829 | AD26: =AC26+(($AG26-$AB26)/5) -> 648.62297 | AE26: =AD26+(($AG26-$AB26)/5) -> 646.29764 | AF26: =AE26+(($AG26-$AB26)/5) -> 643.97232 | AG26: 641.647
A27: EE | B27: Tertiary (8) | C27: 537.00892 | D27: =C27+(($H27-$C27)/5) -> 563.63026 | E27: =D27+(($H27-$C27)/5) -> 590.25159 | F27: =E27+(($H27-$C27)/5) -> 616.87293 | G27: =F27+(($H27-$C27)/5) -> 643.49426 | H27: 670.11559 | I27: =H27+(($M27-$H27)/5) -> 670.84452 | J27: =I27+(($M27-$H27)/5) -> 671.57344 | K27: =J27+(($M27-$H27)/5) -> 672.30237 | L27: =K27+(($M27-$H27)/5) -> 673.03129 | M27: 673.76022 | N27: =M27+(($R27-$M27)/5) -> 675.23166 | O27: =N27+(($R27-$M27)/5) -> 676.7031 | P27: =O27+(($R27-$M27)/5) -> 678.17453 | Q27: =P27+(($R27-$M27)/5) -> 679.64597 | R27: 681.11741 | S27: =R27+(($W27-$R27)/5) -> 681.89202 | T27: =S27+(($W27-$R27)/5) -> 682.66663 | U27: =T27+(($W27-$R27)/5) -> 683.44124 | V27: =U27+(($W27-$R27)/5) -> 684.21585 | W27: 684.99047 | X27: =W27+(($AB27-$W27)/5) -> 684.23397 | Y27: =X27+(($AB27-$W27)/5) -> 683.47748 | Z27: =Y27+(($AB27-$W27)/5) -> 682.72099 | AA27: =Z27+(($AB27-$W27)/5) -> 681.9645 | AB27: 681.20801 | AC27: =AB27+(($AG27-$AB27)/5) -> 681.31337 | AD27: =AC27+(($AG27-$AB27)/5) -> 681.41873 | AE27: =AD27+(($AG27-$AB27)/5) -> 681.5241 | AF27: =AE27+(($AG27-$AB27)/5) -> 681.62946 | AG27: 681.73482
A28: =A27 -> EE | B28: Buildings Total | C28: =SUM(C26:C27) -> 1514.7728 | D28: =C28+(($H28-$C28)/5) -> 1506.3208 | E28: =D28+(($H28-$C28)/5) -> 1497.8688 | F28: =E28+(($H28-$C28)/5) -> 1489.4168 | G28: =F28+(($H28-$C28)/5) -> 1480.9649 | H28: =SUM(H26:H27) -> 1472.5129 | I28: =H28+(($M28-$H28)/5) -> 1457.7779 | J28: =I28+(($M28-$H28)/5) -> 1443.0429 | K28: =J28+(($M28-$H28)/5) -> 1428.308 | L28: =K28+(($M28-$H28)/5) -> 1413.573 | M28: =SUM(M26:M27) -> 1398.8381 | N28: =M28+(($R28-$M28)/5) -> 1394.0728 | O28: =N28+(($R28-$M28)/5) -> 1389.3076 | P28: =O28+(($R28-$M28)/5) -> 1384.5424 | Q28: =P28+(($R28-$M28)/5) -> 1379.7771 | R28: =SUM(R26:R27) -> 1375.0119 | S28: =R28+(($W28-$R28)/5) -> 1371.1624 | T28: =S28+(($W28-$R28)/5) -> 1367.3128 | U28: =T28+(($W28-$R28)/5) -> 1363.4633 | V28: =U28+(($W28-$R28)/5) -> 1359.6138 | W28: =SUM(W26:W27) -> 1355.7643 | X28: =W28+(($AB28-$W28)/5) -> 1351.5078 | Y28: =X28+(($AB28-$W28)/5) -> 1347.2512 | Z28: =Y28+(($AB28-$W28)/5) -> 1342.9947 | AA28: =Z28+(($AB28-$W28)/5) -> 1338.7382 | AB28: =SUM(AB26:AB27) -> 1334.4816 | AC28: =AB28+(($AG28-$AB28)/5) -> 1332.2617 | AD28: =AC28+(($AG28-$AB28)/5) -> 1330.0417 | AE28: =AD28+(($AG28-$AB28)/5) -> 1327.8217 | AF28: =AE28+(($AG28-$AB28)/5) -> 1325.6018 | AG28: =SUM(AG26:AG27) -> 1323.3818
A29: GR | B29: Residential | C29: 4115.8737 | D29: =C29+(($H29-$C29)/5) -> 4220.5143 | E29: =D29+(($H29-$C29)/5) -> 4325.1549 | F29: =E29+(($H29-$C29)/5) -> 4429.7955 | G29: =F29+(($H29-$C29)/5) -> 4534.4361 | H29: 4639.0767 | I29: =H29+(($M29-$H29)/5) -> 4605.4116 | J29: =I29+(($M29-$H29)/5) -> 4571.7465 | K29: =J29+(($M29-$H29)/5) -> 4538.0815 | L29: =K29+(($M29-$H29)/5) -> 4504.4164 | M29: 4470.7514 | N29: =M29+(($R29-$M29)/5) -> 4442.3392 | O29: =N29+(($R29-$M29)/5) -> 4413.927 | P29: =O29+(($R29-$M29)/5) -> 4385.5148 | Q29: =P29+(($R29-$M29)/5) -> 4357.1027 | R29: 4328.6905 | S29: =R29+(($W29-$R29)/5) -> 4308.8002 | T29: =S29+(($W29-$R29)/5) -> 4288.9098 | U29: =T29+(($W29-$R29)/5) -> 4269.0195 | V29: =U29+(($W29-$R29)/5) -> 4249.1292 | W29: 4229.2389 | X29: =W29+(($AB29-$W29)/5) -> 4205.6541 | Y29: =X29+(($AB29-$W29)/5) -> 4182.0693 | Z29: =Y29+(($AB29-$W29)/5) -> 4158.4845 | AA29: =Z29+(($AB29-$W29)/5) -> 4134.8997 | AB29: 4111.3148 | AC29: =AB29+(($AG29-$AB29)/5) -> 4075.557 | AD29: =AC29+(($AG29-$AB29)/5) -> 4039.7992 | AE29: =AD29+(($AG29-$AB29)/5) -> 4004.0414 | AF29: =AE29+(($AG29-$AB29)/5) -> 3968.2836 | AG29: 3932.5257
A30: GR | B30: Tertiary (8) | C30: 2313.571 | D30: =C30+(($H30-$C30)/5) -> 2421.4132 | E30: =D30+(($H30-$C30)/5) -> 2529.2554 | F30: =E30+(($H30-$C30)/5) -> 2637.0976 | G30: =F30+(($H30-$C30)/5) -> 2744.9399 | H30: 2852.7821 | I30: =H30+(($M30-$H30)/5) -> 2838.3805 | J30: =I30+(($M30-$H30)/5) -> 2823.979 | K30: =J30+(($M30-$H30)/5) -> 2809.5774 | L30: =K30+(($M30-$H30)/5) -> 2795.1759 | M30: 2780.7744 | N30: =M30+(($R30-$M30)/5) -> 2769.9163 | O30: =N30+(($R30-$M30)/5) -> 2759.0583 | P30: =O30+(($R30-$M30)/5) -> 2748.2003 | Q30: =P30+(($R30-$M30)/5) -> 2737.3423 | R30: 2726.4843 | S30: =R30+(($W30-$R30)/5) -> 2733.4881 | T30: =S30+(($W30-$R30)/5) -> 2740.4919 | U30: =T30+(($W30-$R30)/5) -> 2747.4957 | V30: =U30+(($W30-$R30)/5) -> 2754.4995 | W30: 2761.5033 | X30: =W30+(($AB30-$W30)/5) -> 2799.8604 | Y30: =X30+(($AB30-$W30)/5) -> 2838.2175 | Z30: =Y30+(($AB30-$W30)/5) -> 2876.5747 | AA30: =Z30+(($AB30-$W30)/5) -> 2914.9318 | AB30: 2953.2889 | AC30: =AB30+(($AG30-$AB30)/5) -> 3051.1859 | AD30: =AC30+(($AG30-$AB30)/5) -> 3149.0829 | AE30: =AD30+(($AG30-$AB30)/5) -> 3246.9799 | AF30: =AE30+(($AG30-$AB30)/5) -> 3344.8769 | AG30: 3442.7739
A31: =A30 -> GR | B31: Buildings Total | C31: =SUM(C29:C30) -> 6429.4446 | D31: =C31+(($H31-$C31)/5) -> 6641.9275 | E31: =D31+(($H31-$C31)/5) -> 6854.4103 | F31: =E31+(($H31-$C31)/5) -> 7066.8931 | G31: =F31+(($H31-$C31)/5) -> 7279.3759 | H31: =SUM(H29:H30) -> 7491.8587 | I31: =H31+(($M31-$H31)/5) -> 7443.7921 | J31: =I31+(($M31-$H31)/5) -> 7395.7255 | K31: =J31+(($M31-$H31)/5) -> 7347.6589 | L31: =K31+(($M31-$H31)/5) -> 7299.5923 | M31: =SUM(M29:M30) -> 7251.5257 | N31: =M31+(($R31-$M31)/5) -> 7212.2555 | O31: =N31+(($R31-$M31)/5) -> 7172.9854 | P31: =O31+(($R31-$M31)/5) -> 7133.7152 | Q31: =P31+(($R31-$M31)/5) -> 7094.445 | R31: =SUM(R29:R30) -> 7055.1748 | S31: =R31+(($W31-$R31)/5) -> 7042.2883 | T31: =S31+(($W31-$R31)/5) -> 7029.4018 | U31: =T31+(($W31-$R31)/5) -> 7016.5153 | V31: =U31+(($W31-$R31)/5) -> 7003.6287 | W31: =SUM(W29:W30) -> 6990.7422 | X31: =W31+(($AB31-$W31)/5) -> 7005.5145 | Y31: =X31+(($AB31-$W31)/5) -> 7020.2868 | Z31: =Y31+(($AB31-$W31)/5) -> 7035.0591 | AA31: =Z31+(($AB31-$W31)/5) -> 7049.8314 | AB31: =SUM(AB29:AB30) -> 7064.6038 | AC31: =AB31+(($AG31-$AB31)/5) -> 7126.7429 | AD31: =AC31+(($AG31-$AB31)/5) -> 7188.8821 | AE31: =AD31+(($AG31-$AB31)/5) -> 7251.0213 | AF31: =AE31+(($AG31-$AB31)/5) -> 7313.1605 | AG31: =SUM(AG29:AG30) -> 7375.2996
A32: ES | B32: Residential | C32: 15058.184 | D32: =C32+(($H32-$C32)/5) -> 14901.256 | E32: =D32+(($H32-$C32)/5) -> 14744.329 | F32: =E32+(($H32-$C32)/5) -> 14587.401 | G32: =F32+(($H32-$C32)/5) -> 14430.474 | H32: 14273.547 | I32: =H32+(($M32-$H32)/5) -> 14059.805 | J32: =I32+(($M32-$H32)/5) -> 13846.063 | K32: =J32+(($M32-$H32)/5) -> 13632.321 | L32: =K32+(($M32-$H32)/5) -> 13418.579 | M32: 13204.837 | N32: =M32+(($R32-$M32)/5) -> 13132.808 | O32: =N32+(($R32-$M32)/5) -> 13060.779 | P32: =O32+(($R32-$M32)/5) -> 12988.749 | Q32: =P32+(($R32-$M32)/5) -> 12916.72 | R32: 12844.691 | S32: =R32+(($W32-$R32)/5) -> 12795.87 | T32: =S32+(($W32-$R32)/5) -> 12747.05 | U32: =T32+(($W32-$R32)/5) -> 12698.23 | V32: =U32+(($W32-$R32)/5) -> 12649.41 | W32: 12600.589 | X32: =W32+(($AB32-$W32)/5) -> 12538.829 | Y32: =X32+(($AB32-$W32)/5) -> 12477.07 | Z32: =Y32+(($AB32-$W32)/5) -> 12415.31 | AA32: =Z32+(($AB32-$W32)/5) -> 12353.55 | AB32: 12291.79 | AC32: =AB32+(($AG32-$AB32)/5) -> 12226.237 | AD32: =AC32+(($AG32-$AB32)/5) -> 12160.685 | AE32: =AD32+(($AG32-$AB32)/5) -> 12095.133 | AF32: =AE32+(($AG32-$AB32)/5) -> 12029.58 | AG32: 11964.028
A33: ES | B33: Tertiary (8) | C33: 11593.017 | D33: =C33+(($H33-$C33)/5) -> 11646.037 | E33: =D33+(($H33-$C33)/5) -> 11699.057 | F33: =E33+(($H33-$C33)/5) -> 11752.077 | G33: =F33+(($H33-$C33)/5) -> 11805.097 | H33: 11858.118 | I33: =H33+(($M33-$H33)/5) -> 11887.023 | J33: =I33+(($M33-$H33)/5) -> 11915.928 | K33: =J33+(($M33-$H33)/5) -> 11944.834 | L33: =K33+(($M33-$H33)/5) -> 11973.739 | M33: 12002.645 | N33: =M33+(($R33-$M33)/5) -> 12094.44 | O33: =N33+(($R33-$M33)/5) -> 12186.236 | P33: =O33+(($R33-$M33)/5) -> 12278.031 | Q33: =P33+(($R33-$M33)/5) -> 12369.826 | R33: 12461.622 | S33: =R33+(($W33-$R33)/5) -> 12442.939 | T33: =S33+(($W33-$R33)/5) -> 12424.257 | U33: =T33+(($W33-$R33)/5) -> 12405.575 | V33: =U33+(($W33-$R33)/5) -> 12386.893 | W33: 12368.211 | X33: =W33+(($AB33-$W33)/5) -> 12305.155 | Y33: =X33+(($AB33-$W33)/5) -> 12242.098 | Z33: =Y33+(($AB33-$W33)/5) -> 12179.042 | AA33: =Z33+(($AB33-$W33)/5) -> 12115.985 | AB33: 12052.929 | AC33: =AB33+(($AG33-$AB33)/5) -> 11993.511 | AD33: =AC33+(($AG33-$AB33)/5) -> 11934.093 | AE33: =AD33+(($AG33-$AB33)/5) -> 11874.675 | AF33: =AE33+(($AG33-$AB33)/5) -> 11815.257 | AG33: 11755.839
A34: =A33 -> ES | B34: Buildings Total | C34: =SUM(C32:C33) -> 26651.2 | D34: =C34+(($H34-$C34)/5) -> 26547.293 | E34: =D34+(($H34-$C34)/5) -> 26443.386 | F34: =E34+(($H34-$C34)/5) -> 26339.479 | G34: =F34+(($H34-$C34)/5) -> 26235.571 | H34: =SUM(H32:H33) -> 26131.664 | I34: =H34+(($M34-$H34)/5) -> 25946.828 | J34: =I34+(($M34-$H34)/5) -> 25761.991 | K34: =J34+(($M34-$H34)/5) -> 25577.155 | L34: =K34+(($M34-$H34)/5) -> 25392.318 | M34: =SUM(M32:M33) -> 25207.482 | N34: =M34+(($R34-$M34)/5) -> 25227.248 | O34: =N34+(($R34-$M34)/5) -> 25247.014 | P34: =O34+(($R34-$M34)/5) -> 25266.78 | Q34: =P34+(($R34-$M34)/5) -> 25286.546 | R34: =SUM(R32:R33) -> 25306.312 | S34: =R34+(($W34-$R34)/5) -> 25238.81 | T34: =S34+(($W34-$R34)/5) -> 25171.308 | U34: =T34+(($W34-$R34)/5) -> 25103.805 | V34: =U34+(($W34-$R34)/5) -> 25036.303 | W34: =SUM(W32:W33) -> 24968.801 | X34: =W34+(($AB34-$W34)/5) -> 24843.984 | Y34: =X34+(($AB34-$W34)/5) -> 24719.168 | Z34: =Y34+(($AB34-$W34)/5) -> 24594.351 | AA34: =Z34+(($AB34-$W34)/5) -> 24469.535 | AB34: =SUM(AB32:AB33) -> 24344.718 | AC34: =AB34+(($AG34-$AB34)/5) -> 24219.748 | AD34: =AC34+(($AG34-$AB34)/5) -> 24094.778 | AE34: =AD34+(($AG34-$AB34)/5) -> 23969.808 | AF34: =AE34+(($AG34-$AB34)/5) -> 23844.838 | AG34: =SUM(AG32:AG33) -> 23719.867
A35: FI | B35: Residential | C35: 5584.3681 | D35: =C35+(($H35-$C35)/5) -> 5579.0827 | E35: =D35+(($H35-$C35)/5) -> 5573.7973 | F35: =E35+(($H35-$C35)/5) -> 5568.5119 | G35: =F35+(($H35-$C35)/5) -> 5563.2265 | H35: 5557.941 | I35: =H35+(($M35-$H35)/5) -> 5598.4997 | J35: =I35+(($M35-$H35)/5) -> 5639.0583 | K35: =J35+(($M35-$H35)/5) -> 5679.6169 | L35: =K35+(($M35-$H35)/5) -> 5720.1755 | M35: 5760.7341 | N35: =M35+(($R35-$M35)/5) -> 5750.9282 | O35: =N35+(($R35-$M35)/5) -> 5741.1222 | P35: =O35+(($R35-$M35)/5) -> 5731.3162 | Q35: =P35+(($R35-$M35)/5) -> 5721.5102 | R35: 5711.7042 | S35: =R35+(($W35-$R35)/5) -> 5712.2911 | T35: =S35+(($W35-$R35)/5) -> 5712.878 | U35: =T35+(($W35-$R35)/5) -> 5713.4648 | V35: =U35+(($W35-$R35)/5) -> 5714.0517 | W35: 5714.6386 | X35: =W35+(($AB35-$W35)/5) -> 5729.5289 | Y35: =X35+(($AB35-$W35)/5) -> 5744.4192 | Z35: =Y35+(($AB35-$W35)/5) -> 5759.3095 | AA35: =Z35+(($AB35-$W35)/5) -> 5774.1999 | AB35: 5789.0902 | AC35: =AB35+(($AG35-$AB35)/5) -> 5800.6121 | AD35: =AC35+(($AG35-$AB35)/5) -> 5812.134 | AE35: =AD35+(($AG35-$AB35)/5) -> 5823.6559 | AF35: =AE35+(($AG35-$AB35)/5) -> 5835.1778 | AG35: 5846.6997
A36: FI | B36: Tertiary (8) | C36: 3589.6814 | D36: =C36+(($H36-$C36)/5) -> 3690.1303 | E36: =D36+(($H36-$C36)/5) -> 3790.5793 | F36: =E36+(($H36-$C36)/5) -> 3891.0282 | G36: =F36+(($H36-$C36)/5) -> 3991.4771 | H36: 4091.926 | I36: =H36+(($M36-$H36)/5) -> 4080.0257 | J36: =I36+(($M36-$H36)/5) -> 4068.1254 | K36: =J36+(($M36-$H36)/5) -> 4056.2251 | L36: =K36+(($M36-$H36)/5) -> 4044.3248 | M36: 4032.4244 | N36: =M36+(($R36-$M36)/5) -> 4022.1604 | O36: =N36+(($R36-$M36)/5) -> 4011.8964 | P36: =O36+(($R36-$M36)/5) -> 4001.6324 | Q36: =P36+(($R36-$M36)/5) -> 3991.3684 | R36: 3981.1044 | S36: =R36+(($W36-$R36)/5) -> 3976.9902 | T36: =S36+(($W36-$R36)/5) -> 3972.8759 | U36: =T36+(($W36-$R36)/5) -> 3968.7617 | V36: =U36+(($W36-$R36)/5) -> 3964.6475 | W36: 3960.5332 | X36: =W36+(($AB36-$W36)/5) -> 3955.0592 | Y36: =X36+(($AB36-$W36)/5) -> 3949.5851 | Z36: =Y36+(($AB36-$W36)/5) -> 3944.1111 | AA36: =Z36+(($AB36-$W36)/5) -> 3938.6371 | AB36: 3933.163 | AC36: =AB36+(($AG36-$AB36)/5) -> 3933.4974 | AD36: =AC36+(($AG36-$AB36)/5) -> 3933.8317 | AE36: =AD36+(($AG36-$AB36)/5) -> 3934.1661 | AF36: =AE36+(($AG36-$AB36)/5) -> 3934.5004 | AG36: 3934.8347
A37: =A36 -> FI | B37: Buildings Total | C37: =SUM(C35:C36) -> 9174.0495 | D37: =C37+(($H37-$C37)/5) -> 9269.213 | E37: =D37+(($H37-$C37)/5) -> 9364.3765 | F37: =E37+(($H37-$C37)/5) -> 9459.5401 | G37: =F37+(($H37-$C37)/5) -> 9554.7036 | H37: =SUM(H35:H36) -> 9649.8671 | I37: =H37+(($M37-$H37)/5) -> 9678.5254 | J37: =I37+(($M37-$H37)/5) -> 9707.1837 | K37: =J37+(($M37-$H37)/5) -> 9735.842 | L37: =K37+(($M37-$H37)/5) -> 9764.5003 | M37: =SUM(M35:M36) -> 9793.1586 | N37: =M37+(($R37-$M37)/5) -> 9773.0886 | O37: =N37+(($R37-$M37)/5) -> 9753.0186 | P37: =O37+(($R37-$M37)/5) -> 9732.9486 | Q37: =P37+(($R37-$M37)/5) -> 9712.8786 | R37: =SUM(R35:R36) -> 9692.8087 | S37: =R37+(($W37-$R37)/5) -> 9689.2813 | T37: =S37+(($W37-$R37)/5) -> 9685.7539 | U37: =T37+(($W37-$R37)/5) -> 9682.2266 | V37: =U37+(($W37-$R37)/5) -> 9678.6992 | W37: =SUM(W35:W36) -> 9675.1718 | X37: =W37+(($AB37-$W37)/5) -> 9684.5881 | Y37: =X37+(($AB37-$W37)/5) -> 9694.0044 | Z37: =Y37+(($AB37-$W37)/5) -> 9703.4207 | AA37: =Z37+(($AB37-$W37)/5) -> 9712.8369 | AB37: =SUM(AB35:AB36) -> 9722.2532 | AC37: =AB37+(($AG37-$AB37)/5) -> 9734.1095 | AD37: =AC37+(($AG37-$AB37)/5) -> 9745.9657 | AE37: =AD37+(($AG37-$AB37)/5) -> 9757.822 | AF37: =AE37+(($AG37-$AB37)/5) -> 9769.6782 | AG37: =SUM(AG35:AG36) -> 9781.5344
A38: FR | B38: Residential | C38: 40709.133 | D38: =C38+(($H38-$C38)/5) -> 39894.774 | E38: =D38+(($H38-$C38)/5) -> 39080.414 | F38: =E38+(($H38-$C38)/5) -> 38266.055 | G38: =F38+(($H38-$C38)/5) -> 37451.696 | H38: 36637.337 | I38: =H38+(($M38-$H38)/5) -> 36302.488 | J38: =I38+(($M38-$H38)/5) -> 35967.64 | K38: =J38+(($M38-$H38)/5) -> 35632.792 | L38: =K38+(($M38-$H38)/5) -> 35297.943 | M38: 34963.095 | N38: =M38+(($R38-$M38)/5) -> 34860.193 | O38: =N38+(($R38-$M38)/5) -> 34757.29 | P38: =O38+(($R38-$M38)/5) -> 34654.388 | Q38: =P38+(($R38-$M38)/5) -> 34551.485 | R38: 34448.583 | S38: =R38+(($W38-$R38)/5) -> 34361.757 | T38: =S38+(($W38-$R38)/5) -> 34274.93 | U38: =T38+(($W38-$R38)/5) -> 34188.104 | V38: =U38+(($W38-$R38)/5) -> 34101.278 | W38: 34014.452 | X38: =W38+(($AB38-$W38)/5) -> 33856.357 | Y38: =X38+(($AB38-$W38)/5) -> 33698.262 | Z38: =Y38+(($AB38-$W38)/5) -> 33540.167 | AA38: =Z38+(($AB38-$W38)/5) -> 33382.072 | AB38: 33223.977 | AC38: =AB38+(($AG38-$AB38)/5) -> 32994.729 | AD38: =AC38+(($AG38-$AB38)/5) -> 32765.481 | AE38: =AD38+(($AG38-$AB38)/5) -> 32536.233 | AF38: =AE38+(($AG38-$AB38)/5) -> 32306.985 | AG38: 32077.736
A39: FR | B39: Tertiary (8) | C39: 22567.314 | D39: =C39+(($H39-$C39)/5) -> 22981.012 | E39: =D39+(($H39-$C39)/5) -> 23394.711 | F39: =E39+(($H39-$C39)/5) -> 23808.409 | G39: =F39+(($H39-$C39)/5) -> 24222.107 | H39: 24635.806 | I39: =H39+(($M39-$H39)/5) -> 24060.9 | J39: =I39+(($M39-$H39)/5) -> 23485.995 | K39: =J39+(($M39-$H39)/5) -> 22911.09 | L39: =K39+(($M39-$H39)/5) -> 22336.185 | M39: 21761.279 | N39: =M39+(($R39-$M39)/5) -> 21652.657 | O39: =N39+(($R39-$M39)/5) -> 21544.035 | P39: =O39+(($R39-$M39)/5) -> 21435.414 | Q39: =P39+(($R39-$M39)/5) -> 21326.792 | R39: 21218.17 | S39: =R39+(($W39-$R39)/5) -> 21163.099 | T39: =S39+(($W39-$R39)/5) -> 21108.028 | U39: =T39+(($W39-$R39)/5) -> 21052.957 | V39: =U39+(($W39-$R39)/5) -> 20997.886 | W39: 20942.815 | X39: =W39+(($AB39-$W39)/5) -> 20830.128 | Y39: =X39+(($AB39-$W39)/5) -> 20717.44 | Z39: =Y39+(($AB39-$W39)/5) -> 20604.752 | AA39: =Z39+(($AB39-$W39)/5) -> 20492.064 | AB39: 20379.376 | AC39: =AB39+(($AG39-$AB39)/5) -> 20300.046 | AD39: =AC39+(($AG39-$AB39)/5) -> 20220.717 | AE39: =AD39+(($AG39-$AB39)/5) -> 20141.388 | AF39: =AE39+(($AG39-$AB39)/5) -> 20062.058 | AG39: 19982.729
A40: =A39 -> FR | B40: Buildings Total | C40: =SUM(C38:C39) -> 63276.447 | D40: =C40+(($H40-$C40)/5) -> 62875.786 | E40: =D40+(($H40-$C40)/5) -> 62475.125 | F40: =E40+(($H40-$C40)/5) -> 62074.464 | G40: =F40+(($H40-$C40)/5) -> 61673.803 | H40: =SUM(H38:H39) -> 61273.142 | I40: =H40+(($M40-$H40)/5) -> 60363.389 | J40: =I40+(($M40-$H40)/5) -> 59453.635 | K40: =J40+(($M40-$H40)/5) -> 58543.882 | L40: =K40+(($M40-$H40)/5) -> 57634.128 | M40: =SUM(M38:M39) -> 56724.374 | N40: =M40+(($R40-$M40)/5) -> 56512.85 | O40: =N40+(($R40-$M40)/5) -> 56301.326 | P40: =O40+(($R40-$M40)/5) -> 56089.801 | Q40: =P40+(($R40-$M40)/5) -> 55878.277 | R40: =SUM(R38:R39) -> 55666.752 | S40: =R40+(($W40-$R40)/5) -> 55524.855 | T40: =S40+(($W40-$R40)/5) -> 55382.958 | U40: =T40+(($W40-$R40)/5) -> 55241.061 | V40: =U40+(($W40-$R40)/5) -> 55099.164 | W40: =SUM(W38:W39) -> 54957.267 | X40: =W40+(($AB40-$W40)/5) -> 54686.484 | Y40: =X40+(($AB40-$W40)/5) -> 54415.702 | Z40: =Y40+(($AB40-$W40)/5) -> 54144.919 | AA40: =Z40+(($AB40-$W40)/5) -> 53874.136 | AB40: =SUM(AB38:AB39) -> 53603.353 | AC40: =AB40+(($AG40-$AB40)/5) -> 53294.776 | AD40: =AC40+(($AG40-$AB40)/5) -> 52986.198 | AE40: =AD40+(($AG40-$AB40)/5) -> 52677.62 | AF40: =AE40+(($AG40-$AB40)/5) -> 52369.043 | AG40: =SUM(AG38:AG39) -> 52060.465
A41: HR | B41: Residential | C41: 2290.2752 | D41: =C41+(($H41-$C41)/5) -> 2304.5233 | E41: =D41+(($H41-$C41)/5) -> 2318.7715 | F41: =E41+(($H41-$C41)/5) -> 2333.0196 | G41: =F41+(($H41-$C41)/5) -> 2347.2678 | H41: 2361.5159 | I41: =H41+(($M41-$H41)/5) -> 2376.6954 | J41: =I41+(($M41-$H41)/5) -> 2391.8748 | K41: =J41+(($M41-$H41)/5) -> 2407.0543 | L41: =K41+(($M41-$H41)/5) -> 2422.2337 | M41: 2437.4132 | N41: =M41+(($R41-$M41)/5) -> 2432.5278 | O41: =N41+(($R41-$M41)/5) -> 2427.6425 | P41: =O41+(($R41-$M41)/5) -> 2422.7571 | Q41: =P41+(($R41-$M41)/5) -> 2417.8717 | R41: 2412.9864 | S41: =R41+(($W41-$R41)/5) -> 2393.5676 | T41: =S41+(($W41-$R41)/5) -> 2374.1488 | U41: =T41+(($W41-$R41)/5) -> 2354.7301 | V41: =U41+(($W41-$R41)/5) -> 2335.3113 | W41: 2315.8925 | X41: =W41+(($AB41-$W41)/5) -> 2292.3752 | Y41: =X41+(($AB41-$W41)/5) -> 2268.8579 | Z41: =Y41+(($AB41-$W41)/5) -> 2245.3406 | AA41: =Z41+(($AB41-$W41)/5) -> 2221.8234 | AB41: 2198.3061 | AC41: =AB41+(($AG41-$AB41)/5) -> 2179.5548 | AD41: =AC41+(($AG41-$AB41)/5) -> 2160.8036 | AE41: =AD41+(($AG41-$AB41)/5) -> 2142.0524 | AF41: =AE41+(($AG41-$AB41)/5) -> 2123.3012 | AG41: 2104.55
A42: HR | B42: Tertiary (8) | C42: 949.04271 | D42: =C42+(($H42-$C42)/5) -> 983.56242 | E42: =D42+(($H42-$C42)/5) -> 1018.0821 | F42: =E42+(($H42-$C42)/5) -> 1052.6019 | G42: =F42+(($H42-$C42)/5) -> 1087.1216 | H42: 1121.6413 | I42: =H42+(($M42-$H42)/5) -> 1116.2432 | J42: =I42+(($M42-$H42)/5) -> 1110.8451 | K42: =J42+(($M42-$H42)/5) -> 1105.447 | L42: =K42+(($M42-$H42)/5) -> 1100.0489 | M42: 1094.6508 | N42: =M42+(($R42-$M42)/5) -> 1097.7204 | O42: =N42+(($R42-$M42)/5) -> 1100.7901 | P42: =O42+(($R42-$M42)/5) -> 1103.8597 | Q42: =P42+(($R42-$M42)/5) -> 1106.9293 | R42: 1109.9989 | S42: =R42+(($W42-$R42)/5) -> 1104.639 | T42: =S42+(($W42-$R42)/5) -> 1099.2791 | U42: =T42+(($W42-$R42)/5) -> 1093.9192 | V42: =U42+(($W42-$R42)/5) -> 1088.5592 | W42: 1083.1993 | X42: =W42+(($AB42-$W42)/5) -> 1082.8927 | Y42: =X42+(($AB42-$W42)/5) -> 1082.5862 | Z42: =Y42+(($AB42-$W42)/5) -> 1082.2796 | AA42: =Z42+(($AB42-$W42)/5) -> 1081.9731 | AB42: 1081.6665 | AC42: =AB42+(($AG42-$AB42)/5) -> 1083.7487 | AD42: =AC42+(($AG42-$AB42)/5) -> 1085.8309 | AE42: =AD42+(($AG42-$AB42)/5) -> 1087.9131 | AF42: =AE42+(($AG42-$AB42)/5) -> 1089.9952 | AG42: 1092.0774
A43: =A42 -> HR | B43: Buildings Total | C43: =SUM(C41:C42) -> 3239.3179 | D43: =C43+(($H43-$C43)/5) -> 3288.0858 | E43: =D43+(($H43-$C43)/5) -> 3336.8536 | F43: =E43+(($H43-$C43)/5) -> 3385.6215 | G43: =F43+(($H43-$C43)/5) -> 3434.3893 | H43: =SUM(H41:H42) -> 3483.1572 | I43: =H43+(($M43-$H43)/5) -> 3492.9386 | J43: =I43+(($M43-$H43)/5) -> 3502.7199 | K43: =J43+(($M43-$H43)/5) -> 3512.5013 | L43: =K43+(($M43-$H43)/5) -> 3522.2826 | M43: =SUM(M41:M42) -> 3532.064 | N43: =M43+(($R43-$M43)/5) -> 3530.2483 | O43: =N43+(($R43-$M43)/5) -> 3528.4325 | P43: =O43+(($R43-$M43)/5) -> 3526.6168 | Q43: =P43+(($R43-$M43)/5) -> 3524.8011 | R43: =SUM(R41:R42) -> 3522.9853 | S43: =R43+(($W43-$R43)/5) -> 3498.2066 | T43: =S43+(($W43-$R43)/5) -> 3473.4279 | U43: =T43+(($W43-$R43)/5) -> 3448.6492 | V43: =U43+(($W43-$R43)/5) -> 3423.8705 | W43: =SUM(W41:W42) -> 3399.0918 | X43: =W43+(($AB43-$W43)/5) -> 3375.268 | Y43: =X43+(($AB43-$W43)/5) -> 3351.4441 | Z43: =Y43+(($AB43-$W43)/5) -> 3327.6203 | AA43: =Z43+(($AB43-$W43)/5) -> 3303.7964 | AB43: =SUM(AB41:AB42) -> 3279.9726 | AC43: =AB43+(($AG43-$AB43)/5) -> 3263.3035 | AD43: =AC43+(($AG43-$AB43)/5) -> 3246.6345 | AE43: =AD43+(($AG43-$AB43)/5) -> 3229.9655 | AF43: =AE43+(($AG43-$AB43)/5) -> 3213.2964 | AG43: =SUM(AG41:AG42) -> 3196.6274
A44: HU | B44: Residential | C44: 5778.6829 | D44: =C44+(($H44-$C44)/5) -> 5849.7936 | E44: =D44+(($H44-$C44)/5) -> 5920.9043 | F44: =E44+(($H44-$C44)/5) -> 5992.015 | G44: =F44+(($H44-$C44)/5) -> 6063.1257 | H44: 6134.2364 | I44: =H44+(($M44-$H44)/5) -> 6081.1522 | J44: =I44+(($M44-$H44)/5) -> 6028.0679 | K44: =J44+(($M44-$H44)/5) -> 5974.9836 | L44: =K44+(($M44-$H44)/5) -> 5921.8993 | M44: 5868.815 | N44: =M44+(($R44-$M44)/5) -> 5853.0938 | O44: =N44+(($R44-$M44)/5) -> 5837.3726 | P44: =O44+(($R44-$M44)/5) -> 5821.6513 | Q44: =P44+(($R44-$M44)/5) -> 5805.9301 | R44: 5790.2089 | S44: =R44+(($W44-$R44)/5) -> 5767.7939 | T44: =S44+(($W44-$R44)/5) -> 5745.3789 | U44: =T44+(($W44-$R44)/5) -> 5722.9639 | V44: =U44+(($W44-$R44)/5) -> 5700.549 | W44: 5678.134 | X44: =W44+(($AB44-$W44)/5) -> 5677.1911 | Y44: =X44+(($AB44-$W44)/5) -> 5676.2483 | Z44: =Y44+(($AB44-$W44)/5) -> 5675.3055 | AA44: =Z44+(($AB44-$W44)/5) -> 5674.3626 | AB44: 5673.4198 | AC44: =AB44+(($AG44-$AB44)/5) -> 5681.5458 | AD44: =AC44+(($AG44-$AB44)/5) -> 5689.6717 | AE44: =AD44+(($AG44-$AB44)/5) -> 5697.7977 | AF44: =AE44+(($AG44-$AB44)/5) -> 5705.9236 | AG44: 5714.0496
A45: HU | B45: Tertiary (8) | C45: 2460.9266 | D45: =C45+(($H45-$C45)/5) -> 2532.2327 | E45: =D45+(($H45-$C45)/5) -> 2603.5388 | F45: =E45+(($H45-$C45)/5) -> 2674.8449 | G45: =F45+(($H45-$C45)/5) -> 2746.151 | H45: 2817.4571 | I45: =H45+(($M45-$H45)/5) -> 2796.6433 | J45: =I45+(($M45-$H45)/5) -> 2775.8294 | K45: =J45+(($M45-$H45)/5) -> 2755.0156 | L45: =K45+(($M45-$H45)/5) -> 2734.2018 | M45: 2713.388 | N45: =M45+(($R45-$M45)/5) -> 2721.0497 | O45: =N45+(($R45-$M45)/5) -> 2728.7115 | P45: =O45+(($R45-$M45)/5) -> 2736.3732 | Q45: =P45+(($R45-$M45)/5) -> 2744.0349 | R45: 2751.6967 | S45: =R45+(($W45-$R45)/5) -> 2738.2095 | T45: =S45+(($W45-$R45)/5) -> 2724.7223 | U45: =T45+(($W45-$R45)/5) -> 2711.2351 | V45: =U45+(($W45-$R45)/5) -> 2697.7479 | W45: 2684.2607 | X45: =W45+(($AB45-$W45)/5) -> 2684.0441 | Y45: =X45+(($AB45-$W45)/5) -> 2683.8275 | Z45: =Y45+(($AB45-$W45)/5) -> 2683.6109 | AA45: =Z45+(($AB45-$W45)/5) -> 2683.3943 | AB45: 2683.1776 | AC45: =AB45+(($AG45-$AB45)/5) -> 2687.1007 | AD45: =AC45+(($AG45-$AB45)/5) -> 2691.0237 | AE45: =AD45+(($AG45-$AB45)/5) -> 2694.9468 | AF45: =AE45+(($AG45-$AB45)/5) -> 2698.8698 | AG45: 2702.7928
A46: =A45 -> HU | B46: Buildings Total | C46: =SUM(C44:C45) -> 8239.6094 | D46: =C46+(($H46-$C46)/5) -> 8382.0262 | E46: =D46+(($H46-$C46)/5) -> 8524.4431 | F46: =E46+(($H46-$C46)/5) -> 8666.8599 | G46: =F46+(($H46-$C46)/5) -> 8809.2767 | H46: =SUM(H44:H45) -> 8951.6935 | I46: =H46+(($M46-$H46)/5) -> 8877.7954 | J46: =I46+(($M46-$H46)/5) -> 8803.8973 | K46: =J46+(($M46-$H46)/5) -> 8729.9992 | L46: =K46+(($M46-$H46)/5) -> 8656.1011 | M46: =SUM(M44:M45) -> 8582.203 | N46: =M46+(($R46-$M46)/5) -> 8574.1435 | O46: =N46+(($R46-$M46)/5) -> 8566.084 | P46: =O46+(($R46-$M46)/5) -> 8558.0245 | Q46: =P46+(($R46-$M46)/5) -> 8549.9651 | R46: =SUM(R44:R45) -> 8541.9056 | S46: =R46+(($W46-$R46)/5) -> 8506.0034 | T46: =S46+(($W46-$R46)/5) -> 8470.1012 | U46: =T46+(($W46-$R46)/5) -> 8434.199 | V46: =U46+(($W46-$R46)/5) -> 8398.2968 | W46: =SUM(W44:W45) -> 8362.3946 | X46: =W46+(($AB46-$W46)/5) -> 8361.2352 | Y46: =X46+(($AB46-$W46)/5) -> 8360.0758 | Z46: =Y46+(($AB46-$W46)/5) -> 8358.9163 | AA46: =Z46+(($AB46-$W46)/5) -> 8357.7569 | AB46: =SUM(AB44:AB45) -> 8356.5975 | AC46: =AB46+(($AG46-$AB46)/5) -> 8368.6465 | AD46: =AC46+(($AG46-$AB46)/5) -> 8380.6955 | AE46: =AD46+(($AG46-$AB46)/5) -> 8392.7444 | AF46: =AE46+(($AG46-$AB46)/5) -> 8404.7934 | AG46: =SUM(AG44:AG45) -> 8416.8424
A47: IE | B47: Residential | C47: 2873.7559 | D47: =C47+(($H47-$C47)/5) -> 2859.0035 | E47: =D47+(($H47-$C47)/5) -> 2844.2511 | F47: =E47+(($H47-$C47)/5) -> 2829.4986 | G47: =F47+(($H47-$C47)/5) -> 2814.7462 | H47: 2799.9938 | I47: =H47+(($M47-$H47)/5) -> 2758.6409 | J47: =I47+(($M47-$H47)/5) -> 2717.288 | K47: =J47+(($M47-$H47)/5) -> 2675.9351 | L47: =K47+(($M47-$H47)/5) -> 2634.5822 | M47: 2593.2294 | N47: =M47+(($R47-$M47)/5) -> 2580.402 | O47: =N47+(($R47-$M47)/5) -> 2567.5746 | P47: =O47+(($R47-$M47)/5) -> 2554.7473 | Q47: =P47+(($R47-$M47)/5) -> 2541.9199 | R47: 2529.0925 | S47: =R47+(($W47-$R47)/5) -> 2521.1608 | T47: =S47+(($W47-$R47)/5) -> 2513.229 | U47: =T47+(($W47-$R47)/5) -> 2505.2972 | V47: =U47+(($W47-$R47)/5) -> 2497.3655 | W47: 2489.4337 | X47: =W47+(($AB47-$W47)/5) -> 2490.995 | Y47: =X47+(($AB47-$W47)/5) -> 2492.5564 | Z47: =Y47+(($AB47-$W47)/5) -> 2494.1177 | AA47: =Z47+(($AB47-$W47)/5) -> 2495.679 | AB47: 2497.2404 | AC47: =AB47+(($AG47-$AB47)/5) -> 2496.3312 | AD47: =AC47+(($AG47-$AB47)/5) -> 2495.422 | AE47: =AD47+(($AG47-$AB47)/5) -> 2494.5129 | AF47: =AE47+(($AG47-$AB47)/5) -> 2493.6037 | AG47: 2492.6945
A48: IE | B48: Tertiary (8) | C48: 1626.4254 | D48: =C48+(($H48-$C48)/5) -> 1655.4282 | E48: =D48+(($H48-$C48)/5) -> 1684.4309 | F48: =E48+(($H48-$C48)/5) -> 1713.4336 | G48: =F48+(($H48-$C48)/5) -> 1742.4363 | H48: 1771.4391 | I48: =H48+(($M48-$H48)/5) -> 1768.7779 | J48: =I48+(($M48-$H48)/5) -> 1766.1167 | K48: =J48+(($M48-$H48)/5) -> 1763.4555 | L48: =K48+(($M48-$H48)/5) -> 1760.7943 | M48: 1758.1331 | N48: =M48+(($R48-$M48)/5) -> 1780.8766 | O48: =N48+(($R48-$M48)/5) -> 1803.6202 | P48: =O48+(($R48-$M48)/5) -> 1826.3637 | Q48: =P48+(($R48-$M48)/5) -> 1849.1073 | R48: 1871.8508 | S48: =R48+(($W48-$R48)/5) -> 1886.5931 | T48: =S48+(($W48-$R48)/5) -> 1901.3353 | U48: =T48+(($W48-$R48)/5) -> 1916.0775 | V48: =U48+(($W48-$R48)/5) -> 1930.8197 | W48: 1945.5619 | X48: =W48+(($AB48-$W48)/5) -> 1954.4132 | Y48: =X48+(($AB48-$W48)/5) -> 1963.2644 | Z48: =Y48+(($AB48-$W48)/5) -> 1972.1156 | AA48: =Z48+(($AB48-$W48)/5) -> 1980.9668 | AB48: 1989.818 | AC48: =AB48+(($AG48-$AB48)/5) -> 2013.3028 | AD48: =AC48+(($AG48-$AB48)/5) -> 2036.7876 | AE48: =AD48+(($AG48-$AB48)/5) -> 2060.2724 | AF48: =AE48+(($AG48-$AB48)/5) -> 2083.7572 | AG48: 2107.2419
A49: =A48 -> IE | B49: Buildings Total | C49: =SUM(C47:C48) -> 4500.1813 | D49: =C49+(($H49-$C49)/5) -> 4514.4316 | E49: =D49+(($H49-$C49)/5) -> 4528.6819 | F49: =E49+(($H49-$C49)/5) -> 4542.9322 | G49: =F49+(($H49-$C49)/5) -> 4557.1826 | H49: =SUM(H47:H48) -> 4571.4329 | I49: =H49+(($M49-$H49)/5) -> 4527.4188 | J49: =I49+(($M49-$H49)/5) -> 4483.4047 | K49: =J49+(($M49-$H49)/5) -> 4439.3906 | L49: =K49+(($M49-$H49)/5) -> 4395.3765 | M49: =SUM(M47:M48) -> 4351.3625 | N49: =M49+(($R49-$M49)/5) -> 4361.2786 | O49: =N49+(($R49-$M49)/5) -> 4371.1948 | P49: =O49+(($R49-$M49)/5) -> 4381.111 | Q49: =P49+(($R49-$M49)/5) -> 4391.0272 | R49: =SUM(R47:R48) -> 4400.9434 | S49: =R49+(($W49-$R49)/5) -> 4407.7538 | T49: =S49+(($W49-$R49)/5) -> 4414.5643 | U49: =T49+(($W49-$R49)/5) -> 4421.3747 | V49: =U49+(($W49-$R49)/5) -> 4428.1852 | W49: =SUM(W47:W48) -> 4434.9956 | X49: =W49+(($AB49-$W49)/5) -> 4445.4082 | Y49: =X49+(($AB49-$W49)/5) -> 4455.8207 | Z49: =Y49+(($AB49-$W49)/5) -> 4466.2333 | AA49: =Z49+(($AB49-$W49)/5) -> 4476.6458 | AB49: =SUM(AB47:AB48) -> 4487.0584 | AC49: =AB49+(($AG49-$AB49)/5) -> 4509.634 | AD49: =AC49+(($AG49-$AB49)/5) -> 4532.2096 | AE49: =AD49+(($AG49-$AB49)/5) -> 4554.7852 | AF49: =AE49+(($AG49-$AB49)/5) -> 4577.3608 | AG49: =SUM(AG47:AG48) -> 4599.9365
A50: IT | B50: Residential | C50: 32076.566 | D50: =C50+(($H50-$C50)/5) -> 31582.668 | E50: =D50+(($H50-$C50)/5) -> 31088.771 | F50: =E50+(($H50-$C50)/5) -> 30594.874 | G50: =F50+(($H50-$C50)/5) -> 30100.976 | H50: 29607.079 | I50: =H50+(($M50-$H50)/5) -> 29210.515 | J50: =I50+(($M50-$H50)/5) -> 28813.951 | K50: =J50+(($M50-$H50)/5) -> 28417.387 | L50: =K50+(($M50-$H50)/5) -> 28020.823 | M50: 27624.259 | N50: =M50+(($R50-$M50)/5) -> 27432.364 | O50: =N50+(($R50-$M50)/5) -> 27240.47 | P50: =O50+(($R50-$M50)/5) -> 27048.576 | Q50: =P50+(($R50-$M50)/5) -> 26856.682 | R50: 26664.787 | S50: =R50+(($W50-$R50)/5) -> 26453.612 | T50: =S50+(($W50-$R50)/5) -> 26242.436 | U50: =T50+(($W50-$R50)/5) -> 26031.261 | V50: =U50+(($W50-$R50)/5) -> 25820.085 | W50: 25608.91 | X50: =W50+(($AB50-$W50)/5) -> 25387.205 | Y50: =X50+(($AB50-$W50)/5) -> 25165.5 | Z50: =Y50+(($AB50-$W50)/5) -> 24943.794 | AA50: =Z50+(($AB50-$W50)/5) -> 24722.089 | AB50: 24500.384 | AC50: =AB50+(($AG50-$AB50)/5) -> 24275.31 | AD50: =AC50+(($AG50-$AB50)/5) -> 24050.235 | AE50: =AD50+(($AG50-$AB50)/5) -> 23825.161 | AF50: =AE50+(($AG50-$AB50)/5) -> 23600.086 | AG50: 23375.012
A51: IT | B51: Tertiary (8) | C51: 18342.29 | D51: =C51+(($H51-$C51)/5) -> 18875.257 | E51: =D51+(($H51-$C51)/5) -> 19408.223 | F51: =E51+(($H51-$C51)/5) -> 19941.19 | G51: =F51+(($H51-$C51)/5) -> 20474.156 | H51: 21007.123 | I51: =H51+(($M51-$H51)/5) -> 20806.707 | J51: =I51+(($M51-$H51)/5) -> 20606.291 | K51: =J51+(($M51-$H51)/5) -> 20405.876 | L51: =K51+(($M51-$H51)/5) -> 20205.46 | M51: 20005.044 | N51: =M51+(($R51-$M51)/5) -> 19646.064 | O51: =N51+(($R51-$M51)/5) -> 19287.084 | P51: =O51+(($R51-$M51)/5) -> 18928.103 | Q51: =P51+(($R51-$M51)/5) -> 18569.123 | R51: 18210.142 | S51: =R51+(($W51-$R51)/5) -> 18092.589 | T51: =S51+(($W51-$R51)/5) -> 17975.037 | U51: =T51+(($W51-$R51)/5) -> 17857.484 | V51: =U51+(($W51-$R51)/5) -> 17739.931 | W51: 17622.379 | X51: =W51+(($AB51-$W51)/5) -> 17552.306 | Y51: =X51+(($AB51-$W51)/5) -> 17482.233 | Z51: =Y51+(($AB51-$W51)/5) -> 17412.161 | AA51: =Z51+(($AB51-$W51)/5) -> 17342.088 | AB51: 17272.015 | AC51: =AB51+(($AG51-$AB51)/5) -> 17170.69 | AD51: =AC51+(($AG51-$AB51)/5) -> 17069.364 | AE51: =AD51+(($AG51-$AB51)/5) -> 16968.039 | AF51: =AE51+(($AG51-$AB51)/5) -> 16866.713 | AG51: 16765.388
A52: =A51 -> IT | B52: Buildings Total | C52: =SUM(C50:C51) -> 50418.856 | D52: =C52+(($H52-$C52)/5) -> 50457.925 | E52: =D52+(($H52-$C52)/5) -> 50496.994 | F52: =E52+(($H52-$C52)/5) -> 50536.063 | G52: =F52+(($H52-$C52)/5) -> 50575.132 | H52: =SUM(H50:H51) -> 50614.201 | I52: =H52+(($M52-$H52)/5) -> 50017.222 | J52: =I52+(($M52-$H52)/5) -> 49420.242 | K52: =J52+(($M52-$H52)/5) -> 48823.262 | L52: =K52+(($M52-$H52)/5) -> 48226.283 | M52: =SUM(M50:M51) -> 47629.303 | N52: =M52+(($R52-$M52)/5) -> 47078.428 | O52: =N52+(($R52-$M52)/5) -> 46527.554 | P52: =O52+(($R52-$M52)/5) -> 45976.679 | Q52: =P52+(($R52-$M52)/5) -> 45425.804 | R52: =SUM(R50:R51) -> 44874.929 | S52: =R52+(($W52-$R52)/5) -> 44546.201 | T52: =S52+(($W52-$R52)/5) -> 44217.473 | U52: =T52+(($W52-$R52)/5) -> 43888.745 | V52: =U52+(($W52-$R52)/5) -> 43560.017 | W52: =SUM(W50:W51) -> 43231.289 | X52: =W52+(($AB52-$W52)/5) -> 42939.511 | Y52: =X52+(($AB52-$W52)/5) -> 42647.733 | Z52: =Y52+(($AB52-$W52)/5) -> 42355.955 | AA52: =Z52+(($AB52-$W52)/5) -> 42064.177 | AB52: =SUM(AB50:AB51) -> 41772.399 | AC52: =AB52+(($AG52-$AB52)/5) -> 41445.999 | AD52: =AC52+(($AG52-$AB52)/5) -> 41119.599 | AE52: =AD52+(($AG52-$AB52)/5) -> 40793.199 | AF52: =AE52+(($AG52-$AB52)/5) -> 40466.799 | AG52: =SUM(AG50:AG51) -> 40140.399
A53: LT | B53: Residential | C53: 1463.2655 | D53: =C53+(($H53-$C53)/5) -> 1459.2945 | E53: =D53+(($H53-$C53)/5) -> 1455.3236 | F53: =E53+(($H53-$C53)/5) -> 1451.3526 | G53: =F53+(($H53-$C53)/5) -> 1447.3817 | H53: 1443.4107 | I53: =H53+(($M53-$H53)/5) -> 1435.0599 | J53: =I53+(($M53-$H53)/5) -> 1426.709 | K53: =J53+(($M53-$H53)/5) -> 1418.3582 | L53: =K53+(($M53-$H53)/5) -> 1410.0074 | M53: 1401.6566 | N53: =M53+(($R53-$M53)/5) -> 1381.753 | O53: =N53+(($R53-$M53)/5) -> 1361.8493 | P53: =O53+(($R53-$M53)/5) -> 1341.9457 | Q53: =P53+(($R53-$M53)/5) -> 1322.0421 | R53: 1302.1385 | S53: =R53+(($W53-$R53)/5) -> 1291.5416 | T53: =S53+(($W53-$R53)/5) -> 1280.9448 | U53: =T53+(($W53-$R53)/5) -> 1270.3479 | V53: =U53+(($W53-$R53)/5) -> 1259.751 | W53: 1249.1541 | X53: =W53+(($AB53-$W53)/5) -> 1238.8669 | Y53: =X53+(($AB53-$W53)/5) -> 1228.5797 | Z53: =Y53+(($AB53-$W53)/5) -> 1218.2925 | AA53: =Z53+(($AB53-$W53)/5) -> 1208.0053 | AB53: 1197.7181 | AC53: =AB53+(($AG53-$AB53)/5) -> 1190.124 | AD53: =AC53+(($AG53-$AB53)/5) -> 1182.5298 | AE53: =AD53+(($AG53-$AB53)/5) -> 1174.9357 | AF53: =AE53+(($AG53-$AB53)/5) -> 1167.3415 | AG53: 1159.7474
A54: LT | B54: Tertiary (8) | C54: 679.09727 | D54: =C54+(($H54-$C54)/5) -> 675.08859 | E54: =D54+(($H54-$C54)/5) -> 671.07991 | F54: =E54+(($H54-$C54)/5) -> 667.07123 | G54: =F54+(($H54-$C54)/5) -> 663.06254 | H54: 659.05386 | I54: =H54+(($M54-$H54)/5) -> 638.17578 | J54: =I54+(($M54-$H54)/5) -> 617.2977 | K54: =J54+(($M54-$H54)/5) -> 596.41962 | L54: =K54+(($M54-$H54)/5) -> 575.54154 | M54: 554.66345 | N54: =M54+(($R54-$M54)/5) -> 557.18868 | O54: =N54+(($R54-$M54)/5) -> 559.71391 | P54: =O54+(($R54-$M54)/5) -> 562.23914 | Q54: =P54+(($R54-$M54)/5) -> 564.76437 | R54: 567.28961 | S54: =R54+(($W54-$R54)/5) -> 567.4589 | T54: =S54+(($W54-$R54)/5) -> 567.62819 | U54: =T54+(($W54-$R54)/5) -> 567.79748 | V54: =U54+(($W54-$R54)/5) -> 567.96677 | W54: 568.13607 | X54: =W54+(($AB54-$W54)/5) -> 570.01186 | Y54: =X54+(($AB54-$W54)/5) -> 571.88766 | Z54: =Y54+(($AB54-$W54)/5) -> 573.76345 | AA54: =Z54+(($AB54-$W54)/5) -> 575.63925 | AB54: 577.51504 | AC54: =AB54+(($AG54-$AB54)/5) -> 578.70599 | AD54: =AC54+(($AG54-$AB54)/5) -> 579.89694 | AE54: =AD54+(($AG54-$AB54)/5) -> 581.08789 | AF54: =AE54+(($AG54-$AB54)/5) -> 582.27884 | AG54: 583.46978
A55: =A54 -> LT | B55: Buildings Total | C55: =SUM(C53:C54) -> 2142.3628 | D55: =C55+(($H55-$C55)/5) -> 2134.3831 | E55: =D55+(($H55-$C55)/5) -> 2126.4035 | F55: =E55+(($H55-$C55)/5) -> 2118.4238 | G55: =F55+(($H55-$C55)/5) -> 2110.4442 | H55: =SUM(H53:H54) -> 2102.4646 | I55: =H55+(($M55-$H55)/5) -> 2073.2356 | J55: =I55+(($M55-$H55)/5) -> 2044.0067 | K55: =J55+(($M55-$H55)/5) -> 2014.7778 | L55: =K55+(($M55-$H55)/5) -> 1985.5489 | M55: =SUM(M53:M54) -> 1956.32 | N55: =M55+(($R55-$M55)/5) -> 1938.9416 | O55: =N55+(($R55-$M55)/5) -> 1921.5633 | P55: =O55+(($R55-$M55)/5) -> 1904.1849 | Q55: =P55+(($R55-$M55)/5) -> 1886.8065 | R55: =SUM(R53:R54) -> 1869.4281 | S55: =R55+(($W55-$R55)/5) -> 1859.0005 | T55: =S55+(($W55-$R55)/5) -> 1848.5729 | U55: =T55+(($W55-$R55)/5) -> 1838.1454 | V55: =U55+(($W55-$R55)/5) -> 1827.7178 | W55: =SUM(W53:W54) -> 1817.2902 | X55: =W55+(($AB55-$W55)/5) -> 1808.8788 | Y55: =X55+(($AB55-$W55)/5) -> 1800.4674 | Z55: =Y55+(($AB55-$W55)/5) -> 1792.056 | AA55: =Z55+(($AB55-$W55)/5) -> 1783.6446 | AB55: =SUM(AB53:AB54) -> 1775.2332 | AC55: =AB55+(($AG55-$AB55)/5) -> 1768.83 | AD55: =AC55+(($AG55-$AB55)/5) -> 1762.4268 | AE55: =AD55+(($AG55-$AB55)/5) -> 1756.0236 | AF55: =AE55+(($AG55-$AB55)/5) -> 1749.6204 | AG55: =SUM(AG53:AG54) -> 1743.2172
A56: LU | B56: Residential | C56: 473.0663 | D56: =C56+(($H56-$C56)/5) -> 463.67691 | E56: =D56+(($H56-$C56)/5) -> 454.28752 | F56: =E56+(($H56-$C56)/5) -> 444.89814 | G56: =F56+(($H56-$C56)/5) -> 435.50875 | H56: 426.11936 | I56: =H56+(($M56-$H56)/5) -> 413.73051 | J56: =I56+(($M56-$H56)/5) -> 401.34167 | K56: =J56+(($M56-$H56)/5) -> 388.95283 | L56: =K56+(($M56-$H56)/5) -> 376.56398 | M56: 364.17514 | N56: =M56+(($R56-$M56)/5) -> 361.89822 | O56: =N56+(($R56-$M56)/5) -> 359.62129 | P56: =O56+(($R56-$M56)/5) -> 357.34437 | Q56: =P56+(($R56-$M56)/5) -> 355.06744 | R56: 352.79052 | S56: =R56+(($W56-$R56)/5) -> 350.42342 | T56: =S56+(($W56-$R56)/5) -> 348.05632 | U56: =T56+(($W56-$R56)/5) -> 345.68922 | V56: =U56+(($W56-$R56)/5) -> 343.32212 | W56: 340.95503 | X56: =W56+(($AB56-$W56)/5) -> 338.89677 | Y56: =X56+(($AB56-$W56)/5) -> 336.83851 | Z56: =Y56+(($AB56-$W56)/5) -> 334.78026 | AA56: =Z56+(($AB56-$W56)/5) -> 332.722 | AB56: 330.66374 | AC56: =AB56+(($AG56-$AB56)/5) -> 328.83034 | AD56: =AC56+(($AG56-$AB56)/5) -> 326.99693 | AE56: =AD56+(($AG56-$AB56)/5) -> 325.16353 | AF56: =AE56+(($AG56-$AB56)/5) -> 323.33013 | AG56: 321.49672
A57: LU | B57: Tertiary (8) | C57: 447.12991 | D57: =C57+(($H57-$C57)/5) -> 420.75519 | E57: =D57+(($H57-$C57)/5) -> 394.38046 | F57: =E57+(($H57-$C57)/5) -> 368.00574 | G57: =F57+(($H57-$C57)/5) -> 341.63101 | H57: 315.25629 | I57: =H57+(($M57-$H57)/5) -> 315.83711 | J57: =I57+(($M57-$H57)/5) -> 316.41793 | K57: =J57+(($M57-$H57)/5) -> 316.99875 | L57: =K57+(($M57-$H57)/5) -> 317.57957 | M57: 318.16039 | N57: =M57+(($R57-$M57)/5) -> 318.28458 | O57: =N57+(($R57-$M57)/5) -> 318.40876 | P57: =O57+(($R57-$M57)/5) -> 318.53295 | Q57: =P57+(($R57-$M57)/5) -> 318.65713 | R57: 318.78131 | S57: =R57+(($W57-$R57)/5) -> 315.64076 | T57: =S57+(($W57-$R57)/5) -> 312.5002 | U57: =T57+(($W57-$R57)/5) -> 309.35964 | V57: =U57+(($W57-$R57)/5) -> 306.21908 | W57: 303.07852 | X57: =W57+(($AB57-$W57)/5) -> 300.62581 | Y57: =X57+(($AB57-$W57)/5) -> 298.1731 | Z57: =Y57+(($AB57-$W57)/5) -> 295.72039 | AA57: =Z57+(($AB57-$W57)/5) -> 293.26768 | AB57: 290.81497 | AC57: =AB57+(($AG57-$AB57)/5) -> 288.84039 | AD57: =AC57+(($AG57-$AB57)/5) -> 286.86582 | AE57: =AD57+(($AG57-$AB57)/5) -> 284.89124 | AF57: =AE57+(($AG57-$AB57)/5) -> 282.91666 | AG57: 280.94209
A58: =A57 -> LU | B58: Buildings Total | C58: =SUM(C56:C57) -> 920.19621 | D58: =C58+(($H58-$C58)/5) -> 884.4321 | E58: =D58+(($H58-$C58)/5) -> 848.66799 | F58: =E58+(($H58-$C58)/5) -> 812.90387 | G58: =F58+(($H58-$C58)/5) -> 777.13976 | H58: =SUM(H56:H57) -> 741.37565 | I58: =H58+(($M58-$H58)/5) -> 729.56762 | J58: =I58+(($M58-$H58)/5) -> 717.7596 | K58: =J58+(($M58-$H58)/5) -> 705.95158 | L58: =K58+(($M58-$H58)/5) -> 694.14356 | M58: =SUM(M56:M57) -> 682.33554 | N58: =M58+(($R58-$M58)/5) -> 680.18279 | O58: =N58+(($R58-$M58)/5) -> 678.03005 | P58: =O58+(($R58-$M58)/5) -> 675.87731 | Q58: =P58+(($R58-$M58)/5) -> 673.72457 | R58: =SUM(R56:R57) -> 671.57183 | S58: =R58+(($W58-$R58)/5) -> 666.06418 | T58: =S58+(($W58-$R58)/5) -> 660.55652 | U58: =T58+(($W58-$R58)/5) -> 655.04886 | V58: =U58+(($W58-$R58)/5) -> 649.5412 | W58: =SUM(W56:W57) -> 644.03355 | X58: =W58+(($AB58-$W58)/5) -> 639.52258 | Y58: =X58+(($AB58-$W58)/5) -> 635.01161 | Z58: =Y58+(($AB58-$W58)/5) -> 630.50065 | AA58: =Z58+(($AB58-$W58)/5) -> 625.98968 | AB58: =SUM(AB56:AB57) -> 621.47871 | AC58: =AB58+(($AG58-$AB58)/5) -> 617.67073 | AD58: =AC58+(($AG58-$AB58)/5) -> 613.86275 | AE58: =AD58+(($AG58-$AB58)/5) -> 610.05477 | AF58: =AE58+(($AG58-$AB58)/5) -> 606.24679 | AG58: =SUM(AG56:AG57) -> 602.43881
A59: LV | B59: Residential | C59: 1213.8946 | D59: =C59+(($H59-$C59)/5) -> 1168.4707 | E59: =D59+(($H59-$C59)/5) -> 1123.0468 | F59: =E59+(($H59-$C59)/5) -> 1077.6229 | G59: =F59+(($H59-$C59)/5) -> 1032.1989 | H59: 986.77502 | I59: =H59+(($M59-$H59)/5) -> 974.19572 | J59: =I59+(($M59-$H59)/5) -> 961.61643 | K59: =J59+(($M59-$H59)/5) -> 949.03713 | L59: =K59+(($M59-$H59)/5) -> 936.45784 | M59: 923.87855 | N59: =M59+(($R59-$M59)/5) -> 914.6224 | O59: =N59+(($R59-$M59)/5) -> 905.36625 | P59: =O59+(($R59-$M59)/5) -> 896.1101 | Q59: =P59+(($R59-$M59)/5) -> 886.85395 | R59: 877.5978 | S59: =R59+(($W59-$R59)/5) -> 868.06342 | T59: =S59+(($W59-$R59)/5) -> 858.52903 | U59: =T59+(($W59-$R59)/5) -> 848.99464 | V59: =U59+(($W59-$R59)/5) -> 839.46025 | W59: 829.92586 | X59: =W59+(($AB59-$W59)/5) -> 821.28685 | Y59: =X59+(($AB59-$W59)/5) -> 812.64785 | Z59: =Y59+(($AB59-$W59)/5) -> 804.00884 | AA59: =Z59+(($AB59-$W59)/5) -> 795.36983 | AB59: 786.73082 | AC59: =AB59+(($AG59-$AB59)/5) -> 780.03822 | AD59: =AC59+(($AG59-$AB59)/5) -> 773.34561 | AE59: =AD59+(($AG59-$AB59)/5) -> 766.65301 | AF59: =AE59+(($AG59-$AB59)/5) -> 759.96041 | AG59: 753.26781
A60: LV | B60: Tertiary (8) | C60: 719.99391 | D60: =C60+(($H60-$C60)/5) -> 739.24496 | E60: =D60+(($H60-$C60)/5) -> 758.49601 | F60: =E60+(($H60-$C60)/5) -> 777.74707 | G60: =F60+(($H60-$C60)/5) -> 796.99812 | H60: 816.24917 | I60: =H60+(($M60-$H60)/5) -> 810.58884 | J60: =I60+(($M60-$H60)/5) -> 804.92851 | K60: =J60+(($M60-$H60)/5) -> 799.26817 | L60: =K60+(($M60-$H60)/5) -> 793.60784 | M60: 787.94751 | N60: =M60+(($R60-$M60)/5) -> 790.54628 | O60: =N60+(($R60-$M60)/5) -> 793.14506 | P60: =O60+(($R60-$M60)/5) -> 795.74384 | Q60: =P60+(($R60-$M60)/5) -> 798.34261 | R60: 800.94139 | S60: =R60+(($W60-$R60)/5) -> 799.67389 | T60: =S60+(($W60-$R60)/5) -> 798.40639 | U60: =T60+(($W60-$R60)/5) -> 797.13888 | V60: =U60+(($W60-$R60)/5) -> 795.87138 | W60: 794.60388 | X60: =W60+(($AB60-$W60)/5) -> 790.20713 | Y60: =X60+(($AB60-$W60)/5) -> 785.81039 | Z60: =Y60+(($AB60-$W60)/5) -> 781.41364 | AA60: =Z60+(($AB60-$W60)/5) -> 777.01689 | AB60: 772.62015 | AC60: =AB60+(($AG60-$AB60)/5) -> 767.79258 | AD60: =AC60+(($AG60-$AB60)/5) -> 762.96501 | AE60: =AD60+(($AG60-$AB60)/5) -> 758.13744 | AF60: =AE60+(($AG60-$AB60)/5) -> 753.30987 | AG60: 748.4823
A61: =A60 -> LV | B61: Buildings Total | C61: =SUM(C59:C60) -> 1933.8885 | D61: =C61+(($H61-$C61)/5) -> 1907.7157 | E61: =D61+(($H61-$C61)/5) -> 1881.5428 | F61: =E61+(($H61-$C61)/5) -> 1855.3699 | G61: =F61+(($H61-$C61)/5) -> 1829.1971 | H61: =SUM(H59:H60) -> 1803.0242 | I61: =H61+(($M61-$H61)/5) -> 1784.7846 | J61: =I61+(($M61-$H61)/5) -> 1766.5449 | K61: =J61+(($M61-$H61)/5) -> 1748.3053 | L61: =K61+(($M61-$H61)/5) -> 1730.0657 | M61: =SUM(M59:M60) -> 1711.8261 | N61: =M61+(($R61-$M61)/5) -> 1705.1687 | O61: =N61+(($R61-$M61)/5) -> 1698.5113 | P61: =O61+(($R61-$M61)/5) -> 1691.8539 | Q61: =P61+(($R61-$M61)/5) -> 1685.1966 | R61: =SUM(R59:R60) -> 1678.5392 | S61: =R61+(($W61-$R61)/5) -> 1667.7373 | T61: =S61+(($W61-$R61)/5) -> 1656.9354 | U61: =T61+(($W61-$R61)/5) -> 1646.1335 | V61: =U61+(($W61-$R61)/5) -> 1635.3316 | W61: =SUM(W59:W60) -> 1624.5297 | X61: =W61+(($AB61-$W61)/5) -> 1611.494 | Y61: =X61+(($AB61-$W61)/5) -> 1598.4582 | Z61: =Y61+(($AB61-$W61)/5) -> 1585.4225 | AA61: =Z61+(($AB61-$W61)/5) -> 1572.3867 | AB61: =SUM(AB59:AB60) -> 1559.351 | AC61: =AB61+(($AG61-$AB61)/5) -> 1547.8308 | AD61: =AC61+(($AG61-$AB61)/5) -> 1536.3106 | AE61: =AD61+(($AG61-$AB61)/5) -> 1524.7904 | AF61: =AE61+(($AG61-$AB61)/5) -> 1513.2703 | AG61: =SUM(AG59:AG60) -> 1501.7501
A62: MT | B62: Residential | C62: 104.71961 | D62: =C62+(($H62-$C62)/5) -> 101.32158 | E62: =D62+(($H62-$C62)/5) -> 97.923551 | F62: =E62+(($H62-$C62)/5) -> 94.525523 | G62: =F62+(($H62-$C62)/5) -> 91.127495 | H62: 87.729468 | I62: =H62+(($M62-$H62)/5) -> 88.685893 | J62: =I62+(($M62-$H62)/5) -> 89.642319 | K62: =J62+(($M62-$H62)/5) -> 90.598744 | L62: =K62+(($M62-$H62)/5) -> 91.55517 | M62: 92.511595 | N62: =M62+(($R62-$M62)/5) -> 92.955228 | O62: =N62+(($R62-$M62)/5) -> 93.398861 | P62: =O62+(($R62-$M62)/5) -> 93.842494 | Q62: =P62+(($R62-$M62)/5) -> 94.286127 | R62: 94.72976 | S62: =R62+(($W62-$R62)/5) -> 94.86987 | T62: =S62+(($W62-$R62)/5) -> 95.009979 | U62: =T62+(($W62-$R62)/5) -> 95.150089 | V62: =U62+(($W62-$R62)/5) -> 95.290198 | W62: 95.430308 | X62: =W62+(($AB62-$W62)/5) -> 95.472866 | Y62: =X62+(($AB62-$W62)/5) -> 95.515425 | Z62: =Y62+(($AB62-$W62)/5) -> 95.557984 | AA62: =Z62+(($AB62-$W62)/5) -> 95.600543 | AB62: 95.643101 | AC62: =AB62+(($AG62-$AB62)/5) -> 95.629546 | AD62: =AC62+(($AG62-$AB62)/5) -> 95.615991 | AE62: =AD62+(($AG62-$AB62)/5) -> 95.602436 | AF62: =AE62+(($AG62-$AB62)/5) -> 95.588881 | AG62: 95.575326
A63: MT | B63: Tertiary (8) | C63: 127.24488 | D63: =C63+(($H63-$C63)/5) -> 147.61999 | E63: =D63+(($H63-$C63)/5) -> 167.99511 | F63: =E63+(($H63-$C63)/5) -> 188.37022 | G63: =F63+(($H63-$C63)/5) -> 208.74533 | H63: 229.12045 | I63: =H63+(($M63-$H63)/5) -> 230.78966 | J63: =I63+(($M63-$H63)/5) -> 232.45888 | K63: =J63+(($M63-$H63)/5) -> 234.1281 | L63: =K63+(($M63-$H63)/5) -> 235.79732 | M63: 237.46654 | N63: =M63+(($R63-$M63)/5) -> 238.26253 | O63: =N63+(($R63-$M63)/5) -> 239.05853 | P63: =O63+(($R63-$M63)/5) -> 239.85453 | Q63: =P63+(($R63-$M63)/5) -> 240.65053 | R63: 241.44653 | S63: =R63+(($W63-$R63)/5) -> 239.02539 | T63: =S63+(($W63-$R63)/5) -> 236.60425 | U63: =T63+(($W63-$R63)/5) -> 234.18311 | V63: =U63+(($W63-$R63)/5) -> 231.76197 | W63: 229.34083 | X63: =W63+(($AB63-$W63)/5) -> 229.5261 | Y63: =X63+(($AB63-$W63)/5) -> 229.71138 | Z63: =Y63+(($AB63-$W63)/5) -> 229.89666 | AA63: =Z63+(($AB63-$W63)/5) -> 230.08193 | AB63: 230.26721 | AC63: =AB63+(($AG63-$AB63)/5) -> 230.91313 | AD63: =AC63+(($AG63-$AB63)/5) -> 231.55904 | AE63: =AD63+(($AG63-$AB63)/5) -> 232.20496 | AF63: =AE63+(($AG63-$AB63)/5) -> 232.85088 | AG63: 233.49679
A64: =A63 -> MT | B64: Buildings Total | C64: =SUM(C62:C63) -> 231.96449 | D64: =C64+(($H64-$C64)/5) -> 248.94157 | E64: =D64+(($H64-$C64)/5) -> 265.91866 | F64: =E64+(($H64-$C64)/5) -> 282.89574 | G64: =F64+(($H64-$C64)/5) -> 299.87283 | H64: =SUM(H62:H63) -> 316.84991 | I64: =H64+(($M64-$H64)/5) -> 319.47556 | J64: =I64+(($M64-$H64)/5) -> 322.1012 | K64: =J64+(($M64-$H64)/5) -> 324.72684 | L64: =K64+(($M64-$H64)/5) -> 327.35249 | M64: =SUM(M62:M63) -> 329.97813 | N64: =M64+(($R64-$M64)/5) -> 331.21776 | O64: =N64+(($R64-$M64)/5) -> 332.45739 | P64: =O64+(($R64-$M64)/5) -> 333.69703 | Q64: =P64+(($R64-$M64)/5) -> 334.93666 | R64: =SUM(R62:R63) -> 336.17629 | S64: =R64+(($W64-$R64)/5) -> 333.89526 | T64: =S64+(($W64-$R64)/5) -> 331.61423 | U64: =T64+(($W64-$R64)/5) -> 329.3332 | V64: =U64+(($W64-$R64)/5) -> 327.05216 | W64: =SUM(W62:W63) -> 324.77113 | X64: =W64+(($AB64-$W64)/5) -> 324.99897 | Y64: =X64+(($AB64-$W64)/5) -> 325.22681 | Z64: =Y64+(($AB64-$W64)/5) -> 325.45464 | AA64: =Z64+(($AB64-$W64)/5) -> 325.68248 | AB64: =SUM(AB62:AB63) -> 325.91031 | AC64: =AB64+(($AG64-$AB64)/5) -> 326.54267 | AD64: =AC64+(($AG64-$AB64)/5) -> 327.17503 | AE64: =AD64+(($AG64-$AB64)/5) -> 327.8074 | AF64: =AE64+(($AG64-$AB64)/5) -> 328.43976 | AG64: =SUM(AG62:AG63) -> 329.07212
A65: NL | B65: Residential | C65: 9479.7261 | D65: =C65+(($H65-$C65)/5) -> 9343.9711 | E65: =D65+(($H65-$C65)/5) -> 9208.2161 | F65: =E65+(($H65-$C65)/5) -> 9072.4611 | G65: =F65+(($H65-$C65)/5) -> 8936.7061 | H65: 8800.9511 | I65: =H65+(($M65-$H65)/5) -> 8692.4759 | J65: =I65+(($M65-$H65)/5) -> 8584.0007 | K65: =J65+(($M65-$H65)/5) -> 8475.5255 | L65: =K65+(($M65-$H65)/5) -> 8367.0503 | M65: 8258.5751 | N65: =M65+(($R65-$M65)/5) -> 8218.0579 | O65: =N65+(($R65-$M65)/5) -> 8177.5408 | P65: =O65+(($R65-$M65)/5) -> 8137.0236 | Q65: =P65+(($R65-$M65)/5) -> 8096.5064 | R65: 8055.9892 | S65: =R65+(($W65-$R65)/5) -> 8005.1385 | T65: =S65+(($W65-$R65)/5) -> 7954.2878 | U65: =T65+(($W65-$R65)/5) -> 7903.4371 | V65: =U65+(($W65-$R65)/5) -> 7852.5863 | W65: 7801.7356 | X65: =W65+(($AB65-$W65)/5) -> 7774.2163 | Y65: =X65+(($AB65-$W65)/5) -> 7746.697 | Z65: =Y65+(($AB65-$W65)/5) -> 7719.1777 | AA65: =Z65+(($AB65-$W65)/5) -> 7691.6583 | AB65: 7664.139 | AC65: =AB65+(($AG65-$AB65)/5) -> 7656.3861 | AD65: =AC65+(($AG65-$AB65)/5) -> 7648.6332 | AE65: =AD65+(($AG65-$AB65)/5) -> 7640.8803 | AF65: =AE65+(($AG65-$AB65)/5) -> 7633.1273 | AG65: 7625.3744
A66: NL | B66: Tertiary (8) | C66: 9703.6341 | D66: =C66+(($H66-$C66)/5) -> 9887.679 | E66: =D66+(($H66-$C66)/5) -> 10071.724 | F66: =E66+(($H66-$C66)/5) -> 10255.769 | G66: =F66+(($H66-$C66)/5) -> 10439.814 | H66: 10623.859 | I66: =H66+(($M66-$H66)/5) -> 10624.78 | J66: =I66+(($M66-$H66)/5) -> 10625.701 | K66: =J66+(($M66-$H66)/5) -> 10626.621 | L66: =K66+(($M66-$H66)/5) -> 10627.542 | M66: 10628.463 | N66: =M66+(($R66-$M66)/5) -> 10694.121 | O66: =N66+(($R66-$M66)/5) -> 10759.779 | P66: =O66+(($R66-$M66)/5) -> 10825.437 | Q66: =P66+(($R66-$M66)/5) -> 10891.095 | R66: 10956.753 | S66: =R66+(($W66-$R66)/5) -> 10903.651 | T66: =S66+(($W66-$R66)/5) -> 10850.549 | U66: =T66+(($W66-$R66)/5) -> 10797.447 | V66: =U66+(($W66-$R66)/5) -> 10744.345 | W66: 10691.243 | X66: =W66+(($AB66-$W66)/5) -> 10655.466 | Y66: =X66+(($AB66-$W66)/5) -> 10619.689 | Z66: =Y66+(($AB66-$W66)/5) -> 10583.911 | AA66: =Z66+(($AB66-$W66)/5) -> 10548.134 | AB66: 10512.357 | AC66: =AB66+(($AG66-$AB66)/5) -> 10491.48 | AD66: =AC66+(($AG66-$AB66)/5) -> 10470.603 | AE66: =AD66+(($AG66-$AB66)/5) -> 10449.726 | AF66: =AE66+(($AG66-$AB66)/5) -> 10428.849 | AG66: 10407.972
A67: =A66 -> NL | B67: Buildings Total | C67: =SUM(C65:C66) -> 19183.36 | D67: =C67+(($H67-$C67)/5) -> 19231.65 | E67: =D67+(($H67-$C67)/5) -> 19279.94 | F67: =E67+(($H67-$C67)/5) -> 19328.23 | G67: =F67+(($H67-$C67)/5) -> 19376.52 | H67: =SUM(H65:H66) -> 19424.81 | I67: =H67+(($M67-$H67)/5) -> 19317.256 | J67: =I67+(($M67-$H67)/5) -> 19209.701 | K67: =J67+(($M67-$H67)/5) -> 19102.147 | L67: =K67+(($M67-$H67)/5) -> 18994.593 | M67: =SUM(M65:M66) -> 18887.038 | N67: =M67+(($R67-$M67)/5) -> 18912.179 | O67: =N67+(($R67-$M67)/5) -> 18937.32 | P67: =O67+(($R67-$M67)/5) -> 18962.461 | Q67: =P67+(($R67-$M67)/5) -> 18987.601 | R67: =SUM(R65:R66) -> 19012.742 | S67: =R67+(($W67-$R67)/5) -> 18908.789 | T67: =S67+(($W67-$R67)/5) -> 18804.837 | U67: =T67+(($W67-$R67)/5) -> 18700.884 | V67: =U67+(($W67-$R67)/5) -> 18596.932 | W67: =SUM(W65:W66) -> 18492.979 | X67: =W67+(($AB67-$W67)/5) -> 18429.682 | Y67: =X67+(($AB67-$W67)/5) -> 18366.386 | Z67: =Y67+(($AB67-$W67)/5) -> 18303.089 | AA67: =Z67+(($AB67-$W67)/5) -> 18239.792 | AB67: =SUM(AB65:AB66) -> 18176.496 | AC67: =AB67+(($AG67-$AB67)/5) -> 18147.866 | AD67: =AC67+(($AG67-$AB67)/5) -> 18119.236 | AE67: =AD67+(($AG67-$AB67)/5) -> 18090.606 | AF67: =AE67+(($AG67-$AB67)/5) -> 18061.976 | AG67: =SUM(AG65:AG66) -> 18033.346
A68: PL | B68: Residential | C68: 18545.224 | D68: =C68+(($H68-$C68)/5) -> 18703.382 | E68: =D68+(($H68-$C68)/5) -> 18861.54 | F68: =E68+(($H68-$C68)/5) -> 19019.698 | G68: =F68+(($H68-$C68)/5) -> 19177.856 | H68: 19336.014 | I68: =H68+(($M68-$H68)/5) -> 19126.399 | J68: =I68+(($M68-$H68)/5) -> 18916.784 | K68: =J68+(($M68-$H68)/5) -> 18707.169 | L68: =K68+(($M68-$H68)/5) -> 18497.554 | M68: 18287.939 | N68: =M68+(($R68-$M68)/5) -> 18231.361 | O68: =N68+(($R68-$M68)/5) -> 18174.784 | P68: =O68+(($R68-$M68)/5) -> 18118.206 | Q68: =P68+(($R68-$M68)/5) -> 18061.628 | R68: 18005.05 | S68: =R68+(($W68-$R68)/5) -> 17914.462 | T68: =S68+(($W68-$R68)/5) -> 17823.874 | U68: =T68+(($W68-$R68)/5) -> 17733.285 | V68: =U68+(($W68-$R68)/5) -> 17642.697 | W68: 17552.108 | X68: =W68+(($AB68-$W68)/5) -> 17485.475 | Y68: =X68+(($AB68-$W68)/5) -> 17418.841 | Z68: =Y68+(($AB68-$W68)/5) -> 17352.207 | AA68: =Z68+(($AB68-$W68)/5) -> 17285.574 | AB68: 17218.94 | AC68: =AB68+(($AG68-$AB68)/5) -> 17150.046 | AD68: =AC68+(($AG68-$AB68)/5) -> 17081.152 | AE68: =AD68+(($AG68-$AB68)/5) -> 17012.258 | AF68: =AE68+(($AG68-$AB68)/5) -> 16943.364 | AG68: 16874.47
A69: PL | B69: Tertiary (8) | C69: 10519.671 | D69: =C69+(($H69-$C69)/5) -> 10881.392 | E69: =D69+(($H69-$C69)/5) -> 11243.114 | F69: =E69+(($H69-$C69)/5) -> 11604.836 | G69: =F69+(($H69-$C69)/5) -> 11966.557 | H69: 12328.279 | I69: =H69+(($M69-$H69)/5) -> 12313.937 | J69: =I69+(($M69-$H69)/5) -> 12299.594 | K69: =J69+(($M69-$H69)/5) -> 12285.252 | L69: =K69+(($M69-$H69)/5) -> 12270.91 | M69: 12256.568 | N69: =M69+(($R69-$M69)/5) -> 12283.441 | O69: =N69+(($R69-$M69)/5) -> 12310.315 | P69: =O69+(($R69-$M69)/5) -> 12337.188 | Q69: =P69+(($R69-$M69)/5) -> 12364.062 | R69: 12390.935 | S69: =R69+(($W69-$R69)/5) -> 12383.913 | T69: =S69+(($W69-$R69)/5) -> 12376.892 | U69: =T69+(($W69-$R69)/5) -> 12369.87 | V69: =U69+(($W69-$R69)/5) -> 12362.848 | W69: 12355.827 | X69: =W69+(($AB69-$W69)/5) -> 12357.175 | Y69: =X69+(($AB69-$W69)/5) -> 12358.524 | Z69: =Y69+(($AB69-$W69)/5) -> 12359.872 | AA69: =Z69+(($AB69-$W69)/5) -> 12361.221 | AB69: 12362.569 | AC69: =AB69+(($AG69-$AB69)/5) -> 12371.028 | AD69: =AC69+(($AG69-$AB69)/5) -> 12379.487 | AE69: =AD69+(($AG69-$AB69)/5) -> 12387.946 | AF69: =AE69+(($AG69-$AB69)/5) -> 12396.405 | AG69: 12404.864
A70: =A69 -> PL | B70: Buildings Total | C70: =SUM(C68:C69) -> 29064.895 | D70: =C70+(($H70-$C70)/5) -> 29584.775 | E70: =D70+(($H70-$C70)/5) -> 30104.654 | F70: =E70+(($H70-$C70)/5) -> 30624.534 | G70: =F70+(($H70-$C70)/5) -> 31144.414 | H70: =SUM(H68:H69) -> 31664.293 | I70: =H70+(($M70-$H70)/5) -> 31440.336 | J70: =I70+(($M70-$H70)/5) -> 31216.379 | K70: =J70+(($M70-$H70)/5) -> 30992.421 | L70: =K70+(($M70-$H70)/5) -> 30768.464 | M70: =SUM(M68:M69) -> 30544.507 | N70: =M70+(($R70-$M70)/5) -> 30514.803 | O70: =N70+(($R70-$M70)/5) -> 30485.098 | P70: =O70+(($R70-$M70)/5) -> 30455.394 | Q70: =P70+(($R70-$M70)/5) -> 30425.69 | R70: =SUM(R68:R69) -> 30395.985 | S70: =R70+(($W70-$R70)/5) -> 30298.375 | T70: =S70+(($W70-$R70)/5) -> 30200.765 | U70: =T70+(($W70-$R70)/5) -> 30103.155 | V70: =U70+(($W70-$R70)/5) -> 30005.545 | W70: =SUM(W68:W69) -> 29907.935 | X70: =W70+(($AB70-$W70)/5) -> 29842.65 | Y70: =X70+(($AB70-$W70)/5) -> 29777.365 | Z70: =Y70+(($AB70-$W70)/5) -> 29712.079 | AA70: =Z70+(($AB70-$W70)/5) -> 29646.794 | AB70: =SUM(AB68:AB69) -> 29581.509 | AC70: =AB70+(($AG70-$AB70)/5) -> 29521.074 | AD70: =AC70+(($AG70-$AB70)/5) -> 29460.639 | AE70: =AD70+(($AG70-$AB70)/5) -> 29400.204 | AF70: =AE70+(($AG70-$AB70)/5) -> 29339.769 | AG70: =SUM(AG68:AG69) -> 29279.334
A71: PT | B71: Residential | C71: 2703.6847 | D71: =C71+(($H71-$C71)/5) -> 2658.6431 | E71: =D71+(($H71-$C71)/5) -> 2613.6014 | F71: =E71+(($H71-$C71)/5) -> 2568.5598 | G71: =F71+(($H71-$C71)/5) -> 2523.5181 | H71: 2478.4765 | I71: =H71+(($M71-$H71)/5) -> 2465.9878 | J71: =I71+(($M71-$H71)/5) -> 2453.4991 | K71: =J71+(($M71-$H71)/5) -> 2441.0104 | L71: =K71+(($M71-$H71)/5) -> 2428.5217 | M71: 2416.033 | N71: =M71+(($R71-$M71)/5) -> 2410.7056 | O71: =N71+(($R71-$M71)/5) -> 2405.3782 | P71: =O71+(($R71-$M71)/5) -> 2400.0508 | Q71: =P71+(($R71-$M71)/5) -> 2394.7234 | R71: 2389.396 | S71: =R71+(($W71-$R71)/5) -> 2390.0498 | T71: =S71+(($W71-$R71)/5) -> 2390.7037 | U71: =T71+(($W71-$R71)/5) -> 2391.3575 | V71: =U71+(($W71-$R71)/5) -> 2392.0114 | W71: 2392.6652 | X71: =W71+(($AB71-$W71)/5) -> 2366.3394 | Y71: =X71+(($AB71-$W71)/5) -> 2340.0135 | Z71: =Y71+(($AB71-$W71)/5) -> 2313.6877 | AA71: =Z71+(($AB71-$W71)/5) -> 2287.3618 | AB71: 2261.036 | AC71: =AB71+(($AG71-$AB71)/5) -> 2265.6362 | AD71: =AC71+(($AG71-$AB71)/5) -> 2270.2364 | AE71: =AD71+(($AG71-$AB71)/5) -> 2274.8366 | AF71: =AE71+(($AG71-$AB71)/5) -> 2279.4368 | AG71: 2284.0369
A72: PT | B72: Tertiary (8) | C72: 2777.1197 | D72: =C72+(($H72-$C72)/5) -> 2797.2376 | E72: =D72+(($H72-$C72)/5) -> 2817.3556 | F72: =E72+(($H72-$C72)/5) -> 2837.4735 | G72: =F72+(($H72-$C72)/5) -> 2857.5914 | H72: 2877.7094 | I72: =H72+(($M72-$H72)/5) -> 2831.8768 | J72: =I72+(($M72-$H72)/5) -> 2786.0443 | K72: =J72+(($M72-$H72)/5) -> 2740.2117 | L72: =K72+(($M72-$H72)/5) -> 2694.3792 | M72: 2648.5467 | N72: =M72+(($R72-$M72)/5) -> 2655.1534 | O72: =N72+(($R72-$M72)/5) -> 2661.7601 | P72: =O72+(($R72-$M72)/5) -> 2668.3668 | Q72: =P72+(($R72-$M72)/5) -> 2674.9735 | R72: 2681.5802 | S72: =R72+(($W72-$R72)/5) -> 2680.7664 | T72: =S72+(($W72-$R72)/5) -> 2679.9526 | U72: =T72+(($W72-$R72)/5) -> 2679.1388 | V72: =U72+(($W72-$R72)/5) -> 2678.325 | W72: 2677.5112 | X72: =W72+(($AB72-$W72)/5) -> 2677.8435 | Y72: =X72+(($AB72-$W72)/5) -> 2678.1758 | Z72: =Y72+(($AB72-$W72)/5) -> 2678.508 | AA72: =Z72+(($AB72-$W72)/5) -> 2678.8403 | AB72: 2679.1726 | AC72: =AB72+(($AG72-$AB72)/5) -> 2680.9475 | AD72: =AC72+(($AG72-$AB72)/5) -> 2682.7224 | AE72: =AD72+(($AG72-$AB72)/5) -> 2684.4973 | AF72: =AE72+(($AG72-$AB72)/5) -> 2686.2723 | AG72: 2688.0472
A73: =A72 -> PT | B73: Buildings Total | C73: =SUM(C71:C72) -> 5480.8044 | D73: =C73+(($H73-$C73)/5) -> 5455.8807 | E73: =D73+(($H73-$C73)/5) -> 5430.957 | F73: =E73+(($H73-$C73)/5) -> 5406.0333 | G73: =F73+(($H73-$C73)/5) -> 5381.1096 | H73: =SUM(H71:H72) -> 5356.1858 | I73: =H73+(($M73-$H73)/5) -> 5297.8646 | J73: =I73+(($M73-$H73)/5) -> 5239.5434 | K73: =J73+(($M73-$H73)/5) -> 5181.2221 | L73: =K73+(($M73-$H73)/5) -> 5122.9009 | M73: =SUM(M71:M72) -> 5064.5797 | N73: =M73+(($R73-$M73)/5) -> 5065.859 | O73: =N73+(($R73-$M73)/5) -> 5067.1382 | P73: =O73+(($R73-$M73)/5) -> 5068.4175 | Q73: =P73+(($R73-$M73)/5) -> 5069.6968 | R73: =SUM(R71:R72) -> 5070.9761 | S73: =R73+(($W73-$R73)/5) -> 5070.8162 | T73: =S73+(($W73-$R73)/5) -> 5070.6562 | U73: =T73+(($W73-$R73)/5) -> 5070.4963 | V73: =U73+(($W73-$R73)/5) -> 5070.3364 | W73: =SUM(W71:W72) -> 5070.1764 | X73: =W73+(($AB73-$W73)/5) -> 5044.1828 | Y73: =X73+(($AB73-$W73)/5) -> 5018.1893 | Z73: =Y73+(($AB73-$W73)/5) -> 4992.1957 | AA73: =Z73+(($AB73-$W73)/5) -> 4966.2021 | AB73: =SUM(AB71:AB72) -> 4940.2086 | AC73: =AB73+(($AG73-$AB73)/5) -> 4946.5837 | AD73: =AC73+(($AG73-$AB73)/5) -> 4952.9588 | AE73: =AD73+(($AG73-$AB73)/5) -> 4959.3339 | AF73: =AE73+(($AG73-$AB73)/5) -> 4965.709 | AG73: =SUM(AG71:AG72) -> 4972.0841
A74: RO | B74: Residential | C74: 7970.4619 | D74: =C74+(($H74-$C74)/5) -> 7899.2493 | E74: =D74+(($H74-$C74)/5) -> 7828.0366 | F74: =E74+(($H74-$C74)/5) -> 7756.824 | G74: =F74+(($H74-$C74)/5) -> 7685.6114 | H74: 7614.3988 | I74: =H74+(($M74-$H74)/5) -> 7620.6189 | J74: =I74+(($M74-$H74)/5) -> 7626.8389 | K74: =J74+(($M74-$H74)/5) -> 7633.0589 | L74: =K74+(($M74-$H74)/5) -> 7639.2789 | M74: 7645.4989 | N74: =M74+(($R74-$M74)/5) -> 7632.3648 | O74: =N74+(($R74-$M74)/5) -> 7619.2307 | P74: =O74+(($R74-$M74)/5) -> 7606.0966 | Q74: =P74+(($R74-$M74)/5) -> 7592.9625 | R74: 7579.8284 | S74: =R74+(($W74-$R74)/5) -> 7533.7173 | T74: =S74+(($W74-$R74)/5) -> 7487.6061 | U74: =T74+(($W74-$R74)/5) -> 7441.495 | V74: =U74+(($W74-$R74)/5) -> 7395.3839 | W74: 7349.2727 | X74: =W74+(($AB74-$W74)/5) -> 7311.3116 | Y74: =X74+(($AB74-$W74)/5) -> 7273.3505 | Z74: =Y74+(($AB74-$W74)/5) -> 7235.3894 | AA74: =Z74+(($AB74-$W74)/5) -> 7197.4282 | AB74: 7159.4671 | AC74: =AB74+(($AG74-$AB74)/5) -> 7125.0662 | AD74: =AC74+(($AG74-$AB74)/5) -> 7090.6652 | AE74: =AD74+(($AG74-$AB74)/5) -> 7056.2642 | AF74: =AE74+(($AG74-$AB74)/5) -> 7021.8633 | AG74: 6987.4623
A75: RO | B75: Tertiary (8) | C75: 2430.8037 | D75: =C75+(($H75-$C75)/5) -> 2583.0975 | E75: =D75+(($H75-$C75)/5) -> 2735.3912 | F75: =E75+(($H75-$C75)/5) -> 2887.685 | G75: =F75+(($H75-$C75)/5) -> 3039.9787 | H75: 3192.2725 | I75: =H75+(($M75-$H75)/5) -> 3165.4783 | J75: =I75+(($M75-$H75)/5) -> 3138.6841 | K75: =J75+(($M75-$H75)/5) -> 3111.8899 | L75: =K75+(($M75-$H75)/5) -> 3085.0957 | M75: 3058.3014 | N75: =M75+(($R75-$M75)/5) -> 3036.9458 | O75: =N75+(($R75-$M75)/5) -> 3015.5902 | P75: =O75+(($R75-$M75)/5) -> 2994.2345 | Q75: =P75+(($R75-$M75)/5) -> 2972.8789 | R75: 2951.5232 | S75: =R75+(($W75-$R75)/5) -> 2910.2309 | T75: =S75+(($W75-$R75)/5) -> 2868.9386 | U75: =T75+(($W75-$R75)/5) -> 2827.6463 | V75: =U75+(($W75-$R75)/5) -> 2786.3539 | W75: 2745.0616 | X75: =W75+(($AB75-$W75)/5) -> 2714.1787 | Y75: =X75+(($AB75-$W75)/5) -> 2683.2958 | Z75: =Y75+(($AB75-$W75)/5) -> 2652.4129 | AA75: =Z75+(($AB75-$W75)/5) -> 2621.53 | AB75: 2590.6472 | AC75: =AB75+(($AG75-$AB75)/5) -> 2562.2327 | AD75: =AC75+(($AG75-$AB75)/5) -> 2533.8182 | AE75: =AD75+(($AG75-$AB75)/5) -> 2505.4038 | AF75: =AE75+(($AG75-$AB75)/5) -> 2476.9893 | AG75: 2448.5748
A76: =A75 -> RO | B76: Buildings Total | C76: =SUM(C74:C75) -> 10401.266 | D76: =C76+(($H76-$C76)/5) -> 10482.347 | E76: =D76+(($H76-$C76)/5) -> 10563.428 | F76: =E76+(($H76-$C76)/5) -> 10644.509 | G76: =F76+(($H76-$C76)/5) -> 10725.59 | H76: =SUM(H74:H75) -> 10806.671 | I76: =H76+(($M76-$H76)/5) -> 10786.097 | J76: =I76+(($M76-$H76)/5) -> 10765.523 | K76: =J76+(($M76-$H76)/5) -> 10744.949 | L76: =K76+(($M76-$H76)/5) -> 10724.375 | M76: =SUM(M74:M75) -> 10703.8 | N76: =M76+(($R76-$M76)/5) -> 10669.311 | O76: =N76+(($R76-$M76)/5) -> 10634.821 | P76: =O76+(($R76-$M76)/5) -> 10600.331 | Q76: =P76+(($R76-$M76)/5) -> 10565.841 | R76: =SUM(R74:R75) -> 10531.352 | S76: =R76+(($W76-$R76)/5) -> 10443.948 | T76: =S76+(($W76-$R76)/5) -> 10356.545 | U76: =T76+(($W76-$R76)/5) -> 10269.141 | V76: =U76+(($W76-$R76)/5) -> 10181.738 | W76: =SUM(W74:W75) -> 10094.334 | X76: =W76+(($AB76-$W76)/5) -> 10025.49 | Y76: =X76+(($AB76-$W76)/5) -> 9956.6463 | Z76: =Y76+(($AB76-$W76)/5) -> 9887.8023 | AA76: =Z76+(($AB76-$W76)/5) -> 9818.9583 | AB76: =SUM(AB74:AB75) -> 9750.1143 | AC76: =AB76+(($AG76-$AB76)/5) -> 9687.2988 | AD76: =AC76+(($AG76-$AB76)/5) -> 9624.4834 | AE76: =AD76+(($AG76-$AB76)/5) -> 9561.668 | AF76: =AE76+(($AG76-$AB76)/5) -> 9498.8526 | AG76: =SUM(AG74:AG75) -> 9436.0372
A77: SE | B77: Residential | C77: 8875.0479 | D77: =C77+(($H77-$C77)/5) -> 8808.0553 | E77: =D77+(($H77-$C77)/5) -> 8741.0627 | F77: =E77+(($H77-$C77)/5) -> 8674.07 | G77: =F77+(($H77-$C77)/5) -> 8607.0774 | H77: 8540.0848 | I77: =H77+(($M77-$H77)/5) -> 8512.3535 | J77: =I77+(($M77-$H77)/5) -> 8484.6222 | K77: =J77+(($M77-$H77)/5) -> 8456.891 | L77: =K77+(($M77-$H77)/5) -> 8429.1597 | M77: 8401.4284 | N77: =M77+(($R77-$M77)/5) -> 8271.5352 | O77: =N77+(($R77-$M77)/5) -> 8141.6419 | P77: =O77+(($R77-$M77)/5) -> 8011.7486 | Q77: =P77+(($R77-$M77)/5) -> 7881.8554 | R77: 7751.9621 | S77: =R77+(($W77-$R77)/5) -> 7700.3199 | T77: =S77+(($W77-$R77)/5) -> 7648.6778 | U77: =T77+(($W77-$R77)/5) -> 7597.0356 | V77: =U77+(($W77-$R77)/5) -> 7545.3935 | W77: 7493.7513 | X77: =W77+(($AB77-$W77)/5) -> 7452.5605 | Y77: =X77+(($AB77-$W77)/5) -> 7411.3698 | Z77: =Y77+(($AB77-$W77)/5) -> 7370.179 | AA77: =Z77+(($AB77-$W77)/5) -> 7328.9882 | AB77: 7287.7974 | AC77: =AB77+(($AG77-$AB77)/5) -> 7257.517 | AD77: =AC77+(($AG77-$AB77)/5) -> 7227.2366 | AE77: =AD77+(($AG77-$AB77)/5) -> 7196.9562 | AF77: =AE77+(($AG77-$AB77)/5) -> 7166.6757 | AG77: 7136.3953
A78: SE | B78: Tertiary (8) | C78: 3980.6743 | D78: =C78+(($H78-$C78)/5) -> 3974.4718 | E78: =D78+(($H78-$C78)/5) -> 3968.2693 | F78: =E78+(($H78-$C78)/5) -> 3962.0668 | G78: =F78+(($H78-$C78)/5) -> 3955.8642 | H78: 3949.6617 | I78: =H78+(($M78-$H78)/5) -> 3956.2279 | J78: =I78+(($M78-$H78)/5) -> 3962.7941 | K78: =J78+(($M78-$H78)/5) -> 3969.3603 | L78: =K78+(($M78-$H78)/5) -> 3975.9265 | M78: 3982.4927 | N78: =M78+(($R78-$M78)/5) -> 3983.1572 | O78: =N78+(($R78-$M78)/5) -> 3983.8217 | P78: =O78+(($R78-$M78)/5) -> 3984.4862 | Q78: =P78+(($R78-$M78)/5) -> 3985.1507 | R78: 3985.8151 | S78: =R78+(($W78-$R78)/5) -> 3976.576 | T78: =S78+(($W78-$R78)/5) -> 3967.3368 | U78: =T78+(($W78-$R78)/5) -> 3958.0976 | V78: =U78+(($W78-$R78)/5) -> 3948.8584 | W78: 3939.6192 | X78: =W78+(($AB78-$W78)/5) -> 3924.8376 | Y78: =X78+(($AB78-$W78)/5) -> 3910.056 | Z78: =Y78+(($AB78-$W78)/5) -> 3895.2744 | AA78: =Z78+(($AB78-$W78)/5) -> 3880.4928 | AB78: 3865.7112 | AC78: =AB78+(($AG78-$AB78)/5) -> 3859.1618 | AD78: =AC78+(($AG78-$AB78)/5) -> 3852.6124 | AE78: =AD78+(($AG78-$AB78)/5) -> 3846.063 | AF78: =AE78+(($AG78-$AB78)/5) -> 3839.5136 | AG78: 3832.9642
A79: =A78 -> SE | B79: Buildings Total | C79: =SUM(C77:C78) -> 12855.722 | D79: =C79+(($H79-$C79)/5) -> 12782.527 | E79: =D79+(($H79-$C79)/5) -> 12709.332 | F79: =E79+(($H79-$C79)/5) -> 12636.137 | G79: =F79+(($H79-$C79)/5) -> 12562.942 | H79: =SUM(H77:H78) -> 12489.746 | I79: =H79+(($M79-$H79)/5) -> 12468.581 | J79: =I79+(($M79-$H79)/5) -> 12447.416 | K79: =J79+(($M79-$H79)/5) -> 12426.251 | L79: =K79+(($M79-$H79)/5) -> 12405.086 | M79: =SUM(M77:M78) -> 12383.921 | N79: =M79+(($R79-$M79)/5) -> 12254.692 | O79: =N79+(($R79-$M79)/5) -> 12125.464 | P79: =O79+(($R79-$M79)/5) -> 11996.235 | Q79: =P79+(($R79-$M79)/5) -> 11867.006 | R79: =SUM(R77:R78) -> 11737.777 | S79: =R79+(($W79-$R79)/5) -> 11676.896 | T79: =S79+(($W79-$R79)/5) -> 11616.015 | U79: =T79+(($W79-$R79)/5) -> 11555.133 | V79: =U79+(($W79-$R79)/5) -> 11494.252 | W79: =SUM(W77:W78) -> 11433.371 | X79: =W79+(($AB79-$W79)/5) -> 11377.398 | Y79: =X79+(($AB79-$W79)/5) -> 11321.426 | Z79: =Y79+(($AB79-$W79)/5) -> 11265.453 | AA79: =Z79+(($AB79-$W79)/5) -> 11209.481 | AB79: =SUM(AB77:AB78) -> 11153.509 | AC79: =AB79+(($AG79-$AB79)/5) -> 11116.679 | AD79: =AC79+(($AG79-$AB79)/5) -> 11079.849 | AE79: =AD79+(($AG79-$AB79)/5) -> 11043.019 | AF79: =AE79+(($AG79-$AB79)/5) -> 11006.189 | AG79: =SUM(AG77:AG78) -> 10969.36
A80: SI | B80: Residential | C80: 1028.6125 | D80: =C80+(($H80-$C80)/5) -> 1057.3167 | E80: =D80+(($H80-$C80)/5) -> 1086.021 | F80: =E80+(($H80-$C80)/5) -> 1114.7252 | G80: =F80+(($H80-$C80)/5) -> 1143.4294 | H80: 1172.1336 | I80: =H80+(($M80-$H80)/5) -> 1168.3999 | J80: =I80+(($M80-$H80)/5) -> 1164.6662 | K80: =J80+(($M80-$H80)/5) -> 1160.9325 | L80: =K80+(($M80-$H80)/5) -> 1157.1989 | M80: 1153.4652 | N80: =M80+(($R80-$M80)/5) -> 1147.2231 | O80: =N80+(($R80-$M80)/5) -> 1140.9811 | P80: =O80+(($R80-$M80)/5) -> 1134.739 | Q80: =P80+(($R80-$M80)/5) -> 1128.4969 | R80: 1122.2549 | S80: =R80+(($W80-$R80)/5) -> 1116.5214 | T80: =S80+(($W80-$R80)/5) -> 1110.788 | U80: =T80+(($W80-$R80)/5) -> 1105.0546 | V80: =U80+(($W80-$R80)/5) -> 1099.3212 | W80: 1093.5877 | X80: =W80+(($AB80-$W80)/5) -> 1087.4065 | Y80: =X80+(($AB80-$W80)/5) -> 1081.2253 | Z80: =Y80+(($AB80-$W80)/5) -> 1075.0441 | AA80: =Z80+(($AB80-$W80)/5) -> 1068.8628 | AB80: 1062.6816 | AC80: =AB80+(($AG80-$AB80)/5) -> 1053.171 | AD80: =AC80+(($AG80-$AB80)/5) -> 1043.6603 | AE80: =AD80+(($AG80-$AB80)/5) -> 1034.1497 | AF80: =AE80+(($AG80-$AB80)/5) -> 1024.639 | AG80: 1015.1284
A81: SI | B81: Tertiary (8) | C81: 517.03179 | D81: =C81+(($H81-$C81)/5) -> 538.94977 | E81: =D81+(($H81-$C81)/5) -> 560.86775 | F81: =E81+(($H81-$C81)/5) -> 582.78574 | G81: =F81+(($H81-$C81)/5) -> 604.70372 | H81: 626.6217 | I81: =H81+(($M81-$H81)/5) -> 622.31413 | J81: =I81+(($M81-$H81)/5) -> 618.00655 | K81: =J81+(($M81-$H81)/5) -> 613.69898 | L81: =K81+(($M81-$H81)/5) -> 609.3914 | M81: 605.08382 | N81: =M81+(($R81-$M81)/5) -> 608.74886 | O81: =N81+(($R81-$M81)/5) -> 612.41389 | P81: =O81+(($R81-$M81)/5) -> 616.07892 | Q81: =P81+(($R81-$M81)/5) -> 619.74396 | R81: 623.40899 | S81: =R81+(($W81-$R81)/5) -> 622.32754 | T81: =S81+(($W81-$R81)/5) -> 621.24609 | U81: =T81+(($W81-$R81)/5) -> 620.16464 | V81: =U81+(($W81-$R81)/5) -> 619.08319 | W81: 618.00174 | X81: =W81+(($AB81-$W81)/5) -> 624.05537 | Y81: =X81+(($AB81-$W81)/5) -> 630.109 | Z81: =Y81+(($AB81-$W81)/5) -> 636.16263 | AA81: =Z81+(($AB81-$W81)/5) -> 642.21626 | AB81: 648.26989 | AC81: =AB81+(($AG81-$AB81)/5) -> 652.95206 | AD81: =AC81+(($AG81-$AB81)/5) -> 657.63424 | AE81: =AD81+(($AG81-$AB81)/5) -> 662.31641 | AF81: =AE81+(($AG81-$AB81)/5) -> 666.99859 | AG81: 671.68076
A82: =A81 -> SI | B82: Buildings Total | C82: =SUM(C80:C81) -> 1545.6443 | D82: =C82+(($H82-$C82)/5) -> 1596.2665 | E82: =D82+(($H82-$C82)/5) -> 1646.8887 | F82: =E82+(($H82-$C82)/5) -> 1697.5109 | G82: =F82+(($H82-$C82)/5) -> 1748.1331 | H82: =SUM(H80:H81) -> 1798.7553 | I82: =H82+(($M82-$H82)/5) -> 1790.714 | J82: =I82+(($M82-$H82)/5) -> 1782.6728 | K82: =J82+(($M82-$H82)/5) -> 1774.6315 | L82: =K82+(($M82-$H82)/5) -> 1766.5903 | M82: =SUM(M80:M81) -> 1758.549 | N82: =M82+(($R82-$M82)/5) -> 1755.972 | O82: =N82+(($R82-$M82)/5) -> 1753.3949 | P82: =O82+(($R82-$M82)/5) -> 1750.8179 | Q82: =P82+(($R82-$M82)/5) -> 1748.2409 | R82: =SUM(R80:R81) -> 1745.6639 | S82: =R82+(($W82-$R82)/5) -> 1738.849 | T82: =S82+(($W82-$R82)/5) -> 1732.0341 | U82: =T82+(($W82-$R82)/5) -> 1725.2192 | V82: =U82+(($W82-$R82)/5) -> 1718.4044 | W82: =SUM(W80:W81) -> 1711.5895 | X82: =W82+(($AB82-$W82)/5) -> 1711.4619 | Y82: =X82+(($AB82-$W82)/5) -> 1711.3343 | Z82: =Y82+(($AB82-$W82)/5) -> 1711.2067 | AA82: =Z82+(($AB82-$W82)/5) -> 1711.0791 | AB82: =SUM(AB80:AB81) -> 1710.9515 | AC82: =AB82+(($AG82-$AB82)/5) -> 1706.123 | AD82: =AC82+(($AG82-$AB82)/5) -> 1701.2946 | AE82: =AD82+(($AG82-$AB82)/5) -> 1696.4661 | AF82: =AE82+(($AG82-$AB82)/5) -> 1691.6376 | AG82: =SUM(AG80:AG81) -> 1686.8092
A83: SK | B83: Residential | C83: 2640.8507 | D83: =C83+(($H83-$C83)/5) -> 2525.9412 | E83: =D83+(($H83-$C83)/5) -> 2411.0317 | F83: =E83+(($H83-$C83)/5) -> 2296.1222 | G83: =F83+(($H83-$C83)/5) -> 2181.2127 | H83: 2066.3032 | I83: =H83+(($M83-$H83)/5) -> 2067.88 | J83: =I83+(($M83-$H83)/5) -> 2069.4568 | K83: =J83+(($M83-$H83)/5) -> 2071.0336 | L83: =K83+(($M83-$H83)/5) -> 2072.6105 | M83: 2074.1873 | N83: =M83+(($R83-$M83)/5) -> 2084.1671 | O83: =N83+(($R83-$M83)/5) -> 2094.1469 | P83: =O83+(($R83-$M83)/5) -> 2104.1267 | Q83: =P83+(($R83-$M83)/5) -> 2114.1065 | R83: 2124.0863 | S83: =R83+(($W83-$R83)/5) -> 2123.008 | T83: =S83+(($W83-$R83)/5) -> 2121.9297 | U83: =T83+(($W83-$R83)/5) -> 2120.8515 | V83: =U83+(($W83-$R83)/5) -> 2119.7732 | W83: 2118.695 | X83: =W83+(($AB83-$W83)/5) -> 2120.513 | Y83: =X83+(($AB83-$W83)/5) -> 2122.3309 | Z83: =Y83+(($AB83-$W83)/5) -> 2124.1489 | AA83: =Z83+(($AB83-$W83)/5) -> 2125.9669 | AB83: 2127.7849 | AC83: =AB83+(($AG83-$AB83)/5) -> 2126.3316 | AD83: =AC83+(($AG83-$AB83)/5) -> 2124.8784 | AE83: =AD83+(($AG83-$AB83)/5) -> 2123.4251 | AF83: =AE83+(($AG83-$AB83)/5) -> 2121.9718 | AG83: 2120.5185
A84: SK | B84: Tertiary (8) | C84: 1199.7593 | D84: =C84+(($H84-$C84)/5) -> 1351.3026 | E84: =D84+(($H84-$C84)/5) -> 1502.8459 | F84: =E84+(($H84-$C84)/5) -> 1654.3892 | G84: =F84+(($H84-$C84)/5) -> 1805.9325 | H84: 1957.4758 | I84: =H84+(($M84-$H84)/5) -> 1967.9521 | J84: =I84+(($M84-$H84)/5) -> 1978.4285 | K84: =J84+(($M84-$H84)/5) -> 1988.9048 | L84: =K84+(($M84-$H84)/5) -> 1999.3811 | M84: 2009.8574 | N84: =M84+(($R84-$M84)/5) -> 2034.4589 | O84: =N84+(($R84-$M84)/5) -> 2059.0604 | P84: =O84+(($R84-$M84)/5) -> 2083.6619 | Q84: =P84+(($R84-$M84)/5) -> 2108.2634 | R84: 2132.8649 | S84: =R84+(($W84-$R84)/5) -> 2134.8189 | T84: =S84+(($W84-$R84)/5) -> 2136.7728 | U84: =T84+(($W84-$R84)/5) -> 2138.7267 | V84: =U84+(($W84-$R84)/5) -> 2140.6806 | W84: 2142.6345 | X84: =W84+(($AB84-$W84)/5) -> 2134.8569 | Y84: =X84+(($AB84-$W84)/5) -> 2127.0793 | Z84: =Y84+(($AB84-$W84)/5) -> 2119.3016 | AA84: =Z84+(($AB84-$W84)/5) -> 2111.524 | AB84: 2103.7463 | AC84: =AB84+(($AG84-$AB84)/5) -> 2102.2376 | AD84: =AC84+(($AG84-$AB84)/5) -> 2100.7288 | AE84: =AD84+(($AG84-$AB84)/5) -> 2099.22 | AF84: =AE84+(($AG84-$AB84)/5) -> 2097.7113 | AG84: 2096.2025
A85: =A84 -> SK | B85: Buildings Total | C85: =SUM(C83:C84) -> 3840.6101 | D85: =C85+(($H85-$C85)/5) -> 3877.2439 | E85: =D85+(($H85-$C85)/5) -> 3913.8777 | F85: =E85+(($H85-$C85)/5) -> 3950.5114 | G85: =F85+(($H85-$C85)/5) -> 3987.1452 | H85: =SUM(H83:H84) -> 4023.779 | I85: =H85+(($M85-$H85)/5) -> 4035.8322 | J85: =I85+(($M85-$H85)/5) -> 4047.8853 | K85: =J85+(($M85-$H85)/5) -> 4059.9384 | L85: =K85+(($M85-$H85)/5) -> 4071.9916 | M85: =SUM(M83:M84) -> 4084.0447 | N85: =M85+(($R85-$M85)/5) -> 4118.626 | O85: =N85+(($R85-$M85)/5) -> 4153.2073 | P85: =O85+(($R85-$M85)/5) -> 4187.7886 | Q85: =P85+(($R85-$M85)/5) -> 4222.3699 | R85: =SUM(R83:R84) -> 4256.9512 | S85: =R85+(($W85-$R85)/5) -> 4257.8269 | T85: =S85+(($W85-$R85)/5) -> 4258.7025 | U85: =T85+(($W85-$R85)/5) -> 4259.5782 | V85: =U85+(($W85-$R85)/5) -> 4260.4538 | W85: =SUM(W83:W84) -> 4261.3295 | X85: =W85+(($AB85-$W85)/5) -> 4255.3699 | Y85: =X85+(($AB85-$W85)/5) -> 4249.4102 | Z85: =Y85+(($AB85-$W85)/5) -> 4243.4505 | AA85: =Z85+(($AB85-$W85)/5) -> 4237.4909 | AB85: =SUM(AB83:AB84) -> 4231.5312 | AC85: =AB85+(($AG85-$AB85)/5) -> 4228.5692 | AD85: =AC85+(($AG85-$AB85)/5) -> 4225.6072 | AE85: =AD85+(($AG85-$AB85)/5) -> 4222.6451 | AF85: =AE85+(($AG85-$AB85)/5) -> 4219.6831 | AG85: =SUM(AG83:AG84) -> 4216.721
A94: ktoe | C94: 2020 | D94: 2021 | E94: 2022 | F94: 2023 | G94: 2024 | H94: 2025 | I94: 2026 | J94: 2027 | K94: 2028 | L94: 2029 | M94: 2030 | N94: 2031 | O94: 2032 | P94: 2033 | Q94: 2034 | R94: 2035 | S94: 2036 | T94: 2037 | U94: 2038 | V94: 2039 | W94: 2040 | X94: 2041 | Y94: 2042 | Z94: 2043 | AA94: 2044 | AB94: 2045 | AC94: 2046 | AD94: 2047 | AE94: 2048 | AF94: 2049 | AG94: 2050
A95: EU | B95: Buildings Total | C95: 391370.67 | D95: 391836.58 | E95: 392302.49 | F95: 392768.4 | G95: 393234.31 | H95: 393700.22 | I95: 390183.22 | J95: 386666.23 | K95: 383149.24 | L95: 379632.24 | M95: 376115.25 | N95: 375034.74 | O95: 373954.23 | P95: 372873.72 | Q95: 371793.21 | R95: 370712.7 | S95: 369298.76 | T95: 367884.83 | U95: 366470.9 | V95: 365056.97 | W95: 363643.03 | X95: 362440.42 | Y95: 361237.8 | Z95: 360035.19 | AA95: 358832.57 | AB95: 357629.96 | AC95: 356618.83 | AD95: 355607.69 | AE95: 354596.56 | AF95: 353585.42 | AG95: 352574.29
A96: AT | B96: Buildings Total | C96: 9703.455 | D96: 9628.7564 | E96: 9554.0579 | F96: 9479.3593 | G96: 9404.6608 | H96: 9329.9622 | I96: 9255.6352 | J96: 9181.3082 | K96: 9106.9811 | L96: 9032.6541 | M96: 8958.3271 | N96: 8968.7308 | O96: 8979.1345 | P96: 8989.5381 | Q96: 8999.9418 | R96: 9010.3455 | S96: 9002.8864 | T96: 8995.4273 | U96: 8987.9682 | V96: 8980.5091 | W96: 8973.05 | X96: 8975.2314 | Y96: 8977.4127 | Z96: 8979.5941 | AA96: 8981.7754 | AB96: 8983.9568 | AC96: 8979.4685 | AD96: 8974.9802 | AE96: 8970.492 | AF96: 8966.0037 | AG96: 8961.5155
A97: BE | B97: Buildings Total | C97: 12700.27 | D97: 12724.686 | E97: 12749.103 | F97: 12773.52 | G97: 12797.937 | H97: 12822.354 | I97: 12657.767 | J97: 12493.181 | K97: 12328.595 | L97: 12164.009 | M97: 11999.423 | N97: 11956.597 | O97: 11913.772 | P97: 11870.947 | Q97: 11828.122 | R97: 11785.297 | S97: 11763.914 | T97: 11742.531 | U97: 11721.148 | V97: 11699.765 | W97: 11678.383 | X97: 11667.278 | Y97: 11656.174 | Z97: 11645.07 | AA97: 11633.966 | AB97: 11622.862 | AC97: 11587.912 | AD97: 11552.962 | AE97: 11518.012 | AF97: 11483.062 | AG97: 11448.112
A98: BG | B98: Buildings Total | C98: 3413.9684 | D98: 3474.0895 | E98: 3534.2106 | F98: 3594.3317 | G98: 3654.4528 | H98: 3714.574 | I98: 3708.4389 | J98: 3702.3038 | K98: 3696.1688 | L98: 3690.0337 | M98: 3683.8987 | N98: 3690.4387 | O98: 3696.9787 | P98: 3703.5186 | Q98: 3710.0586 | R98: 3716.5986 | S98: 3709.0693 | T98: 3701.5399 | U98: 3694.0106 | V98: 3686.4813 | W98: 3678.9519 | X98: 3675.1583 | Y98: 3671.3647 | Z98: 3667.5711 | AA98: 3663.7775 | AB98: 3659.9838 | AC98: 3652.9481 | AD98: 3645.9125 | AE98: 3638.8768 | AF98: 3631.8411 | AG98: 3624.8054
A99: CY | B99: Buildings Total | C99: 662.14152 | D99: 693.36813 | E99: 724.59473 | F99: 755.82134 | G99: 787.04795 | H99: 818.27456 | I99: 830.59167 | J99: 842.90878 | K99: 855.2259 | L99: 867.54301 | M99: 879.86012 | N99: 888.5057 | O99: 897.15127 | P99: 905.79685 | Q99: 914.44242 | R99: 923.088 | S99: 924.9338 | T99: 926.7796 | U99: 928.62541 | V99: 930.47121 | W99: 932.31701 | X99: 933.30667 | Y99: 934.29633 | Z99: 935.28599 | AA99: 936.27565 | AB99: 937.26531 | AC99: 939.57297 | AD99: 941.88062 | AE99: 944.18827 | AF99: 946.49592 | AG99: 948.80358
A100: CZ | B100: Buildings Total | C100: 10358.779 | D100: 10424.787 | E100: 10490.795 | F100: 10556.802 | G100: 10622.81 | H100: 10688.817 | I100: 10581.52 | J100: 10474.222 | K100: 10366.925 | L100: 10259.627 | M100: 10152.33 | N100: 10131.107 | O100: 10109.885 | P100: 10088.662 | Q100: 10067.439 | R100: 10046.217 | S100: 10013.152 | T100: 9980.0867 | U100: 9947.0216 | V100: 9913.9565 | W100: 9880.8915 | X100: 9851.7508 | Y100: 9822.6102 | Z100: 9793.4695 | AA100: 9764.3289 | AB100: 9735.1882 | AC100: 9716.5209 | AD100: 9697.8536 | AE100: 9679.1863 | AF100: 9660.519 | AG100: 9641.8517
A101: DE | B101: Buildings Total | C101: 86655.267 | D101: 86117.332 | E101: 85579.398 | F101: 85041.463 | G101: 84503.529 | H101: 83965.594 | I101: 83067.134 | J101: 82168.674 | K101: 81270.214 | L101: 80371.755 | M101: 79473.295 | N101: 79374.894 | O101: 79276.494 | P101: 79178.094 | Q101: 79079.693 | R101: 78981.293 | S101: 78631.928 | T101: 78282.562 | U101: 77933.197 | V101: 77583.832 | W101: 77234.467 | X101: 77062.552 | Y101: 76890.637 | Z101: 76718.722 | AA101: 76546.807 | AB101: 76374.892 | AC101: 76287.415 | AD101: 76199.937 | AE101: 76112.459 | AF101: 76024.981 | AG101: 75937.503
A102: DK | B102: Buildings Total | C102: 6832.1941 | D102: 7104.3863 | E102: 7376.5786 | F102: 7648.7708 | G102: 7920.9631 | H102: 8193.1553 | I102: 8232.7057 | J102: 8272.2561 | K102: 8311.8065 | L102: 8351.3569 | M102: 8390.9072 | N102: 8413.9002 | O102: 8436.8931 | P102: 8459.8861 | Q102: 8482.879 | R102: 8505.872 | S102: 8506.1209 | T102: 8506.3698 | U102: 8506.6186 | V102: 8506.8675 | W102: 8507.1164 | X102: 8510.5093 | Y102: 8513.9022 | Z102: 8517.2951 | AA102: 8520.688 | AB102: 8524.0809 | AC102: 8544.6996 | AD102: 8565.3183 | AE102: 8585.9369 | AF102: 8606.5556 | AG102: 8627.1743
A103: EE | B103: Buildings Total | C103: 1514.7728 | D103: 1506.3208 | E103: 1497.8688 | F103: 1489.4168 | G103: 1480.9649 | H103: 1472.5129 | I103: 1457.7779 | J103: 1443.0429 | K103: 1428.308 | L103: 1413.573 | M103: 1398.8381 | N103: 1394.0728 | O103: 1389.3076 | P103: 1384.5424 | Q103: 1379.7771 | R103: 1375.0119 | S103: 1371.1624 | T103: 1367.3128 | U103: 1363.4633 | V103: 1359.6138 | W103: 1355.7643 | X103: 1351.5078 | Y103: 1347.2512 | Z103: 1342.9947 | AA103: 1338.7382 | AB103: 1334.4816 | AC103: 1332.2617 | AD103: 1330.0417 | AE103: 1327.8217 | AF103: 1325.6018 | AG103: 1323.3818
A104: GR | B104: Buildings Total | C104: 6429.4446 | D104: 6641.9275 | E104: 6854.4103 | F104: 7066.8931 | G104: 7279.3759 | H104: 7491.8587 | I104: 7443.7921 | J104: 7395.7255 | K104: 7347.6589 | L104: 7299.5923 | M104: 7251.5257 | N104: 7212.2555 | O104: 7172.9854 | P104: 7133.7152 | Q104: 7094.445 | R104: 7055.1748 | S104: 7042.2883 | T104: 7029.4018 | U104: 7016.5153 | V104: 7003.6287 | W104: 6990.7422 | X104: 7005.5145 | Y104: 7020.2868 | Z104: 7035.0591 | AA104: 7049.8314 | AB104: 7064.6038 | AC104: 7126.7429 | AD104: 7188.8821 | AE104: 7251.0213 | AF104: 7313.1605 | AG104: 7375.2996
A105: ES | B105: Buildings Total | C105: 26651.2 | D105: 26547.293 | E105: 26443.386 | F105: 26339.479 | G105: 26235.571 | H105: 26131.664 | I105: 25946.828 | J105: 25761.991 | K105: 25577.155 | L105: 25392.318 | M105: 25207.482 | N105: 25227.248 | O105: 25247.014 | P105: 25266.78 | Q105: 25286.546 | R105: 25306.312 | S105: 25238.81 | T105: 25171.308 | U105: 25103.805 | V105: 25036.303 | W105: 24968.801 | X105: 24843.984 | Y105: 24719.168 | Z105: 24594.351 | AA105: 24469.535 | AB105: 24344.718 | AC105: 24219.748 | AD105: 24094.778 | AE105: 23969.808 | AF105: 23844.838 | AG105: 23719.867
A106: FI | B106: Buildings Total | C106: 9174.0495 | D106: 9269.213 | E106: 9364.3765 | F106: 9459.5401 | G106: 9554.7036 | H106: 9649.8671 | I106: 9678.5254 | J106: 9707.1837 | K106: 9735.842 | L106: 9764.5003 | M106: 9793.1586 | N106: 9773.0886 | O106: 9753.0186 | P106: 9732.9486 | Q106: 9712.8786 | R106: 9692.8087 | S106: 9689.2813 | T106: 9685.7539 | U106: 9682.2266 | V106: 9678.6992 | W106: 9675.1718 | X106: 9684.5881 | Y106: 9694.0044 | Z106: 9703.4207 | AA106: 9712.8369 | AB106: 9722.2532 | AC106: 9734.1095 | AD106: 9745.9657 | AE106: 9757.822 | AF106: 9769.6782 | AG106: 9781.5344
... A122: SK | B122: Buildings Total | C122: 3840.6101 | D122: 3877.2439 | E122: 3913.8777 | F122: 3950.5114 | G122: 3987.1452 | H122: 4023.779 | I122: 4035.8322 | J122: 4047.8853 | K122: 4059.9384 | L122: 4071.9916 | M122: 4084.0447 | N122: 4118.626 | O122: 4153.2073 | P122: 4187.7886 | Q122: 4222.3699 | R122: 4256.9512 | S122: 4257.8269 | T122: 4258.7025 | U122: 4259.5782 | V122: 4260.4538 | W122: 4261.3295 | X122: 4255.3699 | Y122: 4249.4102 | Z122: 4243.4505 | AA122: 4237.4909 | AB122: 4231.5312 | AC122: 4228.5692 | AD122: 4225.6072 | AE122: 4222.6451 | AF122: 4219.6831 | AG122: 4216.721
A125: Annual comparison | C125: 2022 | D125: 2023 | E125: 2024 | F125: 2025 | G125: 2026 | H125: 2027 | I125: 2028 | J125: 2029 | K125: 2030 | L125: 2031 | M125: 2032 | N125: 2033 | O125: 2034 | P125: 2035 | Q125: 2036 | R125: 2037 | S125: 2038 | T125: 2039 | U125: 2040 | V125: 2041 | W125: 2042 | X125: 2043 | Y125: 2044 | Z125: 2045 | AA125: 2046 | AB125: 2047 | AC125: 2048 | AD125: 2049 | AE125: 2050
...
