Workbook

Sheet Useful energy - all
A1: Useful energy stats in PJ after aggregation of sectors (based on JRC-IDEES 2021)
A3: Country | B3: Sector | C3: TECHNOLOGY | D3: 2018 | E3: 2019 | F3: 2020 | G3: 2021
A4: =LEFT(C4,2) -> AT | B4: =RIGHT(C4,1) -> I | C4: ATEINOILFC0I | D4: 0.033 | E4: 0.041 | F4: 0.0254 | G4: 0.0373
A5: =LEFT(C5,2) -> AT | B5: =RIGHT(C5,1) -> I | C5: ATEINCOAFC0I | D5: 2.8024 | E5: 4.0938 | F5: 4.2838 | G5: 4.2633
A6: =LEFT(C6,2) -> AT | B6: =RIGHT(C6,1) -> I | C6: ATEINCOAFCCI | D6: 0 | E6: 0 | F6: 0 | G6: 0
A7: =LEFT(C7,2) -> AT | B7: =RIGHT(C7,1) -> I | C7: ATEINNGSFC0I | D7: 11.9996 | E7: 12.0262 | F7: 11.4296 | G7: 11.5473
A8: =LEFT(C8,2) -> AT | B8: =RIGHT(C8,1) -> I | C8: ATEINNGSFCCI | D8: 0 | E8: 0 | F8: 0 | G8: 0
A9: =LEFT(C9,2) -> AT | B9: =RIGHT(C9,1) -> I | C9: ATEINBIOFC0I | D9: 0.0061 | E9: 0.0053 | F9: 0.006 | G9: 0.0068
A10: =LEFT(C10,2) -> AT | B10: =RIGHT(C10,1) -> I | C10: ATEINELCFC0I | D10: 5.449 | E10: 5.5274 | F10: 5.1102 | G10: 5.5114
A11: =LEFT(C11,2) -> AT | B11: =RIGHT(C11,1) -> I | C11: ATEINELCMC0I | D11: 0.9795 | E11: 1.0011 | F11: 0.952 | G11: 0.9409
A12: =LEFT(C12,2) -> AT | B12: =RIGHT(C12,1) -> I | C12: ATEINHY2FC0I | D12: 0 | E12: 0 | F12: 0 | G12: 0
A13: =LEFT(C13,2) -> AT | B13: =RIGHT(C13,1) -> I | C13: ATEINSTH000I | D13: 0 | E13: 0 | F13: 0 | G13: 0
A14: =LEFT(C14,2) -> AT | B14: =RIGHT(C14,1) -> I | C14: ATEINHEA000I | D14: 1.9664 | E14: 1.9638 | F14: 1.9006 | G14: 2.1878
A15: =LEFT(C15,2) -> AT | B15: =RIGHT(C15,1) -> C | C15: ATEINOILFC0C | D15: 0.2681 | E15: 0.2971 | F15: 0.3841 | G15: 0.2384
... A1389: =LEFT(C1389,2) -> SK | B1389: =RIGHT(C1389,1) -> O | C1389: SKEINHEA000O | D1389: 0.3601 | E1389: 0.5284 | F1389: 0.476 | G1389: 0.5343

Sheet Useful energy - mech
A1: Useful energy stats in PJ after aggregation of sectors (based on JRC-IDEES 2021)
F2: 3 | G2: 4 | H2: 5 | I2: 6 | J2: 7 | K2: 8 | L2: 9 | M2: 10 | N2: 11 | O2: 12 | P2: 13 | Q2: 14 | R2: 15 | S2: 16 | T2: 17 | U2: 18 | V2: 19 | W2: 20 | X2: 21 | Y2: 22 | Z2: 23 | AA2: 24 | AB2: 25 | AC2: 26 | AD2: 27 | AE2: 28 | AF2: 29 | AG2: 30 | AH2: 31 | AI2: 32 | AJ2: 33 | AK2: 34 | AL2: 35 | AM2: 36 | AN2: 37 | AO2: 38 | AP2: 39 | AQ2: 40 | AR2: 41
A3: Country | B3: Sector | C3: TECHNOLOGY | D3: Fuel | E3: 2021 | F3: 2022 | G3: 2023 | H3: 2024 | I3: 2025 | J3: 2026 | K3: 2027 | L3: 2028 | M3: 2029 | N3: 2030 | O3: 2031 | P3: 2032 | Q3: 2033 | R3: 2034 | S3: 2035 | T3: 2036 | U3: 2037 | V3: 2038 | W3: 2039 | X3: 2040 | Y3: 2041 | Z3: 2042 | AA3: 2043 | AB3: 2044 | AC3: 2045 | AD3: 2046 | AE3: 2047 | AF3: 2048 | AG3: 2049 | AH3: 2050 | AI3: 2051 | AJ3: 2052 | AK3: 2053 | AL3: 2054 | AM3: 2055 | AN3: 2056 | AO3: 2057 | AP3: 2058 | AQ3: 2059 | AR3: 2060
A4: EE | B4: W | C4: EEEINELCMC0W | D4: =A4&"IME"&B4 -> EEIMEW | E4: 0.6057 | F4: =E4*VLOOKUP($A4,'EU Ref Sc 2020 Other industries'!$A$5:$AE$33,F$2) -> 0.63107761 | G4: =F4*VLOOKUP($A4,'EU Ref Sc 2020 Other industries'!$A$5:$AE$33,G$2) -> 0.65645522 | H4: =G4*VLOOKUP($A4,'EU Ref Sc 2020 Other industries'!$A$5:$AE$33,H$2) -> 0.68183282 | I4: =H4*VLOOKUP($A4,'EU Ref Sc 2020 Other industries'!$A$5:$AE$33,I$2) -> 0.70721043 | J4: =I4*VLOOKUP($A4,'EU Ref Sc 2020 Other industries'!$A$5:$AE$33,J$2) -> 0.73242383 | K4: =J4*VLOOKUP($A4,'EU Ref Sc 2020 Other industries'!$A$5:$AE$33,K$2) -> 0.75763723 | L4: =K4*VLOOKUP($A4,'EU Ref Sc 2020 Other industries'!$A$5:$AE$33,L$2) -> 0.78285063 | M4: =L4*VLOOKUP($A4,'EU Ref Sc 2020 Other industries'!$A$5:$AE$33,M$2) -> 0.80806403 | ... AH4: =AG4*VLOOKUP($A4,'EU Ref Sc 2020 Other industries'!$A$5:$AE$33,AH$2) -> 0.80824734 | AI4: =AH4 -> 0.80824734 | AJ4: =AI4 -> 0.80824734 | AK4: =AJ4 -> 0.80824734 | AL4: =AK4 -> 0.80824734 | AM4: =AL4 -> 0.80824734 | AN4: =AM4 -> 0.80824734 | AO4: =AN4 -> 0.80824734 | AP4: =AO4 -> 0.80824734 | ... AR4: =AQ4 -> 0.80824734
A5: FI | B5: W | C5: FIEINELCMC0W | D5: =A5&"IME"&B5 -> FIIMEW | E5: 2.2304 | F5: =E5*VLOOKUP($A5,'EU Ref Sc 2020 Other industries'!$A$5:$AE$33,F$2) -> 2.3238493 | G5: =F5*VLOOKUP($A5,'EU Ref Sc 2020 Other industries'!$A$5:$AE$33,G$2) -> 2.4172985 | H5: =G5*VLOOKUP($A5,'EU Ref Sc 2020 Other industries'!$A$5:$AE$33,H$2) -> 2.5107478 | I5: =H5*VLOOKUP($A5,'EU Ref Sc 2020 Other industries'!$A$5:$AE$33,I$2) -> 2.604197 | J5: =I5*VLOOKUP($A5,'EU Ref Sc 2020 Other industries'!$A$5:$AE$33,J$2) -> 2.6970416 | K5: =J5*VLOOKUP($A5,'EU Ref Sc 2020 Other industries'!$A$5:$AE$33,K$2) -> 2.7898862 | L5: =K5*VLOOKUP($A5,'EU Ref Sc 2020 Other industries'!$A$5:$AE$33,L$2) -> 2.8827308 | M5: =L5*VLOOKUP($A5,'EU Ref Sc 2020 Other industries'!$A$5:$AE$33,M$2) -> 2.9755754 | ... AH5: =AG5*VLOOKUP($A5,'EU Ref Sc 2020 Other industries'!$A$5:$AE$33,AH$2) -> 2.9762504 | AI5: =AH5 -> 2.9762504 | AJ5: =AI5 -> 2.9762504 | AK5: =AJ5 -> 2.9762504 | AL5: =AK5 -> 2.9762504 | AM5: =AL5 -> 2.9762504 | AN5: =AM5 -> 2.9762504 | AO5: =AN5 -> 2.9762504 | AP5: =AO5 -> 2.9762504 | ... AR5: =AQ5 -> 2.9762504
A6: LT | B6: W | C6: LTEINELCMC0W | D6: =A6&"IME"&B6 -> LTIMEW | E6: 0.5267 | F6: =E6*VLOOKUP($A6,'EU Ref Sc 2020 Other industries'!$A$5:$AE$33,F$2) -> 0.54002851 | G6: =F6*VLOOKUP($A6,'EU Ref Sc 2020 Other industries'!$A$5:$AE$33,G$2) -> 0.55335702 | H6: =G6*VLOOKUP($A6,'EU Ref Sc 2020 Other industries'!$A$5:$AE$33,H$2) -> 0.56668552 | I6: =H6*VLOOKUP($A6,'EU Ref Sc 2020 Other industries'!$A$5:$AE$33,I$2) -> 0.58001403 | J6: =I6*VLOOKUP($A6,'EU Ref Sc 2020 Other industries'!$A$5:$AE$33,J$2) -> 0.57950226 | K6: =J6*VLOOKUP($A6,'EU Ref Sc 2020 Other industries'!$A$5:$AE$33,K$2) -> 0.57899048 | L6: =K6*VLOOKUP($A6,'EU Ref Sc 2020 Other industries'!$A$5:$AE$33,L$2) -> 0.57847871 | M6: =L6*VLOOKUP($A6,'EU Ref Sc 2020 Other industries'!$A$5:$AE$33,M$2) -> 0.57796693 | ... AH6: =AG6*VLOOKUP($A6,'EU Ref Sc 2020 Other industries'!$A$5:$AE$33,AH$2) -> 0.58974035 | AI6: =AH6 -> 0.58974035 | AJ6: =AI6 -> 0.58974035 | AK6: =AJ6 -> 0.58974035 | AL6: =AK6 -> 0.58974035 | AM6: =AL6 -> 0.58974035 | AN6: =AM6 -> 0.58974035 | AO6: =AN6 -> 0.58974035 | AP6: =AO6 -> 0.58974035 | ... AR6: =AQ6 -> 0.58974035
A7: LV | B7: W | C7: LVEINELCMC0W | D7: =A7&"IME"&B7 -> LVIMEW | E7: 1.2844 | F7: =E7*VLOOKUP($A7,'EU Ref Sc 2020 Other industries'!$A$5:$AE$33,F$2) -> 1.3014488 | G7: =F7*VLOOKUP($A7,'EU Ref Sc 2020 Other industries'!$A$5:$AE$33,G$2) -> 1.3184976 | H7: =G7*VLOOKUP($A7,'EU Ref Sc 2020 Other industries'!$A$5:$AE$33,H$2) -> 1.3355464 | I7: =H7*VLOOKUP($A7,'EU Ref Sc 2020 Other industries'!$A$5:$AE$33,I$2) -> 1.3525952 | J7: =I7*VLOOKUP($A7,'EU Ref Sc 2020 Other industries'!$A$5:$AE$33,J$2) -> 1.3534645 | K7: =J7*VLOOKUP($A7,'EU Ref Sc 2020 Other industries'!$A$5:$AE$33,K$2) -> 1.3543339 | L7: =K7*VLOOKUP($A7,'EU Ref Sc 2020 Other industries'!$A$5:$AE$33,L$2) -> 1.3552032 | M7: =L7*VLOOKUP($A7,'EU Ref Sc 2020 Other industries'!$A$5:$AE$33,M$2) -> 1.3560725 | ... AH7: =AG7*VLOOKUP($A7,'EU Ref Sc 2020 Other industries'!$A$5:$AE$33,AH$2) -> 1.1410078 | AI7: =AH7 -> 1.1410078 | AJ7: =AI7 -> 1.1410078 | AK7: =AJ7 -> 1.1410078 | AL7: =AK7 -> 1.1410078 | AM7: =AL7 -> 1.1410078 | AN7: =AM7 -> 1.1410078 | AO7: =AN7 -> 1.1410078 | AP7: =AO7 -> 1.1410078 | ... AR7: =AQ7 -> 1.1410078
A8: AT | B8: P | C8: ATEINELCMC0P | D8: =A8&"IME"&B8 -> ATIMEP | E8: 4.2201 | F8: =E8*VLOOKUP($A8,'EU Ref Sc 2020 Energy intensive'!$A$5:$AE$33,F$2) -> 4.2518206 | G8: =F8*VLOOKUP($A8,'EU Ref Sc 2020 Energy intensive'!$A$5:$AE$33,G$2) -> 4.2835412 | H8: =G8*VLOOKUP($A8,'EU Ref Sc 2020 Energy intensive'!$A$5:$AE$33,H$2) -> 4.3152619 | I8: =H8*VLOOKUP($A8,'EU Ref Sc 2020 Energy intensive'!$A$5:$AE$33,I$2) -> 4.3469825 | J8: =I8*VLOOKUP($A8,'EU Ref Sc 2020 Energy intensive'!$A$5:$AE$33,J$2) -> 4.3130636 | K8: =J8*VLOOKUP($A8,'EU Ref Sc 2020 Energy intensive'!$A$5:$AE$33,K$2) -> 4.2791447 | L8: =K8*VLOOKUP($A8,'EU Ref Sc 2020 Energy intensive'!$A$5:$AE$33,L$2) -> 4.2452258 | M8: =L8*VLOOKUP($A8,'EU Ref Sc 2020 Energy intensive'!$A$5:$AE$33,M$2) -> 4.2113068 | ... AH8: =AG8*VLOOKUP($A8,'EU Ref Sc 2020 Energy intensive'!$A$5:$AE$33,AH$2) -> 3.6208313 | AI8: =AH8 -> 3.6208313 | AJ8: =AI8 -> 3.6208313 | AK8: =AJ8 -> 3.6208313 | AL8: =AK8 -> 3.6208313 | AM8: =AL8 -> 3.6208313 | AN8: =AM8 -> 3.6208313 | AO8: =AN8 -> 3.6208313 | AP8: =AO8 -> 3.6208313 | ... AR8: =AQ8 -> 3.6208313
A9: CZ | B9: P | C9: CZEINELCMC0P | D9: =A9&"IME"&B9 -> CZIMEP | E9: 2.1454 | F9: =E9*VLOOKUP($A9,'EU Ref Sc 2020 Energy intensive'!$A$5:$AE$33,F$2) -> 2.1506705 | G9: =F9*VLOOKUP($A9,'EU Ref Sc 2020 Energy intensive'!$A$5:$AE$33,G$2) -> 2.1559409 | H9: =G9*VLOOKUP($A9,'EU Ref Sc 2020 Energy intensive'!$A$5:$AE$33,H$2) -> 2.1612114 | I9: =H9*VLOOKUP($A9,'EU Ref Sc 2020 Energy intensive'!$A$5:$AE$33,I$2) -> 2.1664819 | J9: =I9*VLOOKUP($A9,'EU Ref Sc 2020 Energy intensive'!$A$5:$AE$33,J$2) -> 2.1258421 | K9: =J9*VLOOKUP($A9,'EU Ref Sc 2020 Energy intensive'!$A$5:$AE$33,K$2) -> 2.0852024 | L9: =K9*VLOOKUP($A9,'EU Ref Sc 2020 Energy intensive'!$A$5:$AE$33,L$2) -> 2.0445626 | M9: =L9*VLOOKUP($A9,'EU Ref Sc 2020 Energy intensive'!$A$5:$AE$33,M$2) -> 2.0039229 | ... AH9: =AG9*VLOOKUP($A9,'EU Ref Sc 2020 Energy intensive'!$A$5:$AE$33,AH$2) -> 1.6913782 | AI9: =AH9 -> 1.6913782 | AJ9: =AI9 -> 1.6913782 | AK9: =AJ9 -> 1.6913782 | AL9: =AK9 -> 1.6913782 | AM9: =AL9 -> 1.6913782 | AN9: =AM9 -> 1.6913782 | AO9: =AN9 -> 1.6913782 | AP9: =AO9 -> 1.6913782 | ... AR9: =AQ9 -> 1.6913782
A10: DE | B10: P | C10: DEEINELCMC0P | D10: =A10&"IME"&B10 -> DEIMEP | E10: 17.7868 | F10: =E10*VLOOKUP($A10,'EU Ref Sc 2020 Energy intensive'!$A$5:$AE$33,F$2) -> 17.899302 | G10: =F10*VLOOKUP($A10,'EU Ref Sc 2020 Energy intensive'!$A$5:$AE$33,G$2) -> 18.011804 | H10: =G10*VLOOKUP($A10,'EU Ref Sc 2020 Energy intensive'!$A$5:$AE$33,H$2) -> 18.124307 | I10: =H10*VLOOKUP($A10,'EU Ref Sc 2020 Energy intensive'!$A$5:$AE$33,I$2) -> 18.236809 | J10: =I10*VLOOKUP($A10,'EU Ref Sc 2020 Energy intensive'!$A$5:$AE$33,J$2) -> 18.012968 | K10: =J10*VLOOKUP($A10,'EU Ref Sc 2020 Energy intensive'!$A$5:$AE$33,K$2) -> 17.789127 | L10: =K10*VLOOKUP($A10,'EU Ref Sc 2020 Energy intensive'!$A$5:$AE$33,L$2) -> 17.565286 | M10: =L10*VLOOKUP($A10,'EU Ref Sc 2020 Energy intensive'!$A$5:$AE$33,M$2) -> 17.341444 | ... AH10: =AG10*VLOOKUP($A10,'EU Ref Sc 2020 Energy intensive'!$A$5:$AE$33,AH$2) -> 14.131633 | AI10: =AH10 -> 14.131633 | AJ10: =AI10 -> 14.131633 | AK10: =AJ10 -> 14.131633 | AL10: =AK10 -> 14.131633 | AM10: =AL10 -> 14.131633 | AN10: =AM10 -> 14.131633 | AO10: =AN10 -> 14.131633 | AP10: =AO10 -> 14.131633 | ... AR10: =AQ10 -> 14.131633
A11: EE | B11: P | C11: EEEINELCMC0P | D11: =A11&"IME"&B11 -> EEIMEP | E11: 0.399 | F11: =E11*VLOOKUP($A11,'EU Ref Sc 2020 Energy intensive'!$A$5:$AE$33,F$2) -> 0.41734826 | G11: =F11*VLOOKUP($A11,'EU Ref Sc 2020 Energy intensive'!$A$5:$AE$33,G$2) -> 0.43569653 | H11: =G11*VLOOKUP($A11,'EU Ref Sc 2020 Energy intensive'!$A$5:$AE$33,H$2) -> 0.45404479 | I11: =H11*VLOOKUP($A11,'EU Ref Sc 2020 Energy intensive'!$A$5:$AE$33,I$2) -> 0.47239305 | J11: =I11*VLOOKUP($A11,'EU Ref Sc 2020 Energy intensive'!$A$5:$AE$33,J$2) -> 0.47474324 | K11: =J11*VLOOKUP($A11,'EU Ref Sc 2020 Energy intensive'!$A$5:$AE$33,K$2) -> 0.47709343 | L11: =K11*VLOOKUP($A11,'EU Ref Sc 2020 Energy intensive'!$A$5:$AE$33,L$2) -> 0.47944362 | M11: =L11*VLOOKUP($A11,'EU Ref Sc 2020 Energy intensive'!$A$5:$AE$33,M$2) -> 0.48179381 | ... AH11: =AG11*VLOOKUP($A11,'EU Ref Sc 2020 Energy intensive'!$A$5:$AE$33,AH$2) -> 0.39608865 | AI11: =AH11 -> 0.39608865 | AJ11: =AI11 -> 0.39608865 | AK11: =AJ11 -> 0.39608865 | AL11: =AK11 -> 0.39608865 | AM11: =AL11 -> 0.39608865 | AN11: =AM11 -> 0.39608865 | AO11: =AN11 -> 0.39608865 | AP11: =AO11 -> 0.39608865 | ... AR11: =AQ11 -> 0.39608865
A12: FI | B12: P | C12: FIEINELCMC0P | D12: =A12&"IME"&B12 -> FIIMEP | E12: 15.5816 | F12: =E12*VLOOKUP($A12,'EU Ref Sc 2020 Energy intensive'!$A$5:$AE$33,F$2) -> 16.29813 | G12: =F12*VLOOKUP($A12,'EU Ref Sc 2020 Energy intensive'!$A$5:$AE$33,G$2) -> 17.014659 | H12: =G12*VLOOKUP($A12,'EU Ref Sc 2020 Energy intensive'!$A$5:$AE$33,H$2) -> 17.731189 | I12: =H12*VLOOKUP($A12,'EU Ref Sc 2020 Energy intensive'!$A$5:$AE$33,I$2) -> 18.447718 | J12: =I12*VLOOKUP($A12,'EU Ref Sc 2020 Energy intensive'!$A$5:$AE$33,J$2) -> 18.539497 | K12: =J12*VLOOKUP($A12,'EU Ref Sc 2020 Energy intensive'!$A$5:$AE$33,K$2) -> 18.631276 | L12: =K12*VLOOKUP($A12,'EU Ref Sc 2020 Energy intensive'!$A$5:$AE$33,L$2) -> 18.723054 | M12: =L12*VLOOKUP($A12,'EU Ref Sc 2020 Energy intensive'!$A$5:$AE$33,M$2) -> 18.814833 | ... AH12: =AG12*VLOOKUP($A12,'EU Ref Sc 2020 Energy intensive'!$A$5:$AE$33,AH$2) -> 15.467907 | AI12: =AH12 -> 15.467907 | AJ12: =AI12 -> 15.467907 | AK12: =AJ12 -> 15.467907 | AL12: =AK12 -> 15.467907 | AM12: =AL12 -> 15.467907 | AN12: =AM12 -> 15.467907 | AO12: =AN12 -> 15.467907 | AP12: =AO12 -> 15.467907 | ... AR12: =AQ12 -> 15.467907
A13: FR | B13: P | C13: FREINELCMC0P | D13: =A13&"IME"&B13 -> FRIMEP | E13: 7.0568 | F13: =E13*VLOOKUP($A13,'EU Ref Sc 2020 Energy intensive'!$A$5:$AE$33,F$2) -> 7.3813113 | G13: =F13*VLOOKUP($A13,'EU Ref Sc 2020 Energy intensive'!$A$5:$AE$33,G$2) -> 7.7058227 | H13: =G13*VLOOKUP($A13,'EU Ref Sc 2020 Energy intensive'!$A$5:$AE$33,H$2) -> 8.030334 | I13: =H13*VLOOKUP($A13,'EU Ref Sc 2020 Energy intensive'!$A$5:$AE$33,I$2) -> 8.3548453 | J13: =I13*VLOOKUP($A13,'EU Ref Sc 2020 Energy intensive'!$A$5:$AE$33,J$2) -> 8.3964113 | K13: =J13*VLOOKUP($A13,'EU Ref Sc 2020 Energy intensive'!$A$5:$AE$33,K$2) -> 8.4379773 | L13: =K13*VLOOKUP($A13,'EU Ref Sc 2020 Energy intensive'!$A$5:$AE$33,L$2) -> 8.4795432 | M13: =L13*VLOOKUP($A13,'EU Ref Sc 2020 Energy intensive'!$A$5:$AE$33,M$2) -> 8.5211092 | ... AH13: =AG13*VLOOKUP($A13,'EU Ref Sc 2020 Energy intensive'!$A$5:$AE$33,AH$2) -> 7.0053091 | AI13: =AH13 -> 7.0053091 | AJ13: =AI13 -> 7.0053091 | AK13: =AJ13 -> 7.0053091 | AL13: =AK13 -> 7.0053091 | AM13: =AL13 -> 7.0053091 | AN13: =AM13 -> 7.0053091 | AO13: =AN13 -> 7.0053091 | AP13: =AO13 -> 7.0053091 | ... AR13: =AQ13 -> 7.0053091
A14: HR | B14: P | C14: HREINELCMC0P | D14: =A14&"IME"&B14 -> HRIMEP | E14: 0.5162 | F14: =E14*VLOOKUP($A14,'EU Ref Sc 2020 Energy intensive'!$A$5:$AE$33,F$2) -> 0.52195412 | G14: =F14*VLOOKUP($A14,'EU Ref Sc 2020 Energy intensive'!$A$5:$AE$33,G$2) -> 0.52770825 | H14: =G14*VLOOKUP($A14,'EU Ref Sc 2020 Energy intensive'!$A$5:$AE$33,H$2) -> 0.53346237 | I14: =H14*VLOOKUP($A14,'EU Ref Sc 2020 Energy intensive'!$A$5:$AE$33,I$2) -> 0.53921649 | J14: =I14*VLOOKUP($A14,'EU Ref Sc 2020 Energy intensive'!$A$5:$AE$33,J$2) -> 0.52989743 | K14: =J14*VLOOKUP($A14,'EU Ref Sc 2020 Energy intensive'!$A$5:$AE$33,K$2) -> 0.52057836 | L14: =K14*VLOOKUP($A14,'EU Ref Sc 2020 Energy intensive'!$A$5:$AE$33,L$2) -> 0.51125929 | M14: =L14*VLOOKUP($A14,'EU Ref Sc 2020 Energy intensive'!$A$5:$AE$33,M$2) -> 0.50194022 | ... AH14: =AG14*VLOOKUP($A14,'EU Ref Sc 2020 Energy intensive'!$A$5:$AE$33,AH$2) -> 0.49966947 | AI14: =AH14 -> 0.49966947 | AJ14: =AI14 -> 0.49966947 | AK14: =AJ14 -> 0.49966947 | AL14: =AK14 -> 0.49966947 | AM14: =AL14 -> 0.49966947 | AN14: =AM14 -> 0.49966947 | AO14: =AN14 -> 0.49966947 | AP14: =AO14 -> 0.49966947 | ... AR14: =AQ14 -> 0.49966947
A15: PT | B15: P | C15: PTEINELCMC0P | D15: =A15&"IME"&B15 -> PTIMEP | E15: 3.4079 | F15: =E15*VLOOKUP($A15,'EU Ref Sc 2020 Energy intensive'!$A$5:$AE$33,F$2) -> 3.4075643 | G15: =F15*VLOOKUP($A15,'EU Ref Sc 2020 Energy intensive'!$A$5:$AE$33,G$2) -> 3.4072286 | H15: =G15*VLOOKUP($A15,'EU Ref Sc 2020 Energy intensive'!$A$5:$AE$33,H$2) -> 3.4068929 | I15: =H15*VLOOKUP($A15,'EU Ref Sc 2020 Energy intensive'!$A$5:$AE$33,I$2) -> 3.4065572 | J15: =I15*VLOOKUP($A15,'EU Ref Sc 2020 Energy intensive'!$A$5:$AE$33,J$2) -> 3.3791756 | K15: =J15*VLOOKUP($A15,'EU Ref Sc 2020 Energy intensive'!$A$5:$AE$33,K$2) -> 3.3517939 | L15: =K15*VLOOKUP($A15,'EU Ref Sc 2020 Energy intensive'!$A$5:$AE$33,L$2) -> 3.3244123 | M15: =L15*VLOOKUP($A15,'EU Ref Sc 2020 Energy intensive'!$A$5:$AE$33,M$2) -> 3.2970306 | ... AH15: =AG15*VLOOKUP($A15,'EU Ref Sc 2020 Energy intensive'!$A$5:$AE$33,AH$2) -> 2.4646054 | AI15: =AH15 -> 2.4646054 | AJ15: =AI15 -> 2.4646054 | AK15: =AJ15 -> 2.4646054 | AL15: =AK15 -> 2.4646054 | AM15: =AL15 -> 2.4646054 | AN15: =AM15 -> 2.4646054 | AO15: =AN15 -> 2.4646054 | AP15: =AO15 -> 2.4646054 | ... AR15: =AQ15 -> 2.4646054
A16: SE | B16: P | C16: SEEINELCMC0P | D16: =A16&"IME"&B16 -> SEIMEP | E16: 16.8095 | F16: =E16*VLOOKUP($A16,'EU Ref Sc 2020 Energy intensive'!$A$5:$AE$33,F$2) -> 16.808332 | G16: =F16*VLOOKUP($A16,'EU Ref Sc 2020 Energy intensive'!$A$5:$AE$33,G$2) -> 16.807164 | H16: =G16*VLOOKUP($A16,'EU Ref Sc 2020 Energy intensive'!$A$5:$AE$33,H$2) -> 16.805996 | I16: =H16*VLOOKUP($A16,'EU Ref Sc 2020 Energy intensive'!$A$5:$AE$33,I$2) -> 16.804828 | J16: =I16*VLOOKUP($A16,'EU Ref Sc 2020 Energy intensive'!$A$5:$AE$33,J$2) -> 16.782961 | K16: =J16*VLOOKUP($A16,'EU Ref Sc 2020 Energy intensive'!$A$5:$AE$33,K$2) -> 16.761095 | L16: =K16*VLOOKUP($A16,'EU Ref Sc 2020 Energy intensive'!$A$5:$AE$33,L$2) -> 16.739228 | M16: =L16*VLOOKUP($A16,'EU Ref Sc 2020 Energy intensive'!$A$5:$AE$33,M$2) -> 16.717362 | ... AH16: =AG16*VLOOKUP($A16,'EU Ref Sc 2020 Energy intensive'!$A$5:$AE$33,AH$2) -> 13.590735 | AI16: =AH16 -> 13.590735 | AJ16: =AI16 -> 13.590735 | AK16: =AJ16 -> 13.590735 | AL16: =AK16 -> 13.590735 | AM16: =AL16 -> 13.590735 | AN16: =AM16 -> 13.590735 | AO16: =AN16 -> 13.590735 | AP16: =AO16 -> 13.590735 | ... AR16: =AQ16 -> 13.590735
A17: SK | B17: P | C17: SKEINELCMC0P | D17: =A17&"IME"&B17 -> SKIMEP | E17: 1.2402 | F17: =E17*VLOOKUP($A17,'EU Ref Sc 2020 Energy intensive'!$A$5:$AE$33,F$2) -> 1.2449537 | G17: =F17*VLOOKUP($A17,'EU Ref Sc 2020 Energy intensive'!$A$5:$AE$33,G$2) -> 1.2497074 | H17: =G17*VLOOKUP($A17,'EU Ref Sc 2020 Energy intensive'!$A$5:$AE$33,H$2) -> 1.2544611 | I17: =H17*VLOOKUP($A17,'EU Ref Sc 2020 Energy intensive'!$A$5:$AE$33,I$2) -> 1.2592148 | J17: =I17*VLOOKUP($A17,'EU Ref Sc 2020 Energy intensive'!$A$5:$AE$33,J$2) -> 1.2460362 | K17: =J17*VLOOKUP($A17,'EU Ref Sc 2020 Energy intensive'!$A$5:$AE$33,K$2) -> 1.2328576 | L17: =K17*VLOOKUP($A17,'EU Ref Sc 2020 Energy intensive'!$A$5:$AE$33,L$2) -> 1.219679 | M17: =L17*VLOOKUP($A17,'EU Ref Sc 2020 Energy intensive'!$A$5:$AE$33,M$2) -> 1.2065004 | ... AH17: =AG17*VLOOKUP($A17,'EU Ref Sc 2020 Energy intensive'!$A$5:$AE$33,AH$2) -> 0.89146751 | AI17: =AH17 -> 0.89146751 | AJ17: =AI17 -> 0.89146751 | AK17: =AJ17 -> 0.89146751 | AL17: =AK17 -> 0.89146751 | AM17: =AL17 -> 0.89146751 | AN17: =AM17 -> 0.89146751 | AO17: =AN17 -> 0.89146751 | AP17: =AO17 -> 0.89146751 | ... AR17: =AQ17 -> 0.89146751
A18: AT | B18: O | C18: ATEINELCMC0O | D18: =A18&"IME"&B18 -> ATIMEO | E18: 14.5245 | F18: =E18*VLOOKUP($A18,'EU Ref Sc 2020 Other industries'!$A$5:$AE$33,F$2) -> 14.753361 | G18: =F18*VLOOKUP($A18,'EU Ref Sc 2020 Other industries'!$A$5:$AE$33,G$2) -> 14.982221 | H18: =G18*VLOOKUP($A18,'EU Ref Sc 2020 Other industries'!$A$5:$AE$33,H$2) -> 15.211082 | I18: =H18*VLOOKUP($A18,'EU Ref Sc 2020 Other industries'!$A$5:$AE$33,I$2) -> 15.439942 | J18: =I18*VLOOKUP($A18,'EU Ref Sc 2020 Other industries'!$A$5:$AE$33,J$2) -> 15.334296 | K18: =J18*VLOOKUP($A18,'EU Ref Sc 2020 Other industries'!$A$5:$AE$33,K$2) -> 15.22865 | L18: =K18*VLOOKUP($A18,'EU Ref Sc 2020 Other industries'!$A$5:$AE$33,L$2) -> 15.123003 | M18: =L18*VLOOKUP($A18,'EU Ref Sc 2020 Other industries'!$A$5:$AE$33,M$2) -> 15.017357 | ... AH18: =AG18*VLOOKUP($A18,'EU Ref Sc 2020 Other industries'!$A$5:$AE$33,AH$2) -> 18.261408 | AI18: =AH18 -> 18.261408 | AJ18: =AI18 -> 18.261408 | AK18: =AJ18 -> 18.261408 | AL18: =AK18 -> 18.261408 | AM18: =AL18 -> 18.261408 | AN18: =AM18 -> 18.261408 | AO18: =AN18 -> 18.261408 | AP18: =AO18 -> 18.261408 | ... AR18: =AQ18 -> 18.261408
A19: BE | B19: O | C19: BEEINELCMC0O | D19: =A19&"IME"&B19 -> BEIMEO | E19: 13.0382 | F19: =E19*VLOOKUP($A19,'EU Ref Sc 2020 Other industries'!$A$5:$AE$33,F$2) -> 13.377704 | G19: =F19*VLOOKUP($A19,'EU Ref Sc 2020 Other industries'!$A$5:$AE$33,G$2) -> 13.717207 | H19: =G19*VLOOKUP($A19,'EU Ref Sc 2020 Other industries'!$A$5:$AE$33,H$2) -> 14.056711 | I19: =H19*VLOOKUP($A19,'EU Ref Sc 2020 Other industries'!$A$5:$AE$33,I$2) -> 14.396215 | J19: =I19*VLOOKUP($A19,'EU Ref Sc 2020 Other industries'!$A$5:$AE$33,J$2) -> 14.346148 | K19: =J19*VLOOKUP($A19,'EU Ref Sc 2020 Other industries'!$A$5:$AE$33,K$2) -> 14.296081 | L19: =K19*VLOOKUP($A19,'EU Ref Sc 2020 Other industries'!$A$5:$AE$33,L$2) -> 14.246014 | M19: =L19*VLOOKUP($A19,'EU Ref Sc 2020 Other industries'!$A$5:$AE$33,M$2) -> 14.195948 | ... AH19: =AG19*VLOOKUP($A19,'EU Ref Sc 2020 Other industries'!$A$5:$AE$33,AH$2) -> 15.277446 | AI19: =AH19 -> 15.277446 | AJ19: =AI19 -> 15.277446 | AK19: =AJ19 -> 15.277446 | AL19: =AK19 -> 15.277446 | AM19: =AL19 -> 15.277446 | AN19: =AM19 -> 15.277446 | AO19: =AN19 -> 15.277446 | AP19: =AO19 -> 15.277446 | ... AR19: =AQ19 -> 15.277446
A20: BG | B20: O | C20: BGEINELCMC0O | D20: =A20&"IME"&B20 -> BGIMEO | E20: 5.4743 | F20: =E20*VLOOKUP($A20,'EU Ref Sc 2020 Other industries'!$A$5:$AE$33,F$2) -> 5.6672846 | G20: =F20*VLOOKUP($A20,'EU Ref Sc 2020 Other industries'!$A$5:$AE$33,G$2) -> 5.8602691 | H20: =G20*VLOOKUP($A20,'EU Ref Sc 2020 Other industries'!$A$5:$AE$33,H$2) -> 6.0532537 | I20: =H20*VLOOKUP($A20,'EU Ref Sc 2020 Other industries'!$A$5:$AE$33,I$2) -> 6.2462382 | J20: =I20*VLOOKUP($A20,'EU Ref Sc 2020 Other industries'!$A$5:$AE$33,J$2) -> 6.4315634 | K20: =J20*VLOOKUP($A20,'EU Ref Sc 2020 Other industries'!$A$5:$AE$33,K$2) -> 6.6168886 | L20: =K20*VLOOKUP($A20,'EU Ref Sc 2020 Other industries'!$A$5:$AE$33,L$2) -> 6.8022138 | M20: =L20*VLOOKUP($A20,'EU Ref Sc 2020 Other industries'!$A$5:$AE$33,M$2) -> 6.987539 | ... AH20: =AG20*VLOOKUP($A20,'EU Ref Sc 2020 Other industries'!$A$5:$AE$33,AH$2) -> 7.1231774 | AI20: =AH20 -> 7.1231774 | AJ20: =AI20 -> 7.1231774 | AK20: =AJ20 -> 7.1231774 | AL20: =AK20 -> 7.1231774 | AM20: =AL20 -> 7.1231774 | AN20: =AM20 -> 7.1231774 | AO20: =AN20 -> 7.1231774 | AP20: =AO20 -> 7.1231774 | ... AR20: =AQ20 -> 7.1231774
A21: CY | B21: O | C21: CYEINELCMC0O | D21: =A21&"IME"&B21 -> CYIMEO | E21: 0.342 | F21: =E21*VLOOKUP($A21,'EU Ref Sc 2020 Other industries'!$A$5:$AE$33,F$2) -> 0.34593815 | G21: =F21*VLOOKUP($A21,'EU Ref Sc 2020 Other industries'!$A$5:$AE$33,G$2) -> 0.3498763 | H21: =G21*VLOOKUP($A21,'EU Ref Sc 2020 Other industries'!$A$5:$AE$33,H$2) -> 0.35381445 | I21: =H21*VLOOKUP($A21,'EU Ref Sc 2020 Other industries'!$A$5:$AE$33,I$2) -> 0.3577526 | J21: =I21*VLOOKUP($A21,'EU Ref Sc 2020 Other industries'!$A$5:$AE$33,J$2) -> 0.35217754 | K21: =J21*VLOOKUP($A21,'EU Ref Sc 2020 Other industries'!$A$5:$AE$33,K$2) -> 0.34660248 | L21: =K21*VLOOKUP($A21,'EU Ref Sc 2020 Other industries'!$A$5:$AE$33,L$2) -> 0.34102741 | M21: =L21*VLOOKUP($A21,'EU Ref Sc 2020 Other industries'!$A$5:$AE$33,M$2) -> 0.33545235 | ... AH21: =AG21*VLOOKUP($A21,'EU Ref Sc 2020 Other industries'!$A$5:$AE$33,AH$2) -> 0.34911513 | AI21: =AH21 -> 0.34911513 | AJ21: =AI21 -> 0.34911513 | AK21: =AJ21 -> 0.34911513 | AL21: =AK21 -> 0.34911513 | AM21: =AL21 -> 0.34911513 | AN21: =AM21 -> 0.34911513 | AO21: =AN21 -> 0.34911513 | AP21: =AO21 -> 0.34911513 | ... AR21: =AQ21 -> 0.34911513
A22: CZ | B22: O | C22: CZEINELCMC0O | D22: =A22&"IME"&B22 -> CZIMEO | E22: 16.8775 | F22: =E22*VLOOKUP($A22,'EU Ref Sc 2020 Other industries'!$A$5:$AE$33,F$2) -> 17.435175 | G22: =F22*VLOOKUP($A22,'EU Ref Sc 2020 Other industries'!$A$5:$AE$33,G$2) -> 17.992849 | H22: =G22*VLOOKUP($A22,'EU Ref Sc 2020 Other industries'!$A$5:$AE$33,H$2) -> 18.550524 | I22: =H22*VLOOKUP($A22,'EU Ref Sc 2020 Other industries'!$A$5:$AE$33,I$2) -> 19.108199 | J22: =I22*VLOOKUP($A22,'EU Ref Sc 2020 Other industries'!$A$5:$AE$33,J$2) -> 19.281008 | K22: =J22*VLOOKUP($A22,'EU Ref Sc 2020 Other industries'!$A$5:$AE$33,K$2) -> 19.453816 | L22: =K22*VLOOKUP($A22,'EU Ref Sc 2020 Other industries'!$A$5:$AE$33,L$2) -> 19.626625 | M22: =L22*VLOOKUP($A22,'EU Ref Sc 2020 Other industries'!$A$5:$AE$33,M$2) -> 19.799434 | ... AH22: =AG22*VLOOKUP($A22,'EU Ref Sc 2020 Other industries'!$A$5:$AE$33,AH$2) -> 22.329687 | AI22: =AH22 -> 22.329687 | AJ22: =AI22 -> 22.329687 | AK22: =AJ22 -> 22.329687 | AL22: =AK22 -> 22.329687 | AM22: =AL22 -> 22.329687 | AN22: =AM22 -> 22.329687 | AO22: =AN22 -> 22.329687 | AP22: =AO22 -> 22.329687 | ... AR22: =AQ22 -> 22.329687
A23: DE | B23: O | C23: DEEINELCMC0O | D23: =A23&"IME"&B23 -> DEIMEO | E23: 121.4039 | F23: =E23*VLOOKUP($A23,'EU Ref Sc 2020 Other industries'!$A$5:$AE$33,F$2) -> 122.10905 | G23: =F23*VLOOKUP($A23,'EU Ref Sc 2020 Other industries'!$A$5:$AE$33,G$2) -> 122.8142 | H23: =G23*VLOOKUP($A23,'EU Ref Sc 2020 Other industries'!$A$5:$AE$33,H$2) -> 123.51935 | I23: =H23*VLOOKUP($A23,'EU Ref Sc 2020 Other industries'!$A$5:$AE$33,I$2) -> 124.2245 | J23: =I23*VLOOKUP($A23,'EU Ref Sc 2020 Other industries'!$A$5:$AE$33,J$2) -> 122.7873 | K23: =J23*VLOOKUP($A23,'EU Ref Sc 2020 Other industries'!$A$5:$AE$33,K$2) -> 121.35011 | L23: =K23*VLOOKUP($A23,'EU Ref Sc 2020 Other industries'!$A$5:$AE$33,L$2) -> 119.91291 | M23: =L23*VLOOKUP($A23,'EU Ref Sc 2020 Other industries'!$A$5:$AE$33,M$2) -> 118.47572 | ... AH23: =AG23*VLOOKUP($A23,'EU Ref Sc 2020 Other industries'!$A$5:$AE$33,AH$2) -> 113.71507 | AI23: =AH23 -> 113.71507 | AJ23: =AI23 -> 113.71507 | AK23: =AJ23 -> 113.71507 | AL23: =AK23 -> 113.71507 | AM23: =AL23 -> 113.71507 | AN23: =AM23 -> 113.71507 | AO23: =AN23 -> 113.71507 | AP23: =AO23 -> 113.71507 | ... AR23: =AQ23 -> 113.71507
A24: DK | B24: O | C24: DKEINELCMC0O | D24: =A24&"IME"&B24 -> DKIMEO | E24: 3.0503 | F24: =E24*VLOOKUP($A24,'EU Ref Sc 2020 Other industries'!$A$5:$AE$33,F$2) -> 3.0905729 | G24: =F24*VLOOKUP($A24,'EU Ref Sc 2020 Other industries'!$A$5:$AE$33,G$2) -> 3.1308458 | H24: =G24*VLOOKUP($A24,'EU Ref Sc 2020 Other industries'!$A$5:$AE$33,H$2) -> 3.1711187 | I24: =H24*VLOOKUP($A24,'EU Ref Sc 2020 Other industries'!$A$5:$AE$33,I$2) -> 3.2113917 | J24: =I24*VLOOKUP($A24,'EU Ref Sc 2020 Other industries'!$A$5:$AE$33,J$2) -> 3.3249756 | K24: =J24*VLOOKUP($A24,'EU Ref Sc 2020 Other industries'!$A$5:$AE$33,K$2) -> 3.4385595 | L24: =K24*VLOOKUP($A24,'EU Ref Sc 2020 Other industries'!$A$5:$AE$33,L$2) -> 3.5521435 | M24: =L24*VLOOKUP($A24,'EU Ref Sc 2020 Other industries'!$A$5:$AE$33,M$2) -> 3.6657274 | ... AH24: =AG24*VLOOKUP($A24,'EU Ref Sc 2020 Other industries'!$A$5:$AE$33,AH$2) -> 4.4793586 | AI24: =AH24 -> 4.4793586 | AJ24: =AI24 -> 4.4793586 | AK24: =AJ24 -> 4.4793586 | AL24: =AK24 -> 4.4793586 | AM24: =AL24 -> 4.4793586 | AN24: =AM24 -> 4.4793586 | AO24: =AN24 -> 4.4793586 | AP24: =AO24 -> 4.4793586 | ... AR24: =AQ24 -> 4.4793586
A25: EE | B25: O | C25: EEEINELCMC0O | D25: =A25&"IME"&B25 -> EEIMEO | E25: 0.952 | F25: =E25*VLOOKUP($A25,'EU Ref Sc 2020 Other industries'!$A$5:$AE$33,F$2) -> 0.99188688 | G25: =F25*VLOOKUP($A25,'EU Ref Sc 2020 Other industries'!$A$5:$AE$33,G$2) -> 1.0317738 | H25: =G25*VLOOKUP($A25,'EU Ref Sc 2020 Other industries'!$A$5:$AE$33,H$2) -> 1.0716606 | I25: =H25*VLOOKUP($A25,'EU Ref Sc 2020 Other industries'!$A$5:$AE$33,I$2) -> 1.1115475 | J25: =I25*VLOOKUP($A25,'EU Ref Sc 2020 Other industries'!$A$5:$AE$33,J$2) -> 1.1511763 | K25: =J25*VLOOKUP($A25,'EU Ref Sc 2020 Other industries'!$A$5:$AE$33,K$2) -> 1.1908051 | L25: =K25*VLOOKUP($A25,'EU Ref Sc 2020 Other industries'!$A$5:$AE$33,L$2) -> 1.2304339 | M25: =L25*VLOOKUP($A25,'EU Ref Sc 2020 Other industries'!$A$5:$AE$33,M$2) -> 1.2700627 | ... AH25: =AG25*VLOOKUP($A25,'EU Ref Sc 2020 Other industries'!$A$5:$AE$33,AH$2) -> 1.2703508 | AI25: =AH25 -> 1.2703508 | AJ25: =AI25 -> 1.2703508 | AK25: =AJ25 -> 1.2703508 | AL25: =AK25 -> 1.2703508 | AM25: =AL25 -> 1.2703508 | AN25: =AM25 -> 1.2703508 | AO25: =AN25 -> 1.2703508 | AP25: =AO25 -> 1.2703508 | ... AR25: =AQ25 -> 1.2703508
A26: GR | B26: O | C26: GREINELCMC0O | D26: =A26&"IME"&B26 -> GRIMEO | E26: 5.6874 | F26: =E26*VLOOKUP($A26,'EU Ref Sc 2020 Other industries'!$A$5:$AE$33,F$2) -> 5.8167629 | G26: =F26*VLOOKUP($A26,'EU Ref Sc 2020 Other industries'!$A$5:$AE$33,G$2) -> 5.9461259 | H26: =G26*VLOOKUP($A26,'EU Ref Sc 2020 Other industries'!$A$5:$AE$33,H$2) -> 6.0754888 | I26: =H26*VLOOKUP($A26,'EU Ref Sc 2020 Other industries'!$A$5:$AE$33,I$2) -> 6.2048518 | J26: =I26*VLOOKUP($A26,'EU Ref Sc 2020 Other industries'!$A$5:$AE$33,J$2) -> 6.0259571 | K26: =J26*VLOOKUP($A26,'EU Ref Sc 2020 Other industries'!$A$5:$AE$33,K$2) -> 5.8470625 | L26: =K26*VLOOKUP($A26,'EU Ref Sc 2020 Other industries'!$A$5:$AE$33,L$2) -> 5.6681678 | M26: =L26*VLOOKUP($A26,'EU Ref Sc 2020 Other industries'!$A$5:$AE$33,M$2) -> 5.4892732 | ... AH26: =AG26*VLOOKUP($A26,'EU Ref Sc 2020 Other industries'!$A$5:$AE$33,AH$2) -> 6.0415552 | AI26: =AH26 -> 6.0415552 | AJ26: =AI26 -> 6.0415552 | AK26: =AJ26 -> 6.0415552 | AL26: =AK26 -> 6.0415552 | AM26: =AL26 -> 6.0415552 | AN26: =AM26 -> 6.0415552 | AO26: =AN26 -> 6.0415552 | AP26: =AO26 -> 6.0415552 | ... AR26: =AQ26 -> 6.0415552
A27: ES | B27: O | C27: ESEINELCMC0O | D27: =A27&"IME"&B27 -> ESIMEO | E27: 37.4711 | F27: =E27*VLOOKUP($A27,'EU Ref Sc 2020 Other industries'!$A$5:$AE$33,F$2) -> 39.041063 | G27: =F27*VLOOKUP($A27,'EU Ref Sc 2020 Other industries'!$A$5:$AE$33,G$2) -> 40.611027 | H27: =G27*VLOOKUP($A27,'EU Ref Sc 2020 Other industries'!$A$5:$AE$33,H$2) -> 42.18099 | I27: =H27*VLOOKUP($A27,'EU Ref Sc 2020 Other industries'!$A$5:$AE$33,I$2) -> 43.750954 | J27: =I27*VLOOKUP($A27,'EU Ref Sc 2020 Other industries'!$A$5:$AE$33,J$2) -> 45.310759 | K27: =J27*VLOOKUP($A27,'EU Ref Sc 2020 Other industries'!$A$5:$AE$33,K$2) -> 46.870564 | L27: =K27*VLOOKUP($A27,'EU Ref Sc 2020 Other industries'!$A$5:$AE$33,L$2) -> 48.430368 | M27: =L27*VLOOKUP($A27,'EU Ref Sc 2020 Other industries'!$A$5:$AE$33,M$2) -> 49.990173 | ... AH27: =AG27*VLOOKUP($A27,'EU Ref Sc 2020 Other industries'!$A$5:$AE$33,AH$2) -> 50.001514 | AI27: =AH27 -> 50.001514 | AJ27: =AI27 -> 50.001514 | AK27: =AJ27 -> 50.001514 | AL27: =AK27 -> 50.001514 | AM27: =AL27 -> 50.001514 | AN27: =AM27 -> 50.001514 | AO27: =AN27 -> 50.001514 | AP27: =AO27 -> 50.001514 | ... AR27: =AQ27 -> 50.001514
A28: FI | B28: O | C28: FIEINELCMC0O | D28: =A28&"IME"&B28 -> FIIMEO | E28: 10.012 | F28: =E28*VLOOKUP($A28,'EU Ref Sc 2020 Other industries'!$A$5:$AE$33,F$2) -> 10.431483 | G28: =F28*VLOOKUP($A28,'EU Ref Sc 2020 Other industries'!$A$5:$AE$33,G$2) -> 10.850965 | H28: =G28*VLOOKUP($A28,'EU Ref Sc 2020 Other industries'!$A$5:$AE$33,H$2) -> 11.270448 | I28: =H28*VLOOKUP($A28,'EU Ref Sc 2020 Other industries'!$A$5:$AE$33,I$2) -> 11.68993 | J28: =I28*VLOOKUP($A28,'EU Ref Sc 2020 Other industries'!$A$5:$AE$33,J$2) -> 12.106699 | K28: =J28*VLOOKUP($A28,'EU Ref Sc 2020 Other industries'!$A$5:$AE$33,K$2) -> 12.523467 | L28: =K28*VLOOKUP($A28,'EU Ref Sc 2020 Other industries'!$A$5:$AE$33,L$2) -> 12.940235 | M28: =L28*VLOOKUP($A28,'EU Ref Sc 2020 Other industries'!$A$5:$AE$33,M$2) -> 13.357004 | ... AH28: =AG28*VLOOKUP($A28,'EU Ref Sc 2020 Other industries'!$A$5:$AE$33,AH$2) -> 13.360034 | AI28: =AH28 -> 13.360034 | AJ28: =AI28 -> 13.360034 | AK28: =AJ28 -> 13.360034 | AL28: =AK28 -> 13.360034 | AM28: =AL28 -> 13.360034 | AN28: =AM28 -> 13.360034 | AO28: =AN28 -> 13.360034 | AP28: =AO28 -> 13.360034 | ... AR28: =AQ28 -> 13.360034
A29: FR | B29: O | C29: FREINELCMC0O | D29: =A29&"IME"&B29 -> FRIMEO | E29: 48.7149 | F29: =E29*VLOOKUP($A29,'EU Ref Sc 2020 Other industries'!$A$5:$AE$33,F$2) -> 50.755956 | G29: =F29*VLOOKUP($A29,'EU Ref Sc 2020 Other industries'!$A$5:$AE$33,G$2) -> 52.797012 | H29: =G29*VLOOKUP($A29,'EU Ref Sc 2020 Other industries'!$A$5:$AE$33,H$2) -> 54.838068 | I29: =H29*VLOOKUP($A29,'EU Ref Sc 2020 Other industries'!$A$5:$AE$33,I$2) -> 56.879124 | J29: =I29*VLOOKUP($A29,'EU Ref Sc 2020 Other industries'!$A$5:$AE$33,J$2) -> 58.906973 | K29: =J29*VLOOKUP($A29,'EU Ref Sc 2020 Other industries'!$A$5:$AE$33,K$2) -> 60.934822 | L29: =K29*VLOOKUP($A29,'EU Ref Sc 2020 Other industries'!$A$5:$AE$33,L$2) -> 62.962671 | M29: =L29*VLOOKUP($A29,'EU Ref Sc 2020 Other industries'!$A$5:$AE$33,M$2) -> 64.99052 | ... AH29: =AG29*VLOOKUP($A29,'EU Ref Sc 2020 Other industries'!$A$5:$AE$33,AH$2) -> 65.005264 | AI29: =AH29 -> 65.005264 | AJ29: =AI29 -> 65.005264 | AK29: =AJ29 -> 65.005264 | AL29: =AK29 -> 65.005264 | AM29: =AL29 -> 65.005264 | AN29: =AM29 -> 65.005264 | AO29: =AN29 -> 65.005264 | AP29: =AO29 -> 65.005264 | ... AR29: =AQ29 -> 65.005264
... A44: SK | B44: O | C44: SKEINELCMC0O | D44: =A44&"IME"&B44 -> SKIMEO | E44: 5.6192 | F44: =E44*VLOOKUP($A44,'EU Ref Sc 2020 Other industries'!$A$5:$AE$33,F$2) -> 5.6486942 | G44: =F44*VLOOKUP($A44,'EU Ref Sc 2020 Other industries'!$A$5:$AE$33,G$2) -> 5.6781883 | H44: =G44*VLOOKUP($A44,'EU Ref Sc 2020 Other industries'!$A$5:$AE$33,H$2) -> 5.7076825 | I44: =H44*VLOOKUP($A44,'EU Ref Sc 2020 Other industries'!$A$5:$AE$33,I$2) -> 5.7371766 | J44: =I44*VLOOKUP($A44,'EU Ref Sc 2020 Other industries'!$A$5:$AE$33,J$2) -> 5.7400514 | K44: =J44*VLOOKUP($A44,'EU Ref Sc 2020 Other industries'!$A$5:$AE$33,K$2) -> 5.7429262 | L44: =K44*VLOOKUP($A44,'EU Ref Sc 2020 Other industries'!$A$5:$AE$33,L$2) -> 5.745801 | M44: =L44*VLOOKUP($A44,'EU Ref Sc 2020 Other industries'!$A$5:$AE$33,M$2) -> 5.7486758 | ... AH44: =AG44*VLOOKUP($A44,'EU Ref Sc 2020 Other industries'!$A$5:$AE$33,AH$2) -> 6.0108254 | AI44: =AH44 -> 6.0108254 | AJ44: =AI44 -> 6.0108254 | AK44: =AJ44 -> 6.0108254 | AL44: =AK44 -> 6.0108254 | AM44: =AL44 -> 6.0108254 | AN44: =AM44 -> 6.0108254 | AO44: =AN44 -> 6.0108254 | AP44: =AO44 -> 6.0108254 | ... AR44: =AQ44 -> 6.0108254
A45: AT | B45: N | C45: ATEINELCMC0N | D45: =A45&"IME"&B45 -> ATIMEN | E45: 2.7272 | F45: =E45*VLOOKUP($A45,'EU Ref Sc 2020 Energy intensive'!$A$5:$AE$33,F$2) -> 2.7476992 | G45: =F45*VLOOKUP($A45,'EU Ref Sc 2020 Energy intensive'!$A$5:$AE$33,G$2) -> 2.7681983 | H45: =G45*VLOOKUP($A45,'EU Ref Sc 2020 Energy intensive'!$A$5:$AE$33,H$2) -> 2.7886975 | I45: =H45*VLOOKUP($A45,'EU Ref Sc 2020 Energy intensive'!$A$5:$AE$33,I$2) -> 2.8091966 | J45: =I45*VLOOKUP($A45,'EU Ref Sc 2020 Energy intensive'!$A$5:$AE$33,J$2) -> 2.7872768 | K45: =J45*VLOOKUP($A45,'EU Ref Sc 2020 Energy intensive'!$A$5:$AE$33,K$2) -> 2.7653571 | L45: =K45*VLOOKUP($A45,'EU Ref Sc 2020 Energy intensive'!$A$5:$AE$33,L$2) -> 2.7434373 | M45: =L45*VLOOKUP($A45,'EU Ref Sc 2020 Energy intensive'!$A$5:$AE$33,M$2) -> 2.7215175 | ... AH45: =AG45*VLOOKUP($A45,'EU Ref Sc 2020 Energy intensive'!$A$5:$AE$33,AH$2) -> 2.3399282 | AI45: =AH45 -> 2.3399282 | AJ45: =AI45 -> 2.3399282 | AK45: =AJ45 -> 2.3399282 | AL45: =AK45 -> 2.3399282 | AM45: =AL45 -> 2.3399282 | AN45: =AM45 -> 2.3399282 | AO45: =AN45 -> 2.3399282 | AP45: =AO45 -> 2.3399282 | ... AR45: =AQ45 -> 2.3399282
A46: BE | B46: N | C46: BEEINELCMC0N | D46: =A46&"IME"&B46 -> BEIMEN | E46: 2.6334 | F46: =E46*VLOOKUP($A46,'EU Ref Sc 2020 Energy intensive'!$A$5:$AE$33,F$2) -> 2.7181002 | G46: =F46*VLOOKUP($A46,'EU Ref Sc 2020 Energy intensive'!$A$5:$AE$33,G$2) -> 2.8028004 | H46: =G46*VLOOKUP($A46,'EU Ref Sc 2020 Energy intensive'!$A$5:$AE$33,H$2) -> 2.8875006 | I46: =H46*VLOOKUP($A46,'EU Ref Sc 2020 Energy intensive'!$A$5:$AE$33,I$2) -> 2.9722008 | J46: =I46*VLOOKUP($A46,'EU Ref Sc 2020 Energy intensive'!$A$5:$AE$33,J$2) -> 3.0621309 | K46: =J46*VLOOKUP($A46,'EU Ref Sc 2020 Energy intensive'!$A$5:$AE$33,K$2) -> 3.152061 | L46: =K46*VLOOKUP($A46,'EU Ref Sc 2020 Energy intensive'!$A$5:$AE$33,L$2) -> 3.2419911 | M46: =L46*VLOOKUP($A46,'EU Ref Sc 2020 Energy intensive'!$A$5:$AE$33,M$2) -> 3.3319213 | ... AH46: =AG46*VLOOKUP($A46,'EU Ref Sc 2020 Energy intensive'!$A$5:$AE$33,AH$2) -> 3.2175055 | AI46: =AH46 -> 3.2175055 | AJ46: =AI46 -> 3.2175055 | AK46: =AJ46 -> 3.2175055 | AL46: =AK46 -> 3.2175055 | AM46: =AL46 -> 3.2175055 | AN46: =AM46 -> 3.2175055 | AO46: =AN46 -> 3.2175055 | AP46: =AO46 -> 3.2175055 | ... AR46: =AQ46 -> 3.2175055
A47: BG | B47: N | C47: BGEINELCMC0N | D47: =A47&"IME"&B47 -> BGIMEN | E47: 1.1172 | F47: =E47*VLOOKUP($A47,'EU Ref Sc 2020 Energy intensive'!$A$5:$AE$33,F$2) -> 1.1328995 | G47: =F47*VLOOKUP($A47,'EU Ref Sc 2020 Energy intensive'!$A$5:$AE$33,G$2) -> 1.148599 | H47: =G47*VLOOKUP($A47,'EU Ref Sc 2020 Energy intensive'!$A$5:$AE$33,H$2) -> 1.1642985 | I47: =H47*VLOOKUP($A47,'EU Ref Sc 2020 Energy intensive'!$A$5:$AE$33,I$2) -> 1.179998 | J47: =I47*VLOOKUP($A47,'EU Ref Sc 2020 Energy intensive'!$A$5:$AE$33,J$2) -> 1.1747792 | K47: =J47*VLOOKUP($A47,'EU Ref Sc 2020 Energy intensive'!$A$5:$AE$33,K$2) -> 1.1695604 | L47: =K47*VLOOKUP($A47,'EU Ref Sc 2020 Energy intensive'!$A$5:$AE$33,L$2) -> 1.1643416 | M47: =L47*VLOOKUP($A47,'EU Ref Sc 2020 Energy intensive'!$A$5:$AE$33,M$2) -> 1.1591228 | ... AH47: =AG47*VLOOKUP($A47,'EU Ref Sc 2020 Energy intensive'!$A$5:$AE$33,AH$2) -> 0.9789018 | AI47: =AH47 -> 0.9789018 | AJ47: =AI47 -> 0.9789018 | AK47: =AJ47 -> 0.9789018 | AL47: =AK47 -> 0.9789018 | AM47: =AL47 -> 0.9789018 | AN47: =AM47 -> 0.9789018 | AO47: =AN47 -> 0.9789018 | AP47: =AO47 -> 0.9789018 | ... AR47: =AQ47 -> 0.9789018
A48: CY | B48: N | C48: CYEINELCMC0N | D48: =A48&"IME"&B48 -> CYIMEN | E48: 0.2744 | F48: =E48*VLOOKUP($A48,'EU Ref Sc 2020 Energy intensive'!$A$5:$AE$33,F$2) -> 0.27765234 | G48: =F48*VLOOKUP($A48,'EU Ref Sc 2020 Energy intensive'!$A$5:$AE$33,G$2) -> 0.28090468 | H48: =G48*VLOOKUP($A48,'EU Ref Sc 2020 Energy intensive'!$A$5:$AE$33,H$2) -> 0.28415701 | I48: =H48*VLOOKUP($A48,'EU Ref Sc 2020 Energy intensive'!$A$5:$AE$33,I$2) -> 0.28740935 | J48: =I48*VLOOKUP($A48,'EU Ref Sc 2020 Energy intensive'!$A$5:$AE$33,J$2) -> 0.28251563 | K48: =J48*VLOOKUP($A48,'EU Ref Sc 2020 Energy intensive'!$A$5:$AE$33,K$2) -> 0.27762191 | L48: =K48*VLOOKUP($A48,'EU Ref Sc 2020 Energy intensive'!$A$5:$AE$33,L$2) -> 0.27272819 | M48: =L48*VLOOKUP($A48,'EU Ref Sc 2020 Energy intensive'!$A$5:$AE$33,M$2) -> 0.26783446 | ... AH48: =AG48*VLOOKUP($A48,'EU Ref Sc 2020 Energy intensive'!$A$5:$AE$33,AH$2) -> 0.28001389 | AI48: =AH48 -> 0.28001389 | AJ48: =AI48 -> 0.28001389 | AK48: =AJ48 -> 0.28001389 | AL48: =AK48 -> 0.28001389 | AM48: =AL48 -> 0.28001389 | AN48: =AM48 -> 0.28001389 | AO48: =AN48 -> 0.28001389 | AP48: =AO48 -> 0.28001389 | ... AR48: =AQ48 -> 0.28001389
A49: CZ | B49: N | C49: CZEINELCMC0N | D49: =A49&"IME"&B49 -> CZIMEN | E49: 2.7543 | F49: =E49*VLOOKUP($A49,'EU Ref Sc 2020 Energy intensive'!$A$5:$AE$33,F$2) -> 2.7610663 | G49: =F49*VLOOKUP($A49,'EU Ref Sc 2020 Energy intensive'!$A$5:$AE$33,G$2) -> 2.7678326 | H49: =G49*VLOOKUP($A49,'EU Ref Sc 2020 Energy intensive'!$A$5:$AE$33,H$2) -> 2.7745989 | I49: =H49*VLOOKUP($A49,'EU Ref Sc 2020 Energy intensive'!$A$5:$AE$33,I$2) -> 2.7813653 | J49: =I49*VLOOKUP($A49,'EU Ref Sc 2020 Energy intensive'!$A$5:$AE$33,J$2) -> 2.7291913 | K49: =J49*VLOOKUP($A49,'EU Ref Sc 2020 Energy intensive'!$A$5:$AE$33,K$2) -> 2.6770173 | L49: =K49*VLOOKUP($A49,'EU Ref Sc 2020 Energy intensive'!$A$5:$AE$33,L$2) -> 2.6248433 | M49: =L49*VLOOKUP($A49,'EU Ref Sc 2020 Energy intensive'!$A$5:$AE$33,M$2) -> 2.5726694 | ... AH49: =AG49*VLOOKUP($A49,'EU Ref Sc 2020 Energy intensive'!$A$5:$AE$33,AH$2) -> 2.1714193 | AI49: =AH49 -> 2.1714193 | AJ49: =AI49 -> 2.1714193 | AK49: =AJ49 -> 2.1714193 | AL49: =AK49 -> 2.1714193 | AM49: =AL49 -> 2.1714193 | AN49: =AM49 -> 2.1714193 | AO49: =AN49 -> 2.1714193 | AP49: =AO49 -> 2.1714193 | ... AR49: =AQ49 -> 2.1714193
A50: DE | B50: N | C50: DEEINELCMC0N | D50: =A50&"IME"&B50 -> DEIMEN | E50: 16.9558 | F50: =E50*VLOOKUP($A50,'EU Ref Sc 2020 Energy intensive'!$A$5:$AE$33,F$2) -> 17.063046 | G50: =F50*VLOOKUP($A50,'EU Ref Sc 2020 Energy intensive'!$A$5:$AE$33,G$2) -> 17.170292 | H50: =G50*VLOOKUP($A50,'EU Ref Sc 2020 Energy intensive'!$A$5:$AE$33,H$2) -> 17.277538 | I50: =H50*VLOOKUP($A50,'EU Ref Sc 2020 Energy intensive'!$A$5:$AE$33,I$2) -> 17.384784 | J50: =I50*VLOOKUP($A50,'EU Ref Sc 2020 Energy intensive'!$A$5:$AE$33,J$2) -> 17.171401 | K50: =J50*VLOOKUP($A50,'EU Ref Sc 2020 Energy intensive'!$A$5:$AE$33,K$2) -> 16.958018 | L50: =K50*VLOOKUP($A50,'EU Ref Sc 2020 Energy intensive'!$A$5:$AE$33,L$2) -> 16.744635 | M50: =L50*VLOOKUP($A50,'EU Ref Sc 2020 Energy intensive'!$A$5:$AE$33,M$2) -> 16.531251 | ... AH50: =AG50*VLOOKUP($A50,'EU Ref Sc 2020 Energy intensive'!$A$5:$AE$33,AH$2) -> 13.471402 | AI50: =AH50 -> 13.471402 | AJ50: =AI50 -> 13.471402 | AK50: =AJ50 -> 13.471402 | AL50: =AK50 -> 13.471402 | AM50: =AL50 -> 13.471402 | AN50: =AM50 -> 13.471402 | AO50: =AN50 -> 13.471402 | AP50: =AO50 -> 13.471402 | ... AR50: =AQ50 -> 13.471402
A51: DK | B51: N | C51: DKEINELCMC0N | D51: =A51&"IME"&B51 -> DKIMEN | E51: 1.0753 | F51: =E51*VLOOKUP($A51,'EU Ref Sc 2020 Energy intensive'!$A$5:$AE$33,F$2) -> 1.0943963 | G51: =F51*VLOOKUP($A51,'EU Ref Sc 2020 Energy intensive'!$A$5:$AE$33,G$2) -> 1.1134925 | H51: =G51*VLOOKUP($A51,'EU Ref Sc 2020 Energy intensive'!$A$5:$AE$33,H$2) -> 1.1325888 | I51: =H51*VLOOKUP($A51,'EU Ref Sc 2020 Energy intensive'!$A$5:$AE$33,I$2) -> 1.1516851 | J51: =I51*VLOOKUP($A51,'EU Ref Sc 2020 Energy intensive'!$A$5:$AE$33,J$2) -> 1.1563473 | K51: =J51*VLOOKUP($A51,'EU Ref Sc 2020 Energy intensive'!$A$5:$AE$33,K$2) -> 1.1610096 | L51: =K51*VLOOKUP($A51,'EU Ref Sc 2020 Energy intensive'!$A$5:$AE$33,L$2) -> 1.1656718 | M51: =L51*VLOOKUP($A51,'EU Ref Sc 2020 Energy intensive'!$A$5:$AE$33,M$2) -> 1.1703341 | ... AH51: =AG51*VLOOKUP($A51,'EU Ref Sc 2020 Energy intensive'!$A$5:$AE$33,AH$2) -> 1.1341421 | AI51: =AH51 -> 1.1341421 | AJ51: =AI51 -> 1.1341421 | AK51: =AJ51 -> 1.1341421 | AL51: =AK51 -> 1.1341421 | AM51: =AL51 -> 1.1341421 | AN51: =AM51 -> 1.1341421 | AO51: =AN51 -> 1.1341421 | AP51: =AO51 -> 1.1341421 | ... AR51: =AQ51 -> 1.1341421
A52: GR | B52: N | C52: GREINELCMC0N | D52: =A52&"IME"&B52 -> GRIMEN | E52: 2.2292 | F52: =E52*VLOOKUP($A52,'EU Ref Sc 2020 Energy intensive'!$A$5:$AE$33,F$2) -> 2.3094153 | G52: =F52*VLOOKUP($A52,'EU Ref Sc 2020 Energy intensive'!$A$5:$AE$33,G$2) -> 2.3896306 | H52: =G52*VLOOKUP($A52,'EU Ref Sc 2020 Energy intensive'!$A$5:$AE$33,H$2) -> 2.469846 | I52: =H52*VLOOKUP($A52,'EU Ref Sc 2020 Energy intensive'!$A$5:$AE$33,I$2) -> 2.5500613 | J52: =I52*VLOOKUP($A52,'EU Ref Sc 2020 Energy intensive'!$A$5:$AE$33,J$2) -> 2.5329114 | K52: =J52*VLOOKUP($A52,'EU Ref Sc 2020 Energy intensive'!$A$5:$AE$33,K$2) -> 2.5157614 | L52: =K52*VLOOKUP($A52,'EU Ref Sc 2020 Energy intensive'!$A$5:$AE$33,L$2) -> 2.4986115 | M52: =L52*VLOOKUP($A52,'EU Ref Sc 2020 Energy intensive'!$A$5:$AE$33,M$2) -> 2.4814616 | ... AH52: =AG52*VLOOKUP($A52,'EU Ref Sc 2020 Energy intensive'!$A$5:$AE$33,AH$2) -> 2.3104376 | AI52: =AH52 -> 2.3104376 | AJ52: =AI52 -> 2.3104376 | AK52: =AJ52 -> 2.3104376 | AL52: =AK52 -> 2.3104376 | AM52: =AL52 -> 2.3104376 | AN52: =AM52 -> 2.3104376 | AO52: =AN52 -> 2.3104376 | AP52: =AO52 -> 2.3104376 | ... AR52: =AQ52 -> 2.3104376
A53: ES | B53: N | C53: ESEINELCMC0N | D53: =A53&"IME"&B53 -> ESIMEN | E53: 8.6193 | F53: =E53*VLOOKUP($A53,'EU Ref Sc 2020 Energy intensive'!$A$5:$AE$33,F$2) -> 9.0156639 | G53: =F53*VLOOKUP($A53,'EU Ref Sc 2020 Energy intensive'!$A$5:$AE$33,G$2) -> 9.4120277 | H53: =G53*VLOOKUP($A53,'EU Ref Sc 2020 Energy intensive'!$A$5:$AE$33,H$2) -> 9.8083916 | I53: =H53*VLOOKUP($A53,'EU Ref Sc 2020 Energy intensive'!$A$5:$AE$33,I$2) -> 10.204755 | J53: =I53*VLOOKUP($A53,'EU Ref Sc 2020 Energy intensive'!$A$5:$AE$33,J$2) -> 10.255525 | K53: =J53*VLOOKUP($A53,'EU Ref Sc 2020 Energy intensive'!$A$5:$AE$33,K$2) -> 10.306294 | L53: =K53*VLOOKUP($A53,'EU Ref Sc 2020 Energy intensive'!$A$5:$AE$33,L$2) -> 10.357064 | M53: =L53*VLOOKUP($A53,'EU Ref Sc 2020 Energy intensive'!$A$5:$AE$33,M$2) -> 10.407833 | ... AH53: =AG53*VLOOKUP($A53,'EU Ref Sc 2020 Energy intensive'!$A$5:$AE$33,AH$2) -> 8.5564082 | AI53: =AH53 -> 8.5564082 | AJ53: =AI53 -> 8.5564082 | AK53: =AJ53 -> 8.5564082 | AL53: =AK53 -> 8.5564082 | AM53: =AL53 -> 8.5564082 | AN53: =AM53 -> 8.5564082 | AO53: =AN53 -> 8.5564082 | AP53: =AO53 -> 8.5564082 | ... AR53: =AQ53 -> 8.5564082
A54: FR | B54: N | C54: FREINELCMC0N | D54: =A54&"IME"&B54 -> FRIMEN | E54: 11.0428 | F54: =E54*VLOOKUP($A54,'EU Ref Sc 2020 Energy intensive'!$A$5:$AE$33,F$2) -> 11.55061 | G54: =F54*VLOOKUP($A54,'EU Ref Sc 2020 Energy intensive'!$A$5:$AE$33,G$2) -> 12.05842 | H54: =G54*VLOOKUP($A54,'EU Ref Sc 2020 Energy intensive'!$A$5:$AE$33,H$2) -> 12.56623 | I54: =H54*VLOOKUP($A54,'EU Ref Sc 2020 Energy intensive'!$A$5:$AE$33,I$2) -> 13.07404 | J54: =I54*VLOOKUP($A54,'EU Ref Sc 2020 Energy intensive'!$A$5:$AE$33,J$2) -> 13.139084 | K54: =J54*VLOOKUP($A54,'EU Ref Sc 2020 Energy intensive'!$A$5:$AE$33,K$2) -> 13.204129 | L54: =K54*VLOOKUP($A54,'EU Ref Sc 2020 Energy intensive'!$A$5:$AE$33,L$2) -> 13.269173 | M54: =L54*VLOOKUP($A54,'EU Ref Sc 2020 Energy intensive'!$A$5:$AE$33,M$2) -> 13.334217 | ... AH54: =AG54*VLOOKUP($A54,'EU Ref Sc 2020 Energy intensive'!$A$5:$AE$33,AH$2) -> 10.962225 | AI54: =AH54 -> 10.962225 | AJ54: =AI54 -> 10.962225 | AK54: =AJ54 -> 10.962225 | AL54: =AK54 -> 10.962225 | AM54: =AL54 -> 10.962225 | AN54: =AM54 -> 10.962225 | AO54: =AN54 -> 10.962225 | AP54: =AO54 -> 10.962225 | ... AR54: =AQ54 -> 10.962225
A55: HR | B55: N | C55: HREINELCMC0N | D55: =A55&"IME"&B55 -> HRIMEN | E55: 1.0056 | F55: =E55*VLOOKUP($A55,'EU Ref Sc 2020 Energy intensive'!$A$5:$AE$33,F$2) -> 1.0168095 | G55: =F55*VLOOKUP($A55,'EU Ref Sc 2020 Energy intensive'!$A$5:$AE$33,G$2) -> 1.028019 | H55: =G55*VLOOKUP($A55,'EU Ref Sc 2020 Energy intensive'!$A$5:$AE$33,H$2) -> 1.0392285 | I55: =H55*VLOOKUP($A55,'EU Ref Sc 2020 Energy intensive'!$A$5:$AE$33,I$2) -> 1.050438 | J55: =I55*VLOOKUP($A55,'EU Ref Sc 2020 Energy intensive'!$A$5:$AE$33,J$2) -> 1.0322837 | K55: =J55*VLOOKUP($A55,'EU Ref Sc 2020 Energy intensive'!$A$5:$AE$33,K$2) -> 1.0141294 | L55: =K55*VLOOKUP($A55,'EU Ref Sc 2020 Energy intensive'!$A$5:$AE$33,L$2) -> 0.99597509 | M55: =L55*VLOOKUP($A55,'EU Ref Sc 2020 Energy intensive'!$A$5:$AE$33,M$2) -> 0.97782078 | ... AH55: =AG55*VLOOKUP($A55,'EU Ref Sc 2020 Energy intensive'!$A$5:$AE$33,AH$2) -> 0.97339717 | AI55: =AH55 -> 0.97339717 | AJ55: =AI55 -> 0.97339717 | AK55: =AJ55 -> 0.97339717 | AL55: =AK55 -> 0.97339717 | AM55: =AL55 -> 0.97339717 | AN55: =AM55 -> 0.97339717 | AO55: =AN55 -> 0.97339717 | AP55: =AO55 -> 0.97339717 | ... AR55: =AQ55 -> 0.97339717
A56: HU | B56: N | C56: HUEINELCMC0N | D56: =A56&"IME"&B56 -> HUIMEN | E56: 1.8063 | F56: =E56*VLOOKUP($A56,'EU Ref Sc 2020 Energy intensive'!$A$5:$AE$33,F$2) -> 1.8556497 | G56: =F56*VLOOKUP($A56,'EU Ref Sc 2020 Energy intensive'!$A$5:$AE$33,G$2) -> 1.9049994 | H56: =G56*VLOOKUP($A56,'EU Ref Sc 2020 Energy intensive'!$A$5:$AE$33,H$2) -> 1.954349 | I56: =H56*VLOOKUP($A56,'EU Ref Sc 2020 Energy intensive'!$A$5:$AE$33,I$2) -> 2.0036987 | J56: =I56*VLOOKUP($A56,'EU Ref Sc 2020 Energy intensive'!$A$5:$AE$33,J$2) -> 2.0371976 | K56: =J56*VLOOKUP($A56,'EU Ref Sc 2020 Energy intensive'!$A$5:$AE$33,K$2) -> 2.0706966 | L56: =K56*VLOOKUP($A56,'EU Ref Sc 2020 Energy intensive'!$A$5:$AE$33,L$2) -> 2.1041955 | M56: =L56*VLOOKUP($A56,'EU Ref Sc 2020 Energy intensive'!$A$5:$AE$33,M$2) -> 2.1376944 | ... AH56: =AG56*VLOOKUP($A56,'EU Ref Sc 2020 Energy intensive'!$A$5:$AE$33,AH$2) -> 1.699934 | AI56: =AH56 -> 1.699934 | AJ56: =AI56 -> 1.699934 | AK56: =AJ56 -> 1.699934 | AL56: =AK56 -> 1.699934 | AM56: =AL56 -> 1.699934 | AN56: =AM56 -> 1.699934 | AO56: =AN56 -> 1.699934 | AP56: =AO56 -> 1.699934 | ... AR56: =AQ56 -> 1.699934
... A86: SK | B86: I | C86: SKEINELCMC0I | D86: =A86&"IME"&B86 -> SKIMEI | E86: 0.7023 | F86: =E86*VLOOKUP($A86,'EU Ref Sc 2020 Energy intensive'!$A$5:$AE$33,F$2) -> 0.70499193 | G86: =F86*VLOOKUP($A86,'EU Ref Sc 2020 Energy intensive'!$A$5:$AE$33,G$2) -> 0.70768385 | H86: =G86*VLOOKUP($A86,'EU Ref Sc 2020 Energy intensive'!$A$5:$AE$33,H$2) -> 0.71037578 | I86: =H86*VLOOKUP($A86,'EU Ref Sc 2020 Energy intensive'!$A$5:$AE$33,I$2) -> 0.71306771 | J86: =I86*VLOOKUP($A86,'EU Ref Sc 2020 Energy intensive'!$A$5:$AE$33,J$2) -> 0.70560493 | K86: =J86*VLOOKUP($A86,'EU Ref Sc 2020 Energy intensive'!$A$5:$AE$33,K$2) -> 0.69814215 | L86: =K86*VLOOKUP($A86,'EU Ref Sc 2020 Energy intensive'!$A$5:$AE$33,L$2) -> 0.69067936 | M86: =L86*VLOOKUP($A86,'EU Ref Sc 2020 Energy intensive'!$A$5:$AE$33,M$2) -> 0.68321658 | ... AH86: =AG86*VLOOKUP($A86,'EU Ref Sc 2020 Energy intensive'!$A$5:$AE$33,AH$2) -> 0.50481989 | AI86: =AH86 -> 0.50481989 | AJ86: =AI86 -> 0.50481989 | AK86: =AJ86 -> 0.50481989 | AL86: =AK86 -> 0.50481989 | AM86: =AL86 -> 0.50481989 | AN86: =AM86 -> 0.50481989 | AO86: =AN86 -> 0.50481989 | AP86: =AO86 -> 0.50481989 | ... AR86: =AQ86 -> 0.50481989
A87: BE | B87: F | C87: BEEINELCMC0F | D87: =A87&"IME"&B87 -> BEIMEF | E87: 6.5762 | F87: =E87*VLOOKUP($A87,'EU Ref Sc 2020 Other industries'!$A$5:$AE$33,F$2) -> 6.7474386 | G87: =F87*VLOOKUP($A87,'EU Ref Sc 2020 Other industries'!$A$5:$AE$33,G$2) -> 6.9186773 | H87: =G87*VLOOKUP($A87,'EU Ref Sc 2020 Other industries'!$A$5:$AE$33,H$2) -> 7.0899159 | I87: =H87*VLOOKUP($A87,'EU Ref Sc 2020 Other industries'!$A$5:$AE$33,I$2) -> 7.2611546 | J87: =I87*VLOOKUP($A87,'EU Ref Sc 2020 Other industries'!$A$5:$AE$33,J$2) -> 7.235902 | K87: =J87*VLOOKUP($A87,'EU Ref Sc 2020 Other industries'!$A$5:$AE$33,K$2) -> 7.2106493 | L87: =K87*VLOOKUP($A87,'EU Ref Sc 2020 Other industries'!$A$5:$AE$33,L$2) -> 7.1853967 | M87: =L87*VLOOKUP($A87,'EU Ref Sc 2020 Other industries'!$A$5:$AE$33,M$2) -> 7.1601441 | ... AH87: =AG87*VLOOKUP($A87,'EU Ref Sc 2020 Other industries'!$A$5:$AE$33,AH$2) -> 7.7056294 | AI87: =AH87 -> 7.7056294 | AJ87: =AI87 -> 7.7056294 | AK87: =AJ87 -> 7.7056294 | AL87: =AK87 -> 7.7056294 | AM87: =AL87 -> 7.7056294 | AN87: =AM87 -> 7.7056294 | AO87: =AN87 -> 7.7056294 | AP87: =AO87 -> 7.7056294 | ... AR87: =AQ87 -> 7.7056294
A88: BG | B88: F | C88: BGEINELCMC0F | D88: =A88&"IME"&B88 -> BGIMEF | E88: 1.2102 | F88: =E88*VLOOKUP($A88,'EU Ref Sc 2020 Other industries'!$A$5:$AE$33,F$2) -> 1.252863 | G88: =F88*VLOOKUP($A88,'EU Ref Sc 2020 Other industries'!$A$5:$AE$33,G$2) -> 1.2955259 | H88: =G88*VLOOKUP($A88,'EU Ref Sc 2020 Other industries'!$A$5:$AE$33,H$2) -> 1.3381889 | I88: =H88*VLOOKUP($A88,'EU Ref Sc 2020 Other industries'!$A$5:$AE$33,I$2) -> 1.3808519 | J88: =I88*VLOOKUP($A88,'EU Ref Sc 2020 Other industries'!$A$5:$AE$33,J$2) -> 1.4218216 | K88: =J88*VLOOKUP($A88,'EU Ref Sc 2020 Other industries'!$A$5:$AE$33,K$2) -> 1.4627913 | L88: =K88*VLOOKUP($A88,'EU Ref Sc 2020 Other industries'!$A$5:$AE$33,L$2) -> 1.5037611 | M88: =L88*VLOOKUP($A88,'EU Ref Sc 2020 Other industries'!$A$5:$AE$33,M$2) -> 1.5447308 | ... AH88: =AG88*VLOOKUP($A88,'EU Ref Sc 2020 Other industries'!$A$5:$AE$33,AH$2) -> 1.5747163 | AI88: =AH88 -> 1.5747163 | AJ88: =AI88 -> 1.5747163 | AK88: =AJ88 -> 1.5747163 | AL88: =AK88 -> 1.5747163 | AM88: =AL88 -> 1.5747163 | AN88: =AM88 -> 1.5747163 | AO88: =AN88 -> 1.5747163 | AP88: =AO88 -> 1.5747163 | ... AR88: =AQ88 -> 1.5747163
A89: CY | B89: F | C89: CYEINELCMC0F | D89: =A89&"IME"&B89 -> CYIMEF | E89: 0.2 | F89: =E89*VLOOKUP($A89,'EU Ref Sc 2020 Other industries'!$A$5:$AE$33,F$2) -> 0.20230301 | G89: =F89*VLOOKUP($A89,'EU Ref Sc 2020 Other industries'!$A$5:$AE$33,G$2) -> 0.20460602 | H89: =G89*VLOOKUP($A89,'EU Ref Sc 2020 Other industries'!$A$5:$AE$33,H$2) -> 0.20690904 | I89: =H89*VLOOKUP($A89,'EU Ref Sc 2020 Other industries'!$A$5:$AE$33,I$2) -> 0.20921205 | J89: =I89*VLOOKUP($A89,'EU Ref Sc 2020 Other industries'!$A$5:$AE$33,J$2) -> 0.20595178 | K89: =J89*VLOOKUP($A89,'EU Ref Sc 2020 Other industries'!$A$5:$AE$33,K$2) -> 0.20269151 | L89: =K89*VLOOKUP($A89,'EU Ref Sc 2020 Other industries'!$A$5:$AE$33,L$2) -> 0.19943123 | M89: =L89*VLOOKUP($A89,'EU Ref Sc 2020 Other industries'!$A$5:$AE$33,M$2) -> 0.19617096 | ... AH89: =AG89*VLOOKUP($A89,'EU Ref Sc 2020 Other industries'!$A$5:$AE$33,AH$2) -> 0.20416089 | AI89: =AH89 -> 0.20416089 | AJ89: =AI89 -> 0.20416089 | AK89: =AJ89 -> 0.20416089 | AL89: =AK89 -> 0.20416089 | AM89: =AL89 -> 0.20416089 | AN89: =AM89 -> 0.20416089 | AO89: =AN89 -> 0.20416089 | AP89: =AO89 -> 0.20416089 | ... AR89: =AQ89 -> 0.20416089
A90: DK | B90: F | C90: DKEINELCMC0F | D90: =A90&"IME"&B90 -> DKIMEF | E90: 2.8008 | F90: =E90*VLOOKUP($A90,'EU Ref Sc 2020 Other industries'!$A$5:$AE$33,F$2) -> 2.8377788 | G90: =F90*VLOOKUP($A90,'EU Ref Sc 2020 Other industries'!$A$5:$AE$33,G$2) -> 2.8747576 | H90: =G90*VLOOKUP($A90,'EU Ref Sc 2020 Other industries'!$A$5:$AE$33,H$2) -> 2.9117363 | I90: =H90*VLOOKUP($A90,'EU Ref Sc 2020 Other industries'!$A$5:$AE$33,I$2) -> 2.9487151 | J90: =I90*VLOOKUP($A90,'EU Ref Sc 2020 Other industries'!$A$5:$AE$33,J$2) -> 3.0530084 | K90: =J90*VLOOKUP($A90,'EU Ref Sc 2020 Other industries'!$A$5:$AE$33,K$2) -> 3.1573018 | L90: =K90*VLOOKUP($A90,'EU Ref Sc 2020 Other industries'!$A$5:$AE$33,L$2) -> 3.2615951 | M90: =L90*VLOOKUP($A90,'EU Ref Sc 2020 Other industries'!$A$5:$AE$33,M$2) -> 3.3658884 | ... AH90: =AG90*VLOOKUP($A90,'EU Ref Sc 2020 Other industries'!$A$5:$AE$33,AH$2) -> 4.1129684 | AI90: =AH90 -> 4.1129684 | AJ90: =AI90 -> 4.1129684 | AK90: =AJ90 -> 4.1129684 | AL90: =AK90 -> 4.1129684 | AM90: =AL90 -> 4.1129684 | AN90: =AM90 -> 4.1129684 | AO90: =AN90 -> 4.1129684 | AP90: =AO90 -> 4.1129684 | ... AR90: =AQ90 -> 4.1129684
A91: EE | B91: F | C91: EEEINELCMC0F | D91: =A91&"IME"&B91 -> EEIMEF | E91: 0.334 | F91: =E91*VLOOKUP($A91,'EU Ref Sc 2020 Other industries'!$A$5:$AE$33,F$2) -> 0.34799393 | G91: =F91*VLOOKUP($A91,'EU Ref Sc 2020 Other industries'!$A$5:$AE$33,G$2) -> 0.36198785 | H91: =G91*VLOOKUP($A91,'EU Ref Sc 2020 Other industries'!$A$5:$AE$33,H$2) -> 0.37598178 | I91: =H91*VLOOKUP($A91,'EU Ref Sc 2020 Other industries'!$A$5:$AE$33,I$2) -> 0.3899757 | J91: =I91*VLOOKUP($A91,'EU Ref Sc 2020 Other industries'!$A$5:$AE$33,J$2) -> 0.40387908 | K91: =J91*VLOOKUP($A91,'EU Ref Sc 2020 Other industries'!$A$5:$AE$33,K$2) -> 0.41778246 | L91: =K91*VLOOKUP($A91,'EU Ref Sc 2020 Other industries'!$A$5:$AE$33,L$2) -> 0.43168583 | M91: =L91*VLOOKUP($A91,'EU Ref Sc 2020 Other industries'!$A$5:$AE$33,M$2) -> 0.44558921 | ... AH91: =AG91*VLOOKUP($A91,'EU Ref Sc 2020 Other industries'!$A$5:$AE$33,AH$2) -> 0.44569029 | AI91: =AH91 -> 0.44569029 | AJ91: =AI91 -> 0.44569029 | AK91: =AJ91 -> 0.44569029 | AL91: =AK91 -> 0.44569029 | AM91: =AL91 -> 0.44569029 | AN91: =AM91 -> 0.44569029 | AO91: =AN91 -> 0.44569029 | AP91: =AO91 -> 0.44569029 | ... AR91: =AQ91 -> 0.44569029
A92: GR | B92: F | C92: GREINELCMC0F | D92: =A92&"IME"&B92 -> GRIMEF | E92: 2.0094 | F92: =E92*VLOOKUP($A92,'EU Ref Sc 2020 Other industries'!$A$5:$AE$33,F$2) -> 2.0551049 | G92: =F92*VLOOKUP($A92,'EU Ref Sc 2020 Other industries'!$A$5:$AE$33,G$2) -> 2.1008097 | H92: =G92*VLOOKUP($A92,'EU Ref Sc 2020 Other industries'!$A$5:$AE$33,H$2) -> 2.1465146 | I92: =H92*VLOOKUP($A92,'EU Ref Sc 2020 Other industries'!$A$5:$AE$33,I$2) -> 2.1922195 | J92: =I92*VLOOKUP($A92,'EU Ref Sc 2020 Other industries'!$A$5:$AE$33,J$2) -> 2.1290147 | K92: =J92*VLOOKUP($A92,'EU Ref Sc 2020 Other industries'!$A$5:$AE$33,K$2) -> 2.0658099 | L92: =K92*VLOOKUP($A92,'EU Ref Sc 2020 Other industries'!$A$5:$AE$33,L$2) -> 2.0026051 | M92: =L92*VLOOKUP($A92,'EU Ref Sc 2020 Other industries'!$A$5:$AE$33,M$2) -> 1.9394004 | ... AH92: =AG92*VLOOKUP($A92,'EU Ref Sc 2020 Other industries'!$A$5:$AE$33,AH$2) -> 2.1345256 | AI92: =AH92 -> 2.1345256 | AJ92: =AI92 -> 2.1345256 | AK92: =AJ92 -> 2.1345256 | AL92: =AK92 -> 2.1345256 | AM92: =AL92 -> 2.1345256 | AN92: =AM92 -> 2.1345256 | AO92: =AN92 -> 2.1345256 | AP92: =AO92 -> 2.1345256 | ... AR92: =AQ92 -> 2.1345256
A93: ES | B93: F | C93: ESEINELCMC0F | D93: =A93&"IME"&B93 -> ESIMEF | E93: 11.8738 | F93: =E93*VLOOKUP($A93,'EU Ref Sc 2020 Other industries'!$A$5:$AE$33,F$2) -> 12.371288 | G93: =F93*VLOOKUP($A93,'EU Ref Sc 2020 Other industries'!$A$5:$AE$33,G$2) -> 12.868777 | H93: =G93*VLOOKUP($A93,'EU Ref Sc 2020 Other industries'!$A$5:$AE$33,H$2) -> 13.366265 | I93: =H93*VLOOKUP($A93,'EU Ref Sc 2020 Other industries'!$A$5:$AE$33,I$2) -> 13.863753 | J93: =I93*VLOOKUP($A93,'EU Ref Sc 2020 Other industries'!$A$5:$AE$33,J$2) -> 14.358022 | K93: =J93*VLOOKUP($A93,'EU Ref Sc 2020 Other industries'!$A$5:$AE$33,K$2) -> 14.852291 | L93: =K93*VLOOKUP($A93,'EU Ref Sc 2020 Other industries'!$A$5:$AE$33,L$2) -> 15.346561 | M93: =L93*VLOOKUP($A93,'EU Ref Sc 2020 Other industries'!$A$5:$AE$33,M$2) -> 15.84083 | ... AH93: =AG93*VLOOKUP($A93,'EU Ref Sc 2020 Other industries'!$A$5:$AE$33,AH$2) -> 15.844423 | AI93: =AH93 -> 15.844423 | AJ93: =AI93 -> 15.844423 | AK93: =AJ93 -> 15.844423 | AL93: =AK93 -> 15.844423 | AM93: =AL93 -> 15.844423 | AN93: =AM93 -> 15.844423 | AO93: =AN93 -> 15.844423 | AP93: =AO93 -> 15.844423 | ... AR93: =AQ93 -> 15.844423
A94: FR | B94: F | C94: FREINELCMC0F | D94: =A94&"IME"&B94 -> FRIMEF | E94: 23.2335 | F94: =E94*VLOOKUP($A94,'EU Ref Sc 2020 Other industries'!$A$5:$AE$33,F$2) -> 24.206937 | G94: =F94*VLOOKUP($A94,'EU Ref Sc 2020 Other industries'!$A$5:$AE$33,G$2) -> 25.180374 | H94: =G94*VLOOKUP($A94,'EU Ref Sc 2020 Other industries'!$A$5:$AE$33,H$2) -> 26.15381 | I94: =H94*VLOOKUP($A94,'EU Ref Sc 2020 Other industries'!$A$5:$AE$33,I$2) -> 27.127247 | J94: =I94*VLOOKUP($A94,'EU Ref Sc 2020 Other industries'!$A$5:$AE$33,J$2) -> 28.094385 | K94: =J94*VLOOKUP($A94,'EU Ref Sc 2020 Other industries'!$A$5:$AE$33,K$2) -> 29.061523 | L94: =K94*VLOOKUP($A94,'EU Ref Sc 2020 Other industries'!$A$5:$AE$33,L$2) -> 30.028661 | M94: =L94*VLOOKUP($A94,'EU Ref Sc 2020 Other industries'!$A$5:$AE$33,M$2) -> 30.995799 | ... AH94: =AG94*VLOOKUP($A94,'EU Ref Sc 2020 Other industries'!$A$5:$AE$33,AH$2) -> 31.002831 | AI94: =AH94 -> 31.002831 | AJ94: =AI94 -> 31.002831 | AK94: =AJ94 -> 31.002831 | AL94: =AK94 -> 31.002831 | AM94: =AL94 -> 31.002831 | AN94: =AM94 -> 31.002831 | AO94: =AN94 -> 31.002831 | AP94: =AO94 -> 31.002831 | ... AR94: =AQ94 -> 31.002831
A95: HR | B95: F | C95: HREINELCMC0F | D95: =A95&"IME"&B95 -> HRIMEF | E95: 0.7244 | F95: =E95*VLOOKUP($A95,'EU Ref Sc 2020 Other industries'!$A$5:$AE$33,F$2) -> 0.72747515 | G95: =F95*VLOOKUP($A95,'EU Ref Sc 2020 Other industries'!$A$5:$AE$33,G$2) -> 0.7305503 | H95: =G95*VLOOKUP($A95,'EU Ref Sc 2020 Other industries'!$A$5:$AE$33,H$2) -> 0.73362545 | I95: =H95*VLOOKUP($A95,'EU Ref Sc 2020 Other industries'!$A$5:$AE$33,I$2) -> 0.7367006 | J95: =I95*VLOOKUP($A95,'EU Ref Sc 2020 Other industries'!$A$5:$AE$33,J$2) -> 0.73150043 | K95: =J95*VLOOKUP($A95,'EU Ref Sc 2020 Other industries'!$A$5:$AE$33,K$2) -> 0.72630027 | L95: =K95*VLOOKUP($A95,'EU Ref Sc 2020 Other industries'!$A$5:$AE$33,L$2) -> 0.72110011 | M95: =L95*VLOOKUP($A95,'EU Ref Sc 2020 Other industries'!$A$5:$AE$33,M$2) -> 0.71589995 | ... AH95: =AG95*VLOOKUP($A95,'EU Ref Sc 2020 Other industries'!$A$5:$AE$33,AH$2) -> 0.71367714 | AI95: =AH95 -> 0.71367714 | AJ95: =AI95 -> 0.71367714 | AK95: =AJ95 -> 0.71367714 | AL95: =AK95 -> 0.71367714 | AM95: =AL95 -> 0.71367714 | AN95: =AM95 -> 0.71367714 | AO95: =AN95 -> 0.71367714 | AP95: =AO95 -> 0.71367714 | ... AR95: =AQ95 -> 0.71367714
A96: HU | B96: F | C96: HUEINELCMC0F | D96: =A96&"IME"&B96 -> HUIMEF | E96: 2.9666 | F96: =E96*VLOOKUP($A96,'EU Ref Sc 2020 Other industries'!$A$5:$AE$33,F$2) -> 3.0115442 | G96: =F96*VLOOKUP($A96,'EU Ref Sc 2020 Other industries'!$A$5:$AE$33,G$2) -> 3.0564883 | H96: =G96*VLOOKUP($A96,'EU Ref Sc 2020 Other industries'!$A$5:$AE$33,H$2) -> 3.1014325 | I96: =H96*VLOOKUP($A96,'EU Ref Sc 2020 Other industries'!$A$5:$AE$33,I$2) -> 3.1463766 | J96: =I96*VLOOKUP($A96,'EU Ref Sc 2020 Other industries'!$A$5:$AE$33,J$2) -> 3.2885537 | K96: =J96*VLOOKUP($A96,'EU Ref Sc 2020 Other industries'!$A$5:$AE$33,K$2) -> 3.4307307 | L96: =K96*VLOOKUP($A96,'EU Ref Sc 2020 Other industries'!$A$5:$AE$33,L$2) -> 3.5729078 | M96: =L96*VLOOKUP($A96,'EU Ref Sc 2020 Other industries'!$A$5:$AE$33,M$2) -> 3.7150848 | ... AH96: =AG96*VLOOKUP($A96,'EU Ref Sc 2020 Other industries'!$A$5:$AE$33,AH$2) -> 3.9132707 | AI96: =AH96 -> 3.9132707 | AJ96: =AI96 -> 3.9132707 | AK96: =AJ96 -> 3.9132707 | AL96: =AK96 -> 3.9132707 | AM96: =AL96 -> 3.9132707 | AN96: =AM96 -> 3.9132707 | AO96: =AN96 -> 3.9132707 | AP96: =AO96 -> 3.9132707 | ... AR96: =AQ96 -> 3.9132707
A97: IE | B97: F | C97: IEEINELCMC0F | D97: =A97&"IME"&B97 -> IEIMEF | E97: 1.4575 | F97: =E97*VLOOKUP($A97,'EU Ref Sc 2020 Other industries'!$A$5:$AE$33,F$2) -> 1.4979384 | G97: =F97*VLOOKUP($A97,'EU Ref Sc 2020 Other industries'!$A$5:$AE$33,G$2) -> 1.5383768 | H97: =G97*VLOOKUP($A97,'EU Ref Sc 2020 Other industries'!$A$5:$AE$33,H$2) -> 1.5788152 | I97: =H97*VLOOKUP($A97,'EU Ref Sc 2020 Other industries'!$A$5:$AE$33,I$2) -> 1.6192536 | J97: =I97*VLOOKUP($A97,'EU Ref Sc 2020 Other industries'!$A$5:$AE$33,J$2) -> 1.6500579 | K97: =J97*VLOOKUP($A97,'EU Ref Sc 2020 Other industries'!$A$5:$AE$33,K$2) -> 1.6808623 | L97: =K97*VLOOKUP($A97,'EU Ref Sc 2020 Other industries'!$A$5:$AE$33,L$2) -> 1.7116666 | M97: =L97*VLOOKUP($A97,'EU Ref Sc 2020 Other industries'!$A$5:$AE$33,M$2) -> 1.742471 | ... AH97: =AG97*VLOOKUP($A97,'EU Ref Sc 2020 Other industries'!$A$5:$AE$33,AH$2) -> 1.7391478 | AI97: =AH97 -> 1.7391478 | AJ97: =AI97 -> 1.7391478 | AK97: =AJ97 -> 1.7391478 | AL97: =AK97 -> 1.7391478 | AM97: =AL97 -> 1.7391478 | AN97: =AM97 -> 1.7391478 | AO97: =AN97 -> 1.7391478 | AP97: =AO97 -> 1.7391478 | ... AR97: =AQ97 -> 1.7391478
A98: LT | B98: F | C98: LTEINELCMC0F | D98: =A98&"IME"&B98 -> LTIMEF | E98: 0.855 | F98: =E98*VLOOKUP($A98,'EU Ref Sc 2020 Other industries'!$A$5:$AE$33,F$2) -> 0.87663637 | G98: =F98*VLOOKUP($A98,'EU Ref Sc 2020 Other industries'!$A$5:$AE$33,G$2) -> 0.89827273 | H98: =G98*VLOOKUP($A98,'EU Ref Sc 2020 Other industries'!$A$5:$AE$33,H$2) -> 0.9199091 | I98: =H98*VLOOKUP($A98,'EU Ref Sc 2020 Other industries'!$A$5:$AE$33,I$2) -> 0.94154547 | J98: =I98*VLOOKUP($A98,'EU Ref Sc 2020 Other industries'!$A$5:$AE$33,J$2) -> 0.94071469 | K98: =J98*VLOOKUP($A98,'EU Ref Sc 2020 Other industries'!$A$5:$AE$33,K$2) -> 0.93988392 | L98: =K98*VLOOKUP($A98,'EU Ref Sc 2020 Other industries'!$A$5:$AE$33,L$2) -> 0.93905315 | M98: =L98*VLOOKUP($A98,'EU Ref Sc 2020 Other industries'!$A$5:$AE$33,M$2) -> 0.93822238 | ... AH98: =AG98*VLOOKUP($A98,'EU Ref Sc 2020 Other industries'!$A$5:$AE$33,AH$2) -> 0.95733434 | AI98: =AH98 -> 0.95733434 | AJ98: =AI98 -> 0.95733434 | AK98: =AJ98 -> 0.95733434 | AL98: =AK98 -> 0.95733434 | AM98: =AL98 -> 0.95733434 | AN98: =AM98 -> 0.95733434 | AO98: =AN98 -> 0.95733434 | AP98: =AO98 -> 0.95733434 | ... AR98: =AQ98 -> 0.95733434
... A103: SE | B103: F | C103: SEEINELCMC0F | D103: =A103&"IME"&B103 -> SEIMEF | E103: 2.0765 | F103: =E103*VLOOKUP($A103,'EU Ref Sc 2020 Other industries'!$A$5:$AE$33,F$2) -> 2.084592 | G103: =F103*VLOOKUP($A103,'EU Ref Sc 2020 Other industries'!$A$5:$AE$33,G$2) -> 2.0926841 | H103: =G103*VLOOKUP($A103,'EU Ref Sc 2020 Other industries'!$A$5:$AE$33,H$2) -> 2.1007761 | I103: =H103*VLOOKUP($A103,'EU Ref Sc 2020 Other industries'!$A$5:$AE$33,I$2) -> 2.1088682 | J103: =I103*VLOOKUP($A103,'EU Ref Sc 2020 Other industries'!$A$5:$AE$33,J$2) -> 2.1403373 | K103: =J103*VLOOKUP($A103,'EU Ref Sc 2020 Other industries'!$A$5:$AE$33,K$2) -> 2.1718064 | L103: =K103*VLOOKUP($A103,'EU Ref Sc 2020 Other industries'!$A$5:$AE$33,L$2) -> 2.2032756 | M103: =L103*VLOOKUP($A103,'EU Ref Sc 2020 Other industries'!$A$5:$AE$33,M$2) -> 2.2347447 | ... AH103: =AG103*VLOOKUP($A103,'EU Ref Sc 2020 Other industries'!$A$5:$AE$33,AH$2) -> 2.5368449 | AI103: =AH103 -> 2.5368449 | AJ103: =AI103 -> 2.5368449 | AK103: =AJ103 -> 2.5368449 | AL103: =AK103 -> 2.5368449 | AM103: =AL103 -> 2.5368449 | AN103: =AM103 -> 2.5368449 | AO103: =AN103 -> 2.5368449 | AP103: =AO103 -> 2.5368449 | ... AR103: =AQ103 -> 2.5368449
A104: AT | B104: C | C104: ATEINELCMC0C | D104: =A104&"IME"&B104 -> ATIMEC | E104: 8.1515 | F104: =E104*VLOOKUP($A104,'EU Ref Sc 2020 Energy intensive'!$A$5:$AE$33,F$2) -> 8.2127712 | G104: =F104*VLOOKUP($A104,'EU Ref Sc 2020 Energy intensive'!$A$5:$AE$33,G$2) -> 8.2740424 | H104: =G104*VLOOKUP($A104,'EU Ref Sc 2020 Energy intensive'!$A$5:$AE$33,H$2) -> 8.3353136 | I104: =H104*VLOOKUP($A104,'EU Ref Sc 2020 Energy intensive'!$A$5:$AE$33,I$2) -> 8.3965848 | J104: =I104*VLOOKUP($A104,'EU Ref Sc 2020 Energy intensive'!$A$5:$AE$33,J$2) -> 8.3310674 | K104: =J104*VLOOKUP($A104,'EU Ref Sc 2020 Energy intensive'!$A$5:$AE$33,K$2) -> 8.26555 | L104: =K104*VLOOKUP($A104,'EU Ref Sc 2020 Energy intensive'!$A$5:$AE$33,L$2) -> 8.2000326 | M104: =L104*VLOOKUP($A104,'EU Ref Sc 2020 Energy intensive'!$A$5:$AE$33,M$2) -> 8.1345152 | ... AH104: =AG104*VLOOKUP($A104,'EU Ref Sc 2020 Energy intensive'!$A$5:$AE$33,AH$2) -> 6.993959 | AI104: =AH104 -> 6.993959 | AJ104: =AI104 -> 6.993959 | AK104: =AJ104 -> 6.993959 | AL104: =AK104 -> 6.993959 | AM104: =AL104 -> 6.993959 | AN104: =AM104 -> 6.993959 | AO104: =AN104 -> 6.993959 | AP104: =AO104 -> 6.993959 | ... AR104: =AQ104 -> 6.993959
A105: BE | B105: C | C105: BEEINELCMC0C | D105: =A105&"IME"&B105 -> BEIMEC | E105: 23.558 | F105: =E105*VLOOKUP($A105,'EU Ref Sc 2020 Energy intensive'!$A$5:$AE$33,F$2) -> 24.315715 | G105: =F105*VLOOKUP($A105,'EU Ref Sc 2020 Energy intensive'!$A$5:$AE$33,G$2) -> 25.07343 | H105: =G105*VLOOKUP($A105,'EU Ref Sc 2020 Energy intensive'!$A$5:$AE$33,H$2) -> 25.831146 | I105: =H105*VLOOKUP($A105,'EU Ref Sc 2020 Energy intensive'!$A$5:$AE$33,I$2) -> 26.588861 | J105: =I105*VLOOKUP($A105,'EU Ref Sc 2020 Energy intensive'!$A$5:$AE$33,J$2) -> 27.393362 | K105: =J105*VLOOKUP($A105,'EU Ref Sc 2020 Energy intensive'!$A$5:$AE$33,K$2) -> 28.197863 | L105: =K105*VLOOKUP($A105,'EU Ref Sc 2020 Energy intensive'!$A$5:$AE$33,L$2) -> 29.002365 | M105: =L105*VLOOKUP($A105,'EU Ref Sc 2020 Energy intensive'!$A$5:$AE$33,M$2) -> 29.806866 | ... AH105: =AG105*VLOOKUP($A105,'EU Ref Sc 2020 Energy intensive'!$A$5:$AE$33,AH$2) -> 28.78332 | AI105: =AH105 -> 28.78332 | AJ105: =AI105 -> 28.78332 | AK105: =AJ105 -> 28.78332 | AL105: =AK105 -> 28.78332 | AM105: =AL105 -> 28.78332 | AN105: =AM105 -> 28.78332 | AO105: =AN105 -> 28.78332 | AP105: =AO105 -> 28.78332 | ... AR105: =AQ105 -> 28.78332
A106: BG | B106: C | C106: BGEINELCMC0C | D106: =A106&"IME"&B106 -> BGIMEC | E106: 2.1084 | F106: =E106*VLOOKUP($A106,'EU Ref Sc 2020 Energy intensive'!$A$5:$AE$33,F$2) -> 2.1380284 | G106: =F106*VLOOKUP($A106,'EU Ref Sc 2020 Energy intensive'!$A$5:$AE$33,G$2) -> 2.1676567 | H106: =G106*VLOOKUP($A106,'EU Ref Sc 2020 Energy intensive'!$A$5:$AE$33,H$2) -> 2.1972851 | I106: =H106*VLOOKUP($A106,'EU Ref Sc 2020 Energy intensive'!$A$5:$AE$33,I$2) -> 2.2269135 | J106: =I106*VLOOKUP($A106,'EU Ref Sc 2020 Energy intensive'!$A$5:$AE$33,J$2) -> 2.2170645 | K106: =J106*VLOOKUP($A106,'EU Ref Sc 2020 Energy intensive'!$A$5:$AE$33,K$2) -> 2.2072155 | L106: =K106*VLOOKUP($A106,'EU Ref Sc 2020 Energy intensive'!$A$5:$AE$33,L$2) -> 2.1973665 | M106: =L106*VLOOKUP($A106,'EU Ref Sc 2020 Energy intensive'!$A$5:$AE$33,M$2) -> 2.1875175 | ... AH106: =AG106*VLOOKUP($A106,'EU Ref Sc 2020 Energy intensive'!$A$5:$AE$33,AH$2) -> 1.8474011 | AI106: =AH106 -> 1.8474011 | AJ106: =AI106 -> 1.8474011 | AK106: =AJ106 -> 1.8474011 | AL106: =AK106 -> 1.8474011 | AM106: =AL106 -> 1.8474011 | AN106: =AM106 -> 1.8474011 | AO106: =AN106 -> 1.8474011 | AP106: =AO106 -> 1.8474011 | ... AR106: =AQ106 -> 1.8474011
A107: CZ | B107: C | C107: CZEINELCMC0C | D107: =A107&"IME"&B107 -> CZIMEC | E107: 4.8607 | F107: =E107*VLOOKUP($A107,'EU Ref Sc 2020 Energy intensive'!$A$5:$AE$33,F$2) -> 4.872641 | G107: =F107*VLOOKUP($A107,'EU Ref Sc 2020 Energy intensive'!$A$5:$AE$33,G$2) -> 4.8845819 | H107: =G107*VLOOKUP($A107,'EU Ref Sc 2020 Energy intensive'!$A$5:$AE$33,H$2) -> 4.8965229 | I107: =H107*VLOOKUP($A107,'EU Ref Sc 2020 Energy intensive'!$A$5:$AE$33,I$2) -> 4.9084639 | J107: =I107*VLOOKUP($A107,'EU Ref Sc 2020 Energy intensive'!$A$5:$AE$33,J$2) -> 4.8163889 | K107: =J107*VLOOKUP($A107,'EU Ref Sc 2020 Energy intensive'!$A$5:$AE$33,K$2) -> 4.724314 | L107: =K107*VLOOKUP($A107,'EU Ref Sc 2020 Energy intensive'!$A$5:$AE$33,L$2) -> 4.632239 | M107: =L107*VLOOKUP($A107,'EU Ref Sc 2020 Energy intensive'!$A$5:$AE$33,M$2) -> 4.5401641 | ... AH107: =AG107*VLOOKUP($A107,'EU Ref Sc 2020 Energy intensive'!$A$5:$AE$33,AH$2) -> 3.8320509 | AI107: =AH107 -> 3.8320509 | AJ107: =AI107 -> 3.8320509 | AK107: =AJ107 -> 3.8320509 | AL107: =AK107 -> 3.8320509 | AM107: =AL107 -> 3.8320509 | AN107: =AM107 -> 3.8320509 | AO107: =AN107 -> 3.8320509 | AP107: =AO107 -> 3.8320509 | ... AR107: =AQ107 -> 3.8320509
A108: DE | B108: C | C108: DEEINELCMC0C | D108: =A108&"IME"&B108 -> DEIMEC | E108: 95.2102 | F108: =E108*VLOOKUP($A108,'EU Ref Sc 2020 Energy intensive'!$A$5:$AE$33,F$2) -> 95.812408 | G108: =F108*VLOOKUP($A108,'EU Ref Sc 2020 Energy intensive'!$A$5:$AE$33,G$2) -> 96.414616 | H108: =G108*VLOOKUP($A108,'EU Ref Sc 2020 Energy intensive'!$A$5:$AE$33,H$2) -> 97.016824 | I108: =H108*VLOOKUP($A108,'EU Ref Sc 2020 Energy intensive'!$A$5:$AE$33,I$2) -> 97.619032 | J108: =I108*VLOOKUP($A108,'EU Ref Sc 2020 Energy intensive'!$A$5:$AE$33,J$2) -> 96.420843 | K108: =J108*VLOOKUP($A108,'EU Ref Sc 2020 Energy intensive'!$A$5:$AE$33,K$2) -> 95.222654 | L108: =K108*VLOOKUP($A108,'EU Ref Sc 2020 Energy intensive'!$A$5:$AE$33,L$2) -> 94.024465 | M108: =L108*VLOOKUP($A108,'EU Ref Sc 2020 Energy intensive'!$A$5:$AE$33,M$2) -> 92.826275 | ... AH108: =AG108*VLOOKUP($A108,'EU Ref Sc 2020 Energy intensive'!$A$5:$AE$33,AH$2) -> 75.644612 | AI108: =AH108 -> 75.644612 | AJ108: =AI108 -> 75.644612 | AK108: =AJ108 -> 75.644612 | AL108: =AK108 -> 75.644612 | AM108: =AL108 -> 75.644612 | AN108: =AM108 -> 75.644612 | AO108: =AN108 -> 75.644612 | AP108: =AO108 -> 75.644612 | ... AR108: =AQ108 -> 75.644612
A109: DK | B109: C | C109: DKEINELCMC0C | D109: =A109&"IME"&B109 -> DKIMEC | E109: 2.6686 | F109: =E109*VLOOKUP($A109,'EU Ref Sc 2020 Energy intensive'!$A$5:$AE$33,F$2) -> 2.7159917 | G109: =F109*VLOOKUP($A109,'EU Ref Sc 2020 Energy intensive'!$A$5:$AE$33,G$2) -> 2.7633834 | H109: =G109*VLOOKUP($A109,'EU Ref Sc 2020 Energy intensive'!$A$5:$AE$33,H$2) -> 2.8107751 | I109: =H109*VLOOKUP($A109,'EU Ref Sc 2020 Energy intensive'!$A$5:$AE$33,I$2) -> 2.8581668 | J109: =I109*VLOOKUP($A109,'EU Ref Sc 2020 Energy intensive'!$A$5:$AE$33,J$2) -> 2.8697372 | K109: =J109*VLOOKUP($A109,'EU Ref Sc 2020 Energy intensive'!$A$5:$AE$33,K$2) -> 2.8813076 | L109: =K109*VLOOKUP($A109,'EU Ref Sc 2020 Energy intensive'!$A$5:$AE$33,L$2) -> 2.8928781 | M109: =L109*VLOOKUP($A109,'EU Ref Sc 2020 Energy intensive'!$A$5:$AE$33,M$2) -> 2.9044485 | ... AH109: =AG109*VLOOKUP($A109,'EU Ref Sc 2020 Energy intensive'!$A$5:$AE$33,AH$2) -> 2.81463 | AI109: =AH109 -> 2.81463 | AJ109: =AI109 -> 2.81463 | AK109: =AJ109 -> 2.81463 | AL109: =AK109 -> 2.81463 | AM109: =AL109 -> 2.81463 | AN109: =AM109 -> 2.81463 | AO109: =AN109 -> 2.81463 | AP109: =AO109 -> 2.81463 | ... AR109: =AQ109 -> 2.81463
A110: ES | B110: C | C110: ESEINELCMC0C | D110: =A110&"IME"&B110 -> ESIMEC | E110: 16.8796 | F110: =E110*VLOOKUP($A110,'EU Ref Sc 2020 Energy intensive'!$A$5:$AE$33,F$2) -> 17.655819 | G110: =F110*VLOOKUP($A110,'EU Ref Sc 2020 Energy intensive'!$A$5:$AE$33,G$2) -> 18.432038 | H110: =G110*VLOOKUP($A110,'EU Ref Sc 2020 Energy intensive'!$A$5:$AE$33,H$2) -> 19.208257 | I110: =H110*VLOOKUP($A110,'EU Ref Sc 2020 Energy intensive'!$A$5:$AE$33,I$2) -> 19.984476 | J110: =I110*VLOOKUP($A110,'EU Ref Sc 2020 Energy intensive'!$A$5:$AE$33,J$2) -> 20.0839 | K110: =J110*VLOOKUP($A110,'EU Ref Sc 2020 Energy intensive'!$A$5:$AE$33,K$2) -> 20.183324 | L110: =K110*VLOOKUP($A110,'EU Ref Sc 2020 Energy intensive'!$A$5:$AE$33,L$2) -> 20.282748 | M110: =L110*VLOOKUP($A110,'EU Ref Sc 2020 Energy intensive'!$A$5:$AE$33,M$2) -> 20.382172 | ... AH110: =AG110*VLOOKUP($A110,'EU Ref Sc 2020 Energy intensive'!$A$5:$AE$33,AH$2) -> 16.756436 | AI110: =AH110 -> 16.756436 | AJ110: =AI110 -> 16.756436 | AK110: =AJ110 -> 16.756436 | AL110: =AK110 -> 16.756436 | AM110: =AL110 -> 16.756436 | AN110: =AM110 -> 16.756436 | AO110: =AN110 -> 16.756436 | AP110: =AO110 -> 16.756436 | ... AR110: =AQ110 -> 16.756436
A111: FI | B111: C | C111: FIEINELCMC0C | D111: =A111&"IME"&B111 -> FIIMEC | E111: 6.9613 | F111: =E111*VLOOKUP($A111,'EU Ref Sc 2020 Energy intensive'!$A$5:$AE$33,F$2) -> 7.2814197 | G111: =F111*VLOOKUP($A111,'EU Ref Sc 2020 Energy intensive'!$A$5:$AE$33,G$2) -> 7.6015394 | H111: =G111*VLOOKUP($A111,'EU Ref Sc 2020 Energy intensive'!$A$5:$AE$33,H$2) -> 7.9216591 | I111: =H111*VLOOKUP($A111,'EU Ref Sc 2020 Energy intensive'!$A$5:$AE$33,I$2) -> 8.2417788 | J111: =I111*VLOOKUP($A111,'EU Ref Sc 2020 Energy intensive'!$A$5:$AE$33,J$2) -> 8.2827823 | K111: =J111*VLOOKUP($A111,'EU Ref Sc 2020 Energy intensive'!$A$5:$AE$33,K$2) -> 8.3237857 | L111: =K111*VLOOKUP($A111,'EU Ref Sc 2020 Energy intensive'!$A$5:$AE$33,L$2) -> 8.3647892 | M111: =L111*VLOOKUP($A111,'EU Ref Sc 2020 Energy intensive'!$A$5:$AE$33,M$2) -> 8.4057926 | ... AH111: =AG111*VLOOKUP($A111,'EU Ref Sc 2020 Energy intensive'!$A$5:$AE$33,AH$2) -> 6.910506 | AI111: =AH111 -> 6.910506 | AJ111: =AI111 -> 6.910506 | AK111: =AJ111 -> 6.910506 | AL111: =AK111 -> 6.910506 | AM111: =AL111 -> 6.910506 | AN111: =AM111 -> 6.910506 | AO111: =AN111 -> 6.910506 | AP111: =AO111 -> 6.910506 | ... AR111: =AQ111 -> 6.910506
A112: FR | B112: C | C112: FREINELCMC0C | D112: =A112&"IME"&B112 -> FRIMEC | E112: 33.5018 | F112: =E112*VLOOKUP($A112,'EU Ref Sc 2020 Energy intensive'!$A$5:$AE$33,F$2) -> 35.042401 | G112: =F112*VLOOKUP($A112,'EU Ref Sc 2020 Energy intensive'!$A$5:$AE$33,G$2) -> 36.583002 | H112: =G112*VLOOKUP($A112,'EU Ref Sc 2020 Energy intensive'!$A$5:$AE$33,H$2) -> 38.123603 | I112: =H112*VLOOKUP($A112,'EU Ref Sc 2020 Energy intensive'!$A$5:$AE$33,I$2) -> 39.664204 | J112: =I112*VLOOKUP($A112,'EU Ref Sc 2020 Energy intensive'!$A$5:$AE$33,J$2) -> 39.861537 | K112: =J112*VLOOKUP($A112,'EU Ref Sc 2020 Energy intensive'!$A$5:$AE$33,K$2) -> 40.058869 | L112: =K112*VLOOKUP($A112,'EU Ref Sc 2020 Energy intensive'!$A$5:$AE$33,L$2) -> 40.256201 | M112: =L112*VLOOKUP($A112,'EU Ref Sc 2020 Energy intensive'!$A$5:$AE$33,M$2) -> 40.453534 | ... AH112: =AG112*VLOOKUP($A112,'EU Ref Sc 2020 Energy intensive'!$A$5:$AE$33,AH$2) -> 33.25735 | AI112: =AH112 -> 33.25735 | AJ112: =AI112 -> 33.25735 | AK112: =AJ112 -> 33.25735 | AL112: =AK112 -> 33.25735 | AM112: =AL112 -> 33.25735 | AN112: =AM112 -> 33.25735 | AO112: =AN112 -> 33.25735 | AP112: =AO112 -> 33.25735 | ... AR112: =AQ112 -> 33.25735
A113: HR | B113: C | C113: HREINELCMC0C | D113: =A113&"IME"&B113 -> HRIMEC | E113: 0.4848 | F113: =E113*VLOOKUP($A113,'EU Ref Sc 2020 Energy intensive'!$A$5:$AE$33,F$2) -> 0.49020411 | G113: =F113*VLOOKUP($A113,'EU Ref Sc 2020 Energy intensive'!$A$5:$AE$33,G$2) -> 0.49560821 | H113: =G113*VLOOKUP($A113,'EU Ref Sc 2020 Energy intensive'!$A$5:$AE$33,H$2) -> 0.50101232 | I113: =H113*VLOOKUP($A113,'EU Ref Sc 2020 Energy intensive'!$A$5:$AE$33,I$2) -> 0.50641642 | J113: =I113*VLOOKUP($A113,'EU Ref Sc 2020 Energy intensive'!$A$5:$AE$33,J$2) -> 0.49766422 | K113: =J113*VLOOKUP($A113,'EU Ref Sc 2020 Energy intensive'!$A$5:$AE$33,K$2) -> 0.48891203 | L113: =K113*VLOOKUP($A113,'EU Ref Sc 2020 Energy intensive'!$A$5:$AE$33,L$2) -> 0.48015983 | M113: =L113*VLOOKUP($A113,'EU Ref Sc 2020 Energy intensive'!$A$5:$AE$33,M$2) -> 0.47140763 | ... AH113: =AG113*VLOOKUP($A113,'EU Ref Sc 2020 Energy intensive'!$A$5:$AE$33,AH$2) -> 0.46927501 | AI113: =AH113 -> 0.46927501 | AJ113: =AI113 -> 0.46927501 | AK113: =AJ113 -> 0.46927501 | AL113: =AK113 -> 0.46927501 | AM113: =AL113 -> 0.46927501 | AN113: =AM113 -> 0.46927501 | AO113: =AN113 -> 0.46927501 | AP113: =AO113 -> 0.46927501 | ... AR113: =AQ113 -> 0.46927501
A114: HU | B114: C | C114: HUEINELCMC0C | D114: =A114&"IME"&B114 -> HUIMEC | E114: 5.4647 | F114: =E114*VLOOKUP($A114,'EU Ref Sc 2020 Energy intensive'!$A$5:$AE$33,F$2) -> 5.6140003 | G114: =F114*VLOOKUP($A114,'EU Ref Sc 2020 Energy intensive'!$A$5:$AE$33,G$2) -> 5.7633007 | H114: =G114*VLOOKUP($A114,'EU Ref Sc 2020 Energy intensive'!$A$5:$AE$33,H$2) -> 5.912601 | I114: =H114*VLOOKUP($A114,'EU Ref Sc 2020 Energy intensive'!$A$5:$AE$33,I$2) -> 6.0619013 | J114: =I114*VLOOKUP($A114,'EU Ref Sc 2020 Energy intensive'!$A$5:$AE$33,J$2) -> 6.1632475 | K114: =J114*VLOOKUP($A114,'EU Ref Sc 2020 Energy intensive'!$A$5:$AE$33,K$2) -> 6.2645936 | L114: =K114*VLOOKUP($A114,'EU Ref Sc 2020 Energy intensive'!$A$5:$AE$33,L$2) -> 6.3659398 | M114: =L114*VLOOKUP($A114,'EU Ref Sc 2020 Energy intensive'!$A$5:$AE$33,M$2) -> 6.467286 | ... AH114: =AG114*VLOOKUP($A114,'EU Ref Sc 2020 Energy intensive'!$A$5:$AE$33,AH$2) -> 5.1429049 | AI114: =AH114 -> 5.1429049 | AJ114: =AI114 -> 5.1429049 | AK114: =AJ114 -> 5.1429049 | AL114: =AK114 -> 5.1429049 | AM114: =AL114 -> 5.1429049 | AN114: =AM114 -> 5.1429049 | AO114: =AN114 -> 5.1429049 | AP114: =AO114 -> 5.1429049 | ... AR114: =AQ114 -> 5.1429049
A115: IE | B115: C | C115: IEEINELCMC0C | D115: =A115&"IME"&B115 -> IEIMEC | E115: 1.7939 | F115: =E115*VLOOKUP($A115,'EU Ref Sc 2020 Energy intensive'!$A$5:$AE$33,F$2) -> 1.7909193 | G115: =F115*VLOOKUP($A115,'EU Ref Sc 2020 Energy intensive'!$A$5:$AE$33,G$2) -> 1.7879386 | H115: =G115*VLOOKUP($A115,'EU Ref Sc 2020 Energy intensive'!$A$5:$AE$33,H$2) -> 1.7849579 | I115: =H115*VLOOKUP($A115,'EU Ref Sc 2020 Energy intensive'!$A$5:$AE$33,I$2) -> 1.7819772 | J115: =I115*VLOOKUP($A115,'EU Ref Sc 2020 Energy intensive'!$A$5:$AE$33,J$2) -> 1.7910754 | K115: =J115*VLOOKUP($A115,'EU Ref Sc 2020 Energy intensive'!$A$5:$AE$33,K$2) -> 1.8001736 | L115: =K115*VLOOKUP($A115,'EU Ref Sc 2020 Energy intensive'!$A$5:$AE$33,L$2) -> 1.8092718 | M115: =L115*VLOOKUP($A115,'EU Ref Sc 2020 Energy intensive'!$A$5:$AE$33,M$2) -> 1.81837 | ... AH115: =AG115*VLOOKUP($A115,'EU Ref Sc 2020 Energy intensive'!$A$5:$AE$33,AH$2) -> 1.5319336 | AI115: =AH115 -> 1.5319336 | AJ115: =AI115 -> 1.5319336 | AK115: =AJ115 -> 1.5319336 | AL115: =AK115 -> 1.5319336 | AM115: =AL115 -> 1.5319336 | AN115: =AM115 -> 1.5319336 | AO115: =AN115 -> 1.5319336 | AP115: =AO115 -> 1.5319336 | ... AR115: =AQ115 -> 1.5319336
... A124: SK | B124: C | C124: SKEINELCMC0C | D124: =A124&"IME"&B124 -> SKIMEC | E124: 2.0138 | F124: =E124*VLOOKUP($A124,'EU Ref Sc 2020 Energy intensive'!$A$5:$AE$33,F$2) -> 2.0215189 | G124: =F124*VLOOKUP($A124,'EU Ref Sc 2020 Energy intensive'!$A$5:$AE$33,G$2) -> 2.0292379 | H124: =G124*VLOOKUP($A124,'EU Ref Sc 2020 Energy intensive'!$A$5:$AE$33,H$2) -> 2.0369568 | I124: =H124*VLOOKUP($A124,'EU Ref Sc 2020 Energy intensive'!$A$5:$AE$33,I$2) -> 2.0446757 | J124: =I124*VLOOKUP($A124,'EU Ref Sc 2020 Energy intensive'!$A$5:$AE$33,J$2) -> 2.0232767 | K124: =J124*VLOOKUP($A124,'EU Ref Sc 2020 Energy intensive'!$A$5:$AE$33,K$2) -> 2.0018776 | L124: =K124*VLOOKUP($A124,'EU Ref Sc 2020 Energy intensive'!$A$5:$AE$33,L$2) -> 1.9804786 | M124: =L124*VLOOKUP($A124,'EU Ref Sc 2020 Energy intensive'!$A$5:$AE$33,M$2) -> 1.9590795 | ... AH124: =AG124*VLOOKUP($A124,'EU Ref Sc 2020 Energy intensive'!$A$5:$AE$33,AH$2) -> 1.4475385 | AI124: =AH124 -> 1.4475385 | AJ124: =AI124 -> 1.4475385 | AK124: =AJ124 -> 1.4475385 | AL124: =AK124 -> 1.4475385 | AM124: =AL124 -> 1.4475385 | AN124: =AM124 -> 1.4475385 | AO124: =AN124 -> 1.4475385 | AP124: =AO124 -> 1.4475385 | ... AR124: =AQ124 -> 1.4475385
A125: DK | B125: A | C125: DKEINELCMC0A | D125: =A125&"IME"&B125 -> DKIMEA | E125: 1.412 | F125: =E125*VLOOKUP($A125,'EU Ref Sc 2020 Other industries'!$A$5:$AE$33,F$2) -> 1.4306425 | G125: =F125*VLOOKUP($A125,'EU Ref Sc 2020 Other industries'!$A$5:$AE$33,G$2) -> 1.4492851 | H125: =G125*VLOOKUP($A125,'EU Ref Sc 2020 Other industries'!$A$5:$AE$33,H$2) -> 1.4679276 | I125: =H125*VLOOKUP($A125,'EU Ref Sc 2020 Other industries'!$A$5:$AE$33,I$2) -> 1.4865702 | J125: =I125*VLOOKUP($A125,'EU Ref Sc 2020 Other industries'!$A$5:$AE$33,J$2) -> 1.5391488 | K125: =J125*VLOOKUP($A125,'EU Ref Sc 2020 Other industries'!$A$5:$AE$33,K$2) -> 1.5917274 | L125: =K125*VLOOKUP($A125,'EU Ref Sc 2020 Other industries'!$A$5:$AE$33,L$2) -> 1.644306 | M125: =L125*VLOOKUP($A125,'EU Ref Sc 2020 Other industries'!$A$5:$AE$33,M$2) -> 1.6968846 | ... AH125: =AG125*VLOOKUP($A125,'EU Ref Sc 2020 Other industries'!$A$5:$AE$33,AH$2) -> 2.0735188 | AI125: =AH125 -> 2.0735188 | AJ125: =AI125 -> 2.0735188 | AK125: =AJ125 -> 2.0735188 | AL125: =AK125 -> 2.0735188 | AM125: =AL125 -> 2.0735188 | AN125: =AM125 -> 2.0735188 | AO125: =AN125 -> 2.0735188 | AP125: =AO125 -> 2.0735188 | ... AR125: =AQ125 -> 2.0735188
A126: EE | B126: A | C126: EEEINELCMC0A | D126: =A126&"IME"&B126 -> EEIMEA | E126: 0.235 | F126: =E126*VLOOKUP($A126,'EU Ref Sc 2020 Other industries'!$A$5:$AE$33,F$2) -> 0.24484603 | G126: =F126*VLOOKUP($A126,'EU Ref Sc 2020 Other industries'!$A$5:$AE$33,G$2) -> 0.25469205 | H126: =G126*VLOOKUP($A126,'EU Ref Sc 2020 Other industries'!$A$5:$AE$33,H$2) -> 0.26453808 | I126: =H126*VLOOKUP($A126,'EU Ref Sc 2020 Other industries'!$A$5:$AE$33,I$2) -> 0.2743841 | J126: =I126*VLOOKUP($A126,'EU Ref Sc 2020 Other industries'!$A$5:$AE$33,J$2) -> 0.28416642 | K126: =J126*VLOOKUP($A126,'EU Ref Sc 2020 Other industries'!$A$5:$AE$33,K$2) -> 0.29394873 | L126: =K126*VLOOKUP($A126,'EU Ref Sc 2020 Other industries'!$A$5:$AE$33,L$2) -> 0.30373105 | M126: =L126*VLOOKUP($A126,'EU Ref Sc 2020 Other industries'!$A$5:$AE$33,M$2) -> 0.31351337 | ... AH126: =AG126*VLOOKUP($A126,'EU Ref Sc 2020 Other industries'!$A$5:$AE$33,AH$2) -> 0.31358449 | AI126: =AH126 -> 0.31358449 | AJ126: =AI126 -> 0.31358449 | AK126: =AJ126 -> 0.31358449 | AL126: =AK126 -> 0.31358449 | AM126: =AL126 -> 0.31358449 | AN126: =AM126 -> 0.31358449 | AO126: =AN126 -> 0.31358449 | AP126: =AO126 -> 0.31358449 | ... AR126: =AQ126 -> 0.31358449
A127: HU | B127: A | C127: HUEINELCMC0A | D127: =A127&"IME"&B127 -> HUIMEA | E127: 3.7303 | F127: =E127*VLOOKUP($A127,'EU Ref Sc 2020 Other industries'!$A$5:$AE$33,F$2) -> 3.7868143 | G127: =F127*VLOOKUP($A127,'EU Ref Sc 2020 Other industries'!$A$5:$AE$33,G$2) -> 3.8433285 | H127: =G127*VLOOKUP($A127,'EU Ref Sc 2020 Other industries'!$A$5:$AE$33,H$2) -> 3.8998428 | I127: =H127*VLOOKUP($A127,'EU Ref Sc 2020 Other industries'!$A$5:$AE$33,I$2) -> 3.956357 | J127: =I127*VLOOKUP($A127,'EU Ref Sc 2020 Other industries'!$A$5:$AE$33,J$2) -> 4.1351351 | K127: =J127*VLOOKUP($A127,'EU Ref Sc 2020 Other industries'!$A$5:$AE$33,K$2) -> 4.3139132 | L127: =K127*VLOOKUP($A127,'EU Ref Sc 2020 Other industries'!$A$5:$AE$33,L$2) -> 4.4926913 | M127: =L127*VLOOKUP($A127,'EU Ref Sc 2020 Other industries'!$A$5:$AE$33,M$2) -> 4.6714693 | ... AH127: =AG127*VLOOKUP($A127,'EU Ref Sc 2020 Other industries'!$A$5:$AE$33,AH$2) -> 4.9206748 | AI127: =AH127 -> 4.9206748 | AJ127: =AI127 -> 4.9206748 | AK127: =AJ127 -> 4.9206748 | AL127: =AK127 -> 4.9206748 | AM127: =AL127 -> 4.9206748 | AN127: =AM127 -> 4.9206748 | AO127: =AN127 -> 4.9206748 | AP127: =AO127 -> 4.9206748 | ... AR127: =AQ127 -> 4.9206748
A128: IT | B128: A | C128: ITEINELCMC0A | D128: =A128&"IME"&B128 -> ITIMEA | E128: 25.8782 | F128: =E128*VLOOKUP($A128,'EU Ref Sc 2020 Other industries'!$A$5:$AE$33,F$2) -> 26.187083 | G128: =F128*VLOOKUP($A128,'EU Ref Sc 2020 Other industries'!$A$5:$AE$33,G$2) -> 26.495966 | H128: =G128*VLOOKUP($A128,'EU Ref Sc 2020 Other industries'!$A$5:$AE$33,H$2) -> 26.804848 | I128: =H128*VLOOKUP($A128,'EU Ref Sc 2020 Other industries'!$A$5:$AE$33,I$2) -> 27.113731 | J128: =I128*VLOOKUP($A128,'EU Ref Sc 2020 Other industries'!$A$5:$AE$33,J$2) -> 26.874019 | K128: =J128*VLOOKUP($A128,'EU Ref Sc 2020 Other industries'!$A$5:$AE$33,K$2) -> 26.634306 | L128: =K128*VLOOKUP($A128,'EU Ref Sc 2020 Other industries'!$A$5:$AE$33,L$2) -> 26.394593 | M128: =L128*VLOOKUP($A128,'EU Ref Sc 2020 Other industries'!$A$5:$AE$33,M$2) -> 26.154881 | ... AH128: =AG128*VLOOKUP($A128,'EU Ref Sc 2020 Other industries'!$A$5:$AE$33,AH$2) -> 25.106593 | AI128: =AH128 -> 25.106593 | AJ128: =AI128 -> 25.106593 | AK128: =AJ128 -> 25.106593 | AL128: =AK128 -> 25.106593 | AM128: =AL128 -> 25.106593 | AN128: =AM128 -> 25.106593 | AO128: =AN128 -> 25.106593 | AP128: =AO128 -> 25.106593 | ... AR128: =AQ128 -> 25.106593
A129: SI | B129: A | C129: SIEINELCMC0A | D129: =A129&"IME"&B129 -> SIIMEA | E129: 1.3783 | F129: =E129*VLOOKUP($A129,'EU Ref Sc 2020 Other industries'!$A$5:$AE$33,F$2) -> 1.4238618 | G129: =F129*VLOOKUP($A129,'EU Ref Sc 2020 Other industries'!$A$5:$AE$33,G$2) -> 1.4694236 | H129: =G129*VLOOKUP($A129,'EU Ref Sc 2020 Other industries'!$A$5:$AE$33,H$2) -> 1.5149854 | I129: =H129*VLOOKUP($A129,'EU Ref Sc 2020 Other industries'!$A$5:$AE$33,I$2) -> 1.5605472 | J129: =I129*VLOOKUP($A129,'EU Ref Sc 2020 Other industries'!$A$5:$AE$33,J$2) -> 1.5879337 | K129: =J129*VLOOKUP($A129,'EU Ref Sc 2020 Other industries'!$A$5:$AE$33,K$2) -> 1.6153203 | L129: =K129*VLOOKUP($A129,'EU Ref Sc 2020 Other industries'!$A$5:$AE$33,L$2) -> 1.6427069 | M129: =L129*VLOOKUP($A129,'EU Ref Sc 2020 Other industries'!$A$5:$AE$33,M$2) -> 1.6700934 | ... AH129: =AG129*VLOOKUP($A129,'EU Ref Sc 2020 Other industries'!$A$5:$AE$33,AH$2) -> 1.9912661 | AI129: =AH129 -> 1.9912661 | AJ129: =AI129 -> 1.9912661 | AK129: =AJ129 -> 1.9912661 | AL129: =AK129 -> 1.9912661 | AM129: =AL129 -> 1.9912661 | AN129: =AM129 -> 1.9912661 | AO129: =AN129 -> 1.9912661 | AP129: =AO129 -> 1.9912661 | ... AR129: =AQ129 -> 1.9912661

Sheet Useful energy - thermal
A1: Useful energy stats in PJ after aggregation of sectors (based on JRC-IDEES 2021)
A3: Country | B3: Sector | C3: TECHNOLOGY | D3: 2018 | E3: 2019 | F3: 2020 | G3: 2021
A4: AT | B4: I | C4: ATEINOILFC0I | D4: 0.033 | E4: 0.041 | F4: 0.0254 | G4: 0.0373
A5: AT | B5: I | C5: ATEINCOAFC0I | D5: 2.8024 | E5: 4.0938 | F5: 4.2838 | G5: 4.2633
A6: AT | B6: I | C6: ATEINCOAFCCI | D6: 0 | E6: 0 | F6: 0 | G6: 0
A7: AT | B7: I | C7: ATEINNGSFC0I | D7: 11.9996 | E7: 12.0262 | F7: 11.4296 | G7: 11.5473
A8: AT | B8: I | C8: ATEINNGSFCCI | D8: 0 | E8: 0 | F8: 0 | G8: 0
A9: AT | B9: I | C9: ATEINBIOFC0I | D9: 0.0061 | E9: 0.0053 | F9: 0.006 | G9: 0.0068
A10: AT | B10: I | C10: ATEINELCFC0I | D10: 5.449 | E10: 5.5274 | F10: 5.1102 | G10: 5.5114
A11: AT | B11: I | C11: ATEINHY2FC0I | D11: 0 | E11: 0 | F11: 0 | G11: 0
A12: AT | B12: I | C12: ATEINSTH000I | D12: 0 | E12: 0 | F12: 0 | G12: 0
A13: AT | B13: I | C13: ATEINHEA000I | D13: 1.9664 | E13: 1.9638 | F13: 1.9006 | G13: 2.1878
A14: AT | B14: C | C14: ATEINOILFC0C | D14: 0.2681 | E14: 0.2971 | F14: 0.3841 | G14: 0.2384
... A1263: SK | B1263: O | C1263: SKEINHEA000O | D1263: 0.3601 | E1263: 0.5284 | F1263: 0.476 | G1263: 0.5343

Sheet Thermal-Pivot
A3: Row Labels | B3: Sum of 2018 | C3: Sum of 2019 | D3: Sum of 2020 | E3: Sum of 2021
A4: AT | B4: 148.2729 | C4: 150.7148 | D4: 145.4666 | E4: 153.5145
A5: C | B5: 17.3979 | C5: 18.0991 | D5: 17.5031 | E5: 19.0304
A6: I | B6: 22.2565 | C6: 23.6575 | D6: 22.7556 | E6: 23.5539
A7: N | B7: 17.9814 | C7: 17.985 | D7: 19.3632 | E7: 20.3254
A8: O | B8: 40.8523 | C8: 38.8784 | D8: 37.2991 | E8: 39.8848
A9: P | B9: 49.7848 | C9: 52.0948 | D9: 48.5456 | E9: 50.72
A10: BE | B10: 197.6131 | C10: 190.4357 | D10: 185.8639 | E10: 197.8932
A11: C | B11: 71.0226 | C11: 67.0018 | D11: 68.1765 | E11: 73.1654
A12: F | B12: 26.452 | C12: 26.9865 | D12: 26.1318 | E12: 27.9618
A13: I | B13: 30.8031 | C13: 28.8149 | D13: 28.0213 | E13: 28.7512
A14: N | B14: 26.7666 | C14: 27.2541 | D14: 26.5814 | E14: 27.4779
A15: O | B15: 42.5688 | C15: 40.3784 | D15: 36.9529 | E15: 40.5369
... A157: Grand Total | B157: 4679.2679 | C157: 4629.258 | D157: 4478.8483 | E157: 4767.0706

Sheet Useful Thermal - Aggregate
A1: Useful energy stats in PJ after aggregation of sectors (based on JRC-IDEES 2021)
E2: 3 | F2: 4 | G2: 5 | H2: 6 | I2: 7 | J2: 8 | K2: 9 | L2: 10 | M2: 11 | N2: 12 | O2: 13 | P2: 14 | Q2: 15 | R2: 16 | S2: 17 | T2: 18 | U2: 19 | V2: 20 | W2: 21 | X2: 22 | Y2: 23 | Z2: 24 | AA2: 25 | AB2: 26 | AC2: 27 | AD2: 28 | AE2: 29 | AF2: 30 | AG2: 31 | AH2: 32 | AI2: 33 | AJ2: 34 | AK2: 35 | AL2: 36 | AM2: 37 | AN2: 38 | AO2: 39 | AP2: 40 | AQ2: 41
A3: Country | B3: Row Labels | C3: Fuel | D3: 2021 | E3: 2022 | F3: 2023 | G3: 2024 | H3: 2025 | I3: 2026 | J3: 2027 | K3: 2028 | L3: 2029 | M3: 2030 | N3: 2031 | O3: 2032 | P3: 2033 | Q3: 2034 | R3: 2035 | S3: 2036 | T3: 2037 | U3: 2038 | V3: 2039 | W3: 2040 | X3: 2041 | Y3: 2042 | Z3: 2043 | AA3: 2044 | AB3: 2045 | AC3: 2046 | AD3: 2047 | AE3: 2048 | AF3: 2049 | AG3: 2050 | AH3: 2051 | AI3: 2052 | AJ3: 2053 | AK3: 2054 | AL3: 2055 | AM3: 2056 | AN3: 2057 | AO3: 2058 | AP3: 2059 | AQ3: 2060
A4: EE | B4: W | C4: =A4&"IUE"&B4 -> EEIUEW | D4: 0.5 | E4: =D4*VLOOKUP($A4,'EU Ref Sc 2020 Other industries'!$A$5:$AE$33,E$2) -> 0.52094899 | F4: =E4*VLOOKUP($A4,'EU Ref Sc 2020 Other industries'!$A$5:$AE$33,F$2) -> 0.54189798 | G4: =F4*VLOOKUP($A4,'EU Ref Sc 2020 Other industries'!$A$5:$AE$33,G$2) -> 0.56284697 | H4: =G4*VLOOKUP($A4,'EU Ref Sc 2020 Other industries'!$A$5:$AE$33,H$2) -> 0.58379596 | I4: =H4*VLOOKUP($A4,'EU Ref Sc 2020 Other industries'!$A$5:$AE$33,I$2) -> 0.6046094 | J4: =I4*VLOOKUP($A4,'EU Ref Sc 2020 Other industries'!$A$5:$AE$33,J$2) -> 0.62542284 | K4: =J4*VLOOKUP($A4,'EU Ref Sc 2020 Other industries'!$A$5:$AE$33,K$2) -> 0.64623628 | L4: =K4*VLOOKUP($A4,'EU Ref Sc 2020 Other industries'!$A$5:$AE$33,L$2) -> 0.66704972 | ... AG4: =AF4*VLOOKUP($A4,'EU Ref Sc 2020 Other industries'!$A$5:$AE$33,AG$2) -> 0.66720104 | AH4: =AG4 -> 0.66720104 | AI4: =AH4 -> 0.66720104 | AJ4: =AI4 -> 0.66720104 | AK4: =AJ4 -> 0.66720104 | AL4: =AK4 -> 0.66720104 | AM4: =AL4 -> 0.66720104 | AN4: =AM4 -> 0.66720104 | AO4: =AN4 -> 0.66720104 | ... AQ4: =AP4 -> 0.66720104
A5: FI | B5: W | C5: =A5&"IUE"&B5 -> FIIUEW | D5: 7.9345 | E5: =D5*VLOOKUP($A5,'EU Ref Sc 2020 Other industries'!$A$5:$AE$33,E$2) -> 8.2669395 | F5: =E5*VLOOKUP($A5,'EU Ref Sc 2020 Other industries'!$A$5:$AE$33,F$2) -> 8.5993791 | G5: =F5*VLOOKUP($A5,'EU Ref Sc 2020 Other industries'!$A$5:$AE$33,G$2) -> 8.9318186 | H5: =G5*VLOOKUP($A5,'EU Ref Sc 2020 Other industries'!$A$5:$AE$33,H$2) -> 9.2642582 | I5: =H5*VLOOKUP($A5,'EU Ref Sc 2020 Other industries'!$A$5:$AE$33,I$2) -> 9.5945466 | J5: =I5*VLOOKUP($A5,'EU Ref Sc 2020 Other industries'!$A$5:$AE$33,J$2) -> 9.924835 | K5: =J5*VLOOKUP($A5,'EU Ref Sc 2020 Other industries'!$A$5:$AE$33,K$2) -> 10.255123 | L5: =K5*VLOOKUP($A5,'EU Ref Sc 2020 Other industries'!$A$5:$AE$33,L$2) -> 10.585412 | ... AG5: =AF5*VLOOKUP($A5,'EU Ref Sc 2020 Other industries'!$A$5:$AE$33,AG$2) -> 10.587813 | AH5: =AG5 -> 10.587813 | AI5: =AH5 -> 10.587813 | AJ5: =AI5 -> 10.587813 | AK5: =AJ5 -> 10.587813 | AL5: =AK5 -> 10.587813 | AM5: =AL5 -> 10.587813 | AN5: =AM5 -> 10.587813 | AO5: =AN5 -> 10.587813 | ... AQ5: =AP5 -> 10.587813
A6: LT | B6: W | C6: =A6&"IUE"&B6 -> LTIUEW | D6: 1.3488 | E6: =D6*VLOOKUP($A6,'EU Ref Sc 2020 Other industries'!$A$5:$AE$33,E$2) -> 1.3829323 | F6: =E6*VLOOKUP($A6,'EU Ref Sc 2020 Other industries'!$A$5:$AE$33,F$2) -> 1.4170646 | G6: =F6*VLOOKUP($A6,'EU Ref Sc 2020 Other industries'!$A$5:$AE$33,G$2) -> 1.451197 | H6: =G6*VLOOKUP($A6,'EU Ref Sc 2020 Other industries'!$A$5:$AE$33,H$2) -> 1.4853293 | I6: =H6*VLOOKUP($A6,'EU Ref Sc 2020 Other industries'!$A$5:$AE$33,I$2) -> 1.4840187 | J6: =I6*VLOOKUP($A6,'EU Ref Sc 2020 Other industries'!$A$5:$AE$33,J$2) -> 1.4827081 | K6: =J6*VLOOKUP($A6,'EU Ref Sc 2020 Other industries'!$A$5:$AE$33,K$2) -> 1.4813975 | L6: =K6*VLOOKUP($A6,'EU Ref Sc 2020 Other industries'!$A$5:$AE$33,L$2) -> 1.4800869 | ... AG6: =AF6*VLOOKUP($A6,'EU Ref Sc 2020 Other industries'!$A$5:$AE$33,AG$2) -> 1.5102369 | AH6: =AG6 -> 1.5102369 | AI6: =AH6 -> 1.5102369 | AJ6: =AI6 -> 1.5102369 | AK6: =AJ6 -> 1.5102369 | AL6: =AK6 -> 1.5102369 | AM6: =AL6 -> 1.5102369 | AN6: =AM6 -> 1.5102369 | AO6: =AN6 -> 1.5102369 | ... AQ6: =AP6 -> 1.5102369
A7: LV | B7: W | C7: =A7&"IUE"&B7 -> LVIUEW | D7: 7.9677 | E7: =D7*VLOOKUP($A7,'EU Ref Sc 2020 Other industries'!$A$5:$AE$33,E$2) -> 8.0734612 | F7: =E7*VLOOKUP($A7,'EU Ref Sc 2020 Other industries'!$A$5:$AE$33,F$2) -> 8.1792225 | G7: =F7*VLOOKUP($A7,'EU Ref Sc 2020 Other industries'!$A$5:$AE$33,G$2) -> 8.2849837 | H7: =G7*VLOOKUP($A7,'EU Ref Sc 2020 Other industries'!$A$5:$AE$33,H$2) -> 8.390745 | I7: =H7*VLOOKUP($A7,'EU Ref Sc 2020 Other industries'!$A$5:$AE$33,I$2) -> 8.3961378 | J7: =I7*VLOOKUP($A7,'EU Ref Sc 2020 Other industries'!$A$5:$AE$33,J$2) -> 8.4015307 | K7: =J7*VLOOKUP($A7,'EU Ref Sc 2020 Other industries'!$A$5:$AE$33,K$2) -> 8.4069235 | L7: =K7*VLOOKUP($A7,'EU Ref Sc 2020 Other industries'!$A$5:$AE$33,L$2) -> 8.4123163 | ... AG7: =AF7*VLOOKUP($A7,'EU Ref Sc 2020 Other industries'!$A$5:$AE$33,AG$2) -> 7.078175 | AH7: =AG7 -> 7.078175 | AI7: =AH7 -> 7.078175 | AJ7: =AI7 -> 7.078175 | AK7: =AJ7 -> 7.078175 | AL7: =AK7 -> 7.078175 | AM7: =AL7 -> 7.078175 | AN7: =AM7 -> 7.078175 | AO7: =AN7 -> 7.078175 | ... AQ7: =AP7 -> 7.078175
A8: AT | B8: P | C8: =A8&"IUE"&B8 -> ATIUEP | D8: 50.72 | E8: =D8*VLOOKUP($A8,'EU Ref Sc 2020 Energy intensive'!$A$5:$AE$33,E$2) -> 51.10124 | F8: =E8*VLOOKUP($A8,'EU Ref Sc 2020 Energy intensive'!$A$5:$AE$33,F$2) -> 51.48248 | G8: =F8*VLOOKUP($A8,'EU Ref Sc 2020 Energy intensive'!$A$5:$AE$33,G$2) -> 51.863719 | H8: =G8*VLOOKUP($A8,'EU Ref Sc 2020 Energy intensive'!$A$5:$AE$33,H$2) -> 52.244959 | I8: =H8*VLOOKUP($A8,'EU Ref Sc 2020 Energy intensive'!$A$5:$AE$33,I$2) -> 51.837299 | J8: =I8*VLOOKUP($A8,'EU Ref Sc 2020 Energy intensive'!$A$5:$AE$33,J$2) -> 51.429638 | K8: =J8*VLOOKUP($A8,'EU Ref Sc 2020 Energy intensive'!$A$5:$AE$33,K$2) -> 51.021978 | L8: =K8*VLOOKUP($A8,'EU Ref Sc 2020 Energy intensive'!$A$5:$AE$33,L$2) -> 50.614318 | ... AG8: =AF8*VLOOKUP($A8,'EU Ref Sc 2020 Energy intensive'!$A$5:$AE$33,AG$2) -> 43.517586 | AH8: =AG8 -> 43.517586 | AI8: =AH8 -> 43.517586 | AJ8: =AI8 -> 43.517586 | AK8: =AJ8 -> 43.517586 | AL8: =AK8 -> 43.517586 | AM8: =AL8 -> 43.517586 | AN8: =AM8 -> 43.517586 | AO8: =AN8 -> 43.517586 | ... AQ8: =AP8 -> 43.517586
A9: CZ | B9: P | C9: =A9&"IUE"&B9 -> CZIUEP | D9: 15.2526 | E9: =D9*VLOOKUP($A9,'EU Ref Sc 2020 Energy intensive'!$A$5:$AE$33,E$2) -> 15.29007 | F9: =E9*VLOOKUP($A9,'EU Ref Sc 2020 Energy intensive'!$A$5:$AE$33,F$2) -> 15.32754 | G9: =F9*VLOOKUP($A9,'EU Ref Sc 2020 Energy intensive'!$A$5:$AE$33,G$2) -> 15.36501 | H9: =G9*VLOOKUP($A9,'EU Ref Sc 2020 Energy intensive'!$A$5:$AE$33,H$2) -> 15.40248 | I9: =H9*VLOOKUP($A9,'EU Ref Sc 2020 Energy intensive'!$A$5:$AE$33,I$2) -> 15.113554 | J9: =I9*VLOOKUP($A9,'EU Ref Sc 2020 Energy intensive'!$A$5:$AE$33,J$2) -> 14.824628 | K9: =J9*VLOOKUP($A9,'EU Ref Sc 2020 Energy intensive'!$A$5:$AE$33,K$2) -> 14.535702 | L9: =K9*VLOOKUP($A9,'EU Ref Sc 2020 Energy intensive'!$A$5:$AE$33,L$2) -> 14.246777 | ... AG9: =AF9*VLOOKUP($A9,'EU Ref Sc 2020 Energy intensive'!$A$5:$AE$33,AG$2) -> 12.024758 | AH9: =AG9 -> 12.024758 | AI9: =AH9 -> 12.024758 | AJ9: =AI9 -> 12.024758 | AK9: =AJ9 -> 12.024758 | AL9: =AK9 -> 12.024758 | AM9: =AL9 -> 12.024758 | AN9: =AM9 -> 12.024758 | AO9: =AN9 -> 12.024758 | ... AQ9: =AP9 -> 12.024758
A10: DE | B10: P | C10: =A10&"IUE"&B10 -> DEIUEP | D10: 155.7442 | E10: =D10*VLOOKUP($A10,'EU Ref Sc 2020 Energy intensive'!$A$5:$AE$33,E$2) -> 156.72929 | F10: =E10*VLOOKUP($A10,'EU Ref Sc 2020 Energy intensive'!$A$5:$AE$33,F$2) -> 157.71438 | G10: =F10*VLOOKUP($A10,'EU Ref Sc 2020 Energy intensive'!$A$5:$AE$33,G$2) -> 158.69946 | H10: =G10*VLOOKUP($A10,'EU Ref Sc 2020 Energy intensive'!$A$5:$AE$33,H$2) -> 159.68455 | I10: =H10*VLOOKUP($A10,'EU Ref Sc 2020 Energy intensive'!$A$5:$AE$33,I$2) -> 157.72456 | J10: =I10*VLOOKUP($A10,'EU Ref Sc 2020 Energy intensive'!$A$5:$AE$33,J$2) -> 155.76457 | K10: =J10*VLOOKUP($A10,'EU Ref Sc 2020 Energy intensive'!$A$5:$AE$33,K$2) -> 153.80458 | L10: =K10*VLOOKUP($A10,'EU Ref Sc 2020 Energy intensive'!$A$5:$AE$33,L$2) -> 151.84459 | ... AG10: =AF10*VLOOKUP($A10,'EU Ref Sc 2020 Energy intensive'!$A$5:$AE$33,AG$2) -> 123.73894 | AH10: =AG10 -> 123.73894 | AI10: =AH10 -> 123.73894 | AJ10: =AI10 -> 123.73894 | AK10: =AJ10 -> 123.73894 | AL10: =AK10 -> 123.73894 | AM10: =AL10 -> 123.73894 | AN10: =AM10 -> 123.73894 | AO10: =AN10 -> 123.73894 | ... AQ10: =AP10 -> 123.73894
A11: EE | B11: P | C11: =A11&"IUE"&B11 -> EEIUEP | D11: 1.5654 | E11: =D11*VLOOKUP($A11,'EU Ref Sc 2020 Energy intensive'!$A$5:$AE$33,E$2) -> 1.6373859 | F11: =E11*VLOOKUP($A11,'EU Ref Sc 2020 Energy intensive'!$A$5:$AE$33,F$2) -> 1.7093718 | G11: =F11*VLOOKUP($A11,'EU Ref Sc 2020 Energy intensive'!$A$5:$AE$33,G$2) -> 1.7813577 | H11: =G11*VLOOKUP($A11,'EU Ref Sc 2020 Energy intensive'!$A$5:$AE$33,H$2) -> 1.8533436 | I11: =H11*VLOOKUP($A11,'EU Ref Sc 2020 Energy intensive'!$A$5:$AE$33,I$2) -> 1.8625641 | J11: =I11*VLOOKUP($A11,'EU Ref Sc 2020 Energy intensive'!$A$5:$AE$33,J$2) -> 1.8717846 | K11: =J11*VLOOKUP($A11,'EU Ref Sc 2020 Energy intensive'!$A$5:$AE$33,K$2) -> 1.8810051 | L11: =K11*VLOOKUP($A11,'EU Ref Sc 2020 Energy intensive'!$A$5:$AE$33,L$2) -> 1.8902256 | ... AG11: =AF11*VLOOKUP($A11,'EU Ref Sc 2020 Energy intensive'!$A$5:$AE$33,AG$2) -> 1.5539779 | AH11: =AG11 -> 1.5539779 | AI11: =AH11 -> 1.5539779 | AJ11: =AI11 -> 1.5539779 | AK11: =AJ11 -> 1.5539779 | AL11: =AK11 -> 1.5539779 | AM11: =AL11 -> 1.5539779 | AN11: =AM11 -> 1.5539779 | AO11: =AN11 -> 1.5539779 | ... AQ11: =AP11 -> 1.5539779
A12: FI | B12: P | C12: =A12&"IUE"&B12 -> FIIUEP | D12: 151.6995 | E12: =D12*VLOOKUP($A12,'EU Ref Sc 2020 Energy intensive'!$A$5:$AE$33,E$2) -> 158.6755 | F12: =E12*VLOOKUP($A12,'EU Ref Sc 2020 Energy intensive'!$A$5:$AE$33,F$2) -> 165.65149 | G12: =F12*VLOOKUP($A12,'EU Ref Sc 2020 Energy intensive'!$A$5:$AE$33,G$2) -> 172.62749 | H12: =G12*VLOOKUP($A12,'EU Ref Sc 2020 Energy intensive'!$A$5:$AE$33,H$2) -> 179.60348 | I12: =H12*VLOOKUP($A12,'EU Ref Sc 2020 Energy intensive'!$A$5:$AE$33,I$2) -> 180.49702 | J12: =I12*VLOOKUP($A12,'EU Ref Sc 2020 Energy intensive'!$A$5:$AE$33,J$2) -> 181.39056 | K12: =J12*VLOOKUP($A12,'EU Ref Sc 2020 Energy intensive'!$A$5:$AE$33,K$2) -> 182.2841 | L12: =K12*VLOOKUP($A12,'EU Ref Sc 2020 Energy intensive'!$A$5:$AE$33,L$2) -> 183.17764 | ... AG12: =AF12*VLOOKUP($A12,'EU Ref Sc 2020 Energy intensive'!$A$5:$AE$33,AG$2) -> 150.59261 | AH12: =AG12 -> 150.59261 | AI12: =AH12 -> 150.59261 | AJ12: =AI12 -> 150.59261 | AK12: =AJ12 -> 150.59261 | AL12: =AK12 -> 150.59261 | AM12: =AL12 -> 150.59261 | AN12: =AM12 -> 150.59261 | AO12: =AN12 -> 150.59261 | ... AQ12: =AP12 -> 150.59261
A13: FR | B13: P | C13: =A13&"IUE"&B13 -> FRIUEP | D13: 59.7343 | E13: =D13*VLOOKUP($A13,'EU Ref Sc 2020 Energy intensive'!$A$5:$AE$33,E$2) -> 62.481219 | F13: =E13*VLOOKUP($A13,'EU Ref Sc 2020 Energy intensive'!$A$5:$AE$33,F$2) -> 65.228138 | G13: =F13*VLOOKUP($A13,'EU Ref Sc 2020 Energy intensive'!$A$5:$AE$33,G$2) -> 67.975057 | H13: =G13*VLOOKUP($A13,'EU Ref Sc 2020 Energy intensive'!$A$5:$AE$33,H$2) -> 70.721976 | I13: =H13*VLOOKUP($A13,'EU Ref Sc 2020 Energy intensive'!$A$5:$AE$33,I$2) -> 71.073823 | J13: =I13*VLOOKUP($A13,'EU Ref Sc 2020 Energy intensive'!$A$5:$AE$33,J$2) -> 71.42567 | K13: =J13*VLOOKUP($A13,'EU Ref Sc 2020 Energy intensive'!$A$5:$AE$33,K$2) -> 71.777517 | L13: =K13*VLOOKUP($A13,'EU Ref Sc 2020 Energy intensive'!$A$5:$AE$33,L$2) -> 72.129364 | ... AG13: =AF13*VLOOKUP($A13,'EU Ref Sc 2020 Energy intensive'!$A$5:$AE$33,AG$2) -> 59.298441 | AH13: =AG13 -> 59.298441 | AI13: =AH13 -> 59.298441 | AJ13: =AI13 -> 59.298441 | AK13: =AJ13 -> 59.298441 | AL13: =AK13 -> 59.298441 | AM13: =AL13 -> 59.298441 | AN13: =AM13 -> 59.298441 | AO13: =AN13 -> 59.298441 | ... AQ13: =AP13 -> 59.298441
A14: HR | B14: P | C14: =A14&"IUE"&B14 -> HRIUEP | D14: 2.0081 | E14: =D14*VLOOKUP($A14,'EU Ref Sc 2020 Energy intensive'!$A$5:$AE$33,E$2) -> 2.0304845 | F14: =E14*VLOOKUP($A14,'EU Ref Sc 2020 Energy intensive'!$A$5:$AE$33,F$2) -> 2.0528689 | G14: =F14*VLOOKUP($A14,'EU Ref Sc 2020 Energy intensive'!$A$5:$AE$33,G$2) -> 2.0752534 | H14: =G14*VLOOKUP($A14,'EU Ref Sc 2020 Energy intensive'!$A$5:$AE$33,H$2) -> 2.0976378 | I14: =H14*VLOOKUP($A14,'EU Ref Sc 2020 Energy intensive'!$A$5:$AE$33,I$2) -> 2.0613852 | J14: =I14*VLOOKUP($A14,'EU Ref Sc 2020 Energy intensive'!$A$5:$AE$33,J$2) -> 2.0251325 | K14: =J14*VLOOKUP($A14,'EU Ref Sc 2020 Energy intensive'!$A$5:$AE$33,K$2) -> 1.9888799 | L14: =K14*VLOOKUP($A14,'EU Ref Sc 2020 Energy intensive'!$A$5:$AE$33,L$2) -> 1.9526272 | ... AG14: =AF14*VLOOKUP($A14,'EU Ref Sc 2020 Energy intensive'!$A$5:$AE$33,AG$2) -> 1.9437936 | AH14: =AG14 -> 1.9437936 | AI14: =AH14 -> 1.9437936 | AJ14: =AI14 -> 1.9437936 | AK14: =AJ14 -> 1.9437936 | AL14: =AK14 -> 1.9437936 | AM14: =AL14 -> 1.9437936 | AN14: =AM14 -> 1.9437936 | AO14: =AN14 -> 1.9437936 | ... AQ14: =AP14 -> 1.9437936
A15: PT | B15: P | C15: =A15&"IUE"&B15 -> PTIUEP | D15: 31.5933 | E15: =D15*VLOOKUP($A15,'EU Ref Sc 2020 Energy intensive'!$A$5:$AE$33,E$2) -> 31.590188 | F15: =E15*VLOOKUP($A15,'EU Ref Sc 2020 Energy intensive'!$A$5:$AE$33,F$2) -> 31.587076 | G15: =F15*VLOOKUP($A15,'EU Ref Sc 2020 Energy intensive'!$A$5:$AE$33,G$2) -> 31.583964 | H15: =G15*VLOOKUP($A15,'EU Ref Sc 2020 Energy intensive'!$A$5:$AE$33,H$2) -> 31.580851 | I15: =H15*VLOOKUP($A15,'EU Ref Sc 2020 Energy intensive'!$A$5:$AE$33,I$2) -> 31.327007 | J15: =I15*VLOOKUP($A15,'EU Ref Sc 2020 Energy intensive'!$A$5:$AE$33,J$2) -> 31.073163 | K15: =J15*VLOOKUP($A15,'EU Ref Sc 2020 Energy intensive'!$A$5:$AE$33,K$2) -> 30.819318 | L15: =K15*VLOOKUP($A15,'EU Ref Sc 2020 Energy intensive'!$A$5:$AE$33,L$2) -> 30.565474 | ... AG15: =AF15*VLOOKUP($A15,'EU Ref Sc 2020 Energy intensive'!$A$5:$AE$33,AG$2) -> 22.848387 | AH15: =AG15 -> 22.848387 | AI15: =AH15 -> 22.848387 | AJ15: =AI15 -> 22.848387 | AK15: =AJ15 -> 22.848387 | AL15: =AK15 -> 22.848387 | AM15: =AL15 -> 22.848387 | AN15: =AM15 -> 22.848387 | AO15: =AN15 -> 22.848387 | ... AQ15: =AP15 -> 22.848387
A16: SE | B16: P | C16: =A16&"IUE"&B16 -> SEIUEP | D16: 152.1992 | E16: =D16*VLOOKUP($A16,'EU Ref Sc 2020 Energy intensive'!$A$5:$AE$33,E$2) -> 152.18862 | F16: =E16*VLOOKUP($A16,'EU Ref Sc 2020 Energy intensive'!$A$5:$AE$33,F$2) -> 152.17805 | G16: =F16*VLOOKUP($A16,'EU Ref Sc 2020 Energy intensive'!$A$5:$AE$33,G$2) -> 152.16747 | H16: =G16*VLOOKUP($A16,'EU Ref Sc 2020 Energy intensive'!$A$5:$AE$33,H$2) -> 152.1569 | I16: =H16*VLOOKUP($A16,'EU Ref Sc 2020 Energy intensive'!$A$5:$AE$33,I$2) -> 151.95891 | J16: =I16*VLOOKUP($A16,'EU Ref Sc 2020 Energy intensive'!$A$5:$AE$33,J$2) -> 151.76092 | K16: =J16*VLOOKUP($A16,'EU Ref Sc 2020 Energy intensive'!$A$5:$AE$33,K$2) -> 151.56293 | L16: =K16*VLOOKUP($A16,'EU Ref Sc 2020 Energy intensive'!$A$5:$AE$33,L$2) -> 151.36495 | ... AG16: =AF16*VLOOKUP($A16,'EU Ref Sc 2020 Energy intensive'!$A$5:$AE$33,AG$2) -> 123.05536 | AH16: =AG16 -> 123.05536 | AI16: =AH16 -> 123.05536 | AJ16: =AI16 -> 123.05536 | AK16: =AJ16 -> 123.05536 | AL16: =AK16 -> 123.05536 | AM16: =AL16 -> 123.05536 | AN16: =AM16 -> 123.05536 | AO16: =AN16 -> 123.05536 | ... AQ16: =AP16 -> 123.05536
A17: SK | B17: P | C17: =A17&"IUE"&B17 -> SKIUEP | D17: 10.3196 | E17: =D17*VLOOKUP($A17,'EU Ref Sc 2020 Energy intensive'!$A$5:$AE$33,E$2) -> 10.359155 | F17: =E17*VLOOKUP($A17,'EU Ref Sc 2020 Energy intensive'!$A$5:$AE$33,F$2) -> 10.39871 | G17: =F17*VLOOKUP($A17,'EU Ref Sc 2020 Energy intensive'!$A$5:$AE$33,G$2) -> 10.438266 | H17: =G17*VLOOKUP($A17,'EU Ref Sc 2020 Energy intensive'!$A$5:$AE$33,H$2) -> 10.477821 | I17: =H17*VLOOKUP($A17,'EU Ref Sc 2020 Energy intensive'!$A$5:$AE$33,I$2) -> 10.368163 | J17: =I17*VLOOKUP($A17,'EU Ref Sc 2020 Energy intensive'!$A$5:$AE$33,J$2) -> 10.258504 | K17: =J17*VLOOKUP($A17,'EU Ref Sc 2020 Energy intensive'!$A$5:$AE$33,K$2) -> 10.148846 | L17: =K17*VLOOKUP($A17,'EU Ref Sc 2020 Energy intensive'!$A$5:$AE$33,L$2) -> 10.039188 | ... AG17: =AF17*VLOOKUP($A17,'EU Ref Sc 2020 Energy intensive'!$A$5:$AE$33,AG$2) -> 7.4178262 | AH17: =AG17 -> 7.4178262 | AI17: =AH17 -> 7.4178262 | AJ17: =AI17 -> 7.4178262 | AK17: =AJ17 -> 7.4178262 | AL17: =AK17 -> 7.4178262 | AM17: =AL17 -> 7.4178262 | AN17: =AM17 -> 7.4178262 | AO17: =AN17 -> 7.4178262 | ... AQ17: =AP17 -> 7.4178262
A18: AT | B18: O | C18: =A18&"IUE"&B18 -> ATIUEO | D18: 39.8848 | E18: =D18*VLOOKUP($A18,'EU Ref Sc 2020 Other industries'!$A$5:$AE$33,E$2) -> 40.513259 | F18: =E18*VLOOKUP($A18,'EU Ref Sc 2020 Other industries'!$A$5:$AE$33,F$2) -> 41.141719 | G18: =F18*VLOOKUP($A18,'EU Ref Sc 2020 Other industries'!$A$5:$AE$33,G$2) -> 41.770178 | H18: =G18*VLOOKUP($A18,'EU Ref Sc 2020 Other industries'!$A$5:$AE$33,H$2) -> 42.398637 | I18: =H18*VLOOKUP($A18,'EU Ref Sc 2020 Other industries'!$A$5:$AE$33,I$2) -> 42.108529 | J18: =I18*VLOOKUP($A18,'EU Ref Sc 2020 Other industries'!$A$5:$AE$33,J$2) -> 41.81842 | K18: =J18*VLOOKUP($A18,'EU Ref Sc 2020 Other industries'!$A$5:$AE$33,K$2) -> 41.528312 | L18: =K18*VLOOKUP($A18,'EU Ref Sc 2020 Other industries'!$A$5:$AE$33,L$2) -> 41.238203 | ... AG18: =AF18*VLOOKUP($A18,'EU Ref Sc 2020 Other industries'!$A$5:$AE$33,AG$2) -> 50.146484 | AH18: =AG18 -> 50.146484 | AI18: =AH18 -> 50.146484 | AJ18: =AI18 -> 50.146484 | AK18: =AJ18 -> 50.146484 | AL18: =AK18 -> 50.146484 | AM18: =AL18 -> 50.146484 | AN18: =AM18 -> 50.146484 | AO18: =AN18 -> 50.146484 | ... AQ18: =AP18 -> 50.146484
A19: BE | B19: O | C19: =A19&"IUE"&B19 -> BEIUEO | D19: 40.5369 | E19: =D19*VLOOKUP($A19,'EU Ref Sc 2020 Other industries'!$A$5:$AE$33,E$2) -> 41.592446 | F19: =E19*VLOOKUP($A19,'EU Ref Sc 2020 Other industries'!$A$5:$AE$33,F$2) -> 42.647993 | G19: =F19*VLOOKUP($A19,'EU Ref Sc 2020 Other industries'!$A$5:$AE$33,G$2) -> 43.703539 | H19: =G19*VLOOKUP($A19,'EU Ref Sc 2020 Other industries'!$A$5:$AE$33,H$2) -> 44.759085 | I19: =H19*VLOOKUP($A19,'EU Ref Sc 2020 Other industries'!$A$5:$AE$33,I$2) -> 44.603424 | J19: =I19*VLOOKUP($A19,'EU Ref Sc 2020 Other industries'!$A$5:$AE$33,J$2) -> 44.447762 | K19: =J19*VLOOKUP($A19,'EU Ref Sc 2020 Other industries'!$A$5:$AE$33,K$2) -> 44.2921 | L19: =K19*VLOOKUP($A19,'EU Ref Sc 2020 Other industries'!$A$5:$AE$33,L$2) -> 44.136438 | ... AG19: =AF19*VLOOKUP($A19,'EU Ref Sc 2020 Other industries'!$A$5:$AE$33,AG$2) -> 47.498909 | AH19: =AG19 -> 47.498909 | AI19: =AH19 -> 47.498909 | AJ19: =AI19 -> 47.498909 | AK19: =AJ19 -> 47.498909 | AL19: =AK19 -> 47.498909 | AM19: =AL19 -> 47.498909 | AN19: =AM19 -> 47.498909 | AO19: =AN19 -> 47.498909 | ... AQ19: =AP19 -> 47.498909
A20: BG | B20: O | C20: =A20&"IUE"&B20 -> BGIUEO | D20: =14.8122-2.3008 -> 12.5114 | E20: =D20*VLOOKUP($A20,'EU Ref Sc 2020 Other industries'!$A$5:$AE$33,E$2) -> 12.952462 | F20: =E20*VLOOKUP($A20,'EU Ref Sc 2020 Other industries'!$A$5:$AE$33,F$2) -> 13.393524 | G20: =F20*VLOOKUP($A20,'EU Ref Sc 2020 Other industries'!$A$5:$AE$33,G$2) -> 13.834587 | H20: =G20*VLOOKUP($A20,'EU Ref Sc 2020 Other industries'!$A$5:$AE$33,H$2) -> 14.275649 | I20: =H20*VLOOKUP($A20,'EU Ref Sc 2020 Other industries'!$A$5:$AE$33,I$2) -> 14.699206 | J20: =I20*VLOOKUP($A20,'EU Ref Sc 2020 Other industries'!$A$5:$AE$33,J$2) -> 15.122763 | K20: =J20*VLOOKUP($A20,'EU Ref Sc 2020 Other industries'!$A$5:$AE$33,K$2) -> 15.54632 | L20: =K20*VLOOKUP($A20,'EU Ref Sc 2020 Other industries'!$A$5:$AE$33,L$2) -> 15.969877 | ... AG20: =AF20*VLOOKUP($A20,'EU Ref Sc 2020 Other industries'!$A$5:$AE$33,AG$2) -> 16.279875 | AH20: =AG20 -> 16.279875 | AI20: =AH20 -> 16.279875 | AJ20: =AI20 -> 16.279875 | AK20: =AJ20 -> 16.279875 | AL20: =AK20 -> 16.279875 | AM20: =AL20 -> 16.279875 | AN20: =AM20 -> 16.279875 | AO20: =AN20 -> 16.279875 | ... AQ20: =AP20 -> 16.279875
A21: CY | B21: O | C21: =A21&"IUE"&B21 -> CYIUEO | D21: 0.5099 | E21: =D21*VLOOKUP($A21,'EU Ref Sc 2020 Other industries'!$A$5:$AE$33,E$2) -> 0.51577153 | F21: =E21*VLOOKUP($A21,'EU Ref Sc 2020 Other industries'!$A$5:$AE$33,F$2) -> 0.52164306 | G21: =F21*VLOOKUP($A21,'EU Ref Sc 2020 Other industries'!$A$5:$AE$33,G$2) -> 0.52751459 | H21: =G21*VLOOKUP($A21,'EU Ref Sc 2020 Other industries'!$A$5:$AE$33,H$2) -> 0.53338612 | I21: =H21*VLOOKUP($A21,'EU Ref Sc 2020 Other industries'!$A$5:$AE$33,I$2) -> 0.52507406 | J21: =I21*VLOOKUP($A21,'EU Ref Sc 2020 Other industries'!$A$5:$AE$33,J$2) -> 0.516762 | K21: =J21*VLOOKUP($A21,'EU Ref Sc 2020 Other industries'!$A$5:$AE$33,K$2) -> 0.50844993 | L21: =K21*VLOOKUP($A21,'EU Ref Sc 2020 Other industries'!$A$5:$AE$33,L$2) -> 0.50013787 | ... AG21: =AF21*VLOOKUP($A21,'EU Ref Sc 2020 Other industries'!$A$5:$AE$33,AG$2) -> 0.5205082 | AH21: =AG21 -> 0.5205082 | AI21: =AH21 -> 0.5205082 | AJ21: =AI21 -> 0.5205082 | AK21: =AJ21 -> 0.5205082 | AL21: =AK21 -> 0.5205082 | AM21: =AL21 -> 0.5205082 | AN21: =AM21 -> 0.5205082 | AO21: =AN21 -> 0.5205082 | ... AQ21: =AP21 -> 0.5205082
A22: CZ | B22: O | C22: =A22&"IUE"&B22 -> CZIUEO | D22: 43.634 | E22: =D22*VLOOKUP($A22,'EU Ref Sc 2020 Other industries'!$A$5:$AE$33,E$2) -> 45.075776 | F22: =E22*VLOOKUP($A22,'EU Ref Sc 2020 Other industries'!$A$5:$AE$33,F$2) -> 46.517552 | G22: =F22*VLOOKUP($A22,'EU Ref Sc 2020 Other industries'!$A$5:$AE$33,G$2) -> 47.959329 | H22: =G22*VLOOKUP($A22,'EU Ref Sc 2020 Other industries'!$A$5:$AE$33,H$2) -> 49.401105 | I22: =H22*VLOOKUP($A22,'EU Ref Sc 2020 Other industries'!$A$5:$AE$33,I$2) -> 49.847874 | J22: =I22*VLOOKUP($A22,'EU Ref Sc 2020 Other industries'!$A$5:$AE$33,J$2) -> 50.294642 | K22: =J22*VLOOKUP($A22,'EU Ref Sc 2020 Other industries'!$A$5:$AE$33,K$2) -> 50.741411 | L22: =K22*VLOOKUP($A22,'EU Ref Sc 2020 Other industries'!$A$5:$AE$33,L$2) -> 51.18818 | ... AG22: =AF22*VLOOKUP($A22,'EU Ref Sc 2020 Other industries'!$A$5:$AE$33,AG$2) -> 57.729733 | AH22: =AG22 -> 57.729733 | AI22: =AH22 -> 57.729733 | AJ22: =AI22 -> 57.729733 | AK22: =AJ22 -> 57.729733 | AL22: =AK22 -> 57.729733 | AM22: =AL22 -> 57.729733 | AN22: =AM22 -> 57.729733 | AO22: =AN22 -> 57.729733 | ... AQ22: =AP22 -> 57.729733
A23: DE | B23: O | C23: =A23&"IUE"&B23 -> DEIUEO | D23: 353.6916 | E23: =D23*VLOOKUP($A23,'EU Ref Sc 2020 Other industries'!$A$5:$AE$33,E$2) -> 355.74594 | F23: =E23*VLOOKUP($A23,'EU Ref Sc 2020 Other industries'!$A$5:$AE$33,F$2) -> 357.80029 | G23: =F23*VLOOKUP($A23,'EU Ref Sc 2020 Other industries'!$A$5:$AE$33,G$2) -> 359.85463 | H23: =G23*VLOOKUP($A23,'EU Ref Sc 2020 Other industries'!$A$5:$AE$33,H$2) -> 361.90898 | I23: =H23*VLOOKUP($A23,'EU Ref Sc 2020 Other industries'!$A$5:$AE$33,I$2) -> 357.72193 | J23: =I23*VLOOKUP($A23,'EU Ref Sc 2020 Other industries'!$A$5:$AE$33,J$2) -> 353.53488 | K23: =J23*VLOOKUP($A23,'EU Ref Sc 2020 Other industries'!$A$5:$AE$33,K$2) -> 349.34783 | L23: =K23*VLOOKUP($A23,'EU Ref Sc 2020 Other industries'!$A$5:$AE$33,L$2) -> 345.16079 | ... AG23: =AF23*VLOOKUP($A23,'EU Ref Sc 2020 Other industries'!$A$5:$AE$33,AG$2) -> 331.29137 | AH23: =AG23 -> 331.29137 | AI23: =AH23 -> 331.29137 | AJ23: =AI23 -> 331.29137 | AK23: =AJ23 -> 331.29137 | AL23: =AK23 -> 331.29137 | AM23: =AL23 -> 331.29137 | AN23: =AM23 -> 331.29137 | AO23: =AN23 -> 331.29137 | ... AQ23: =AP23 -> 331.29137
A24: DK | B24: O | C24: =A24&"IUE"&B24 -> DKIUEO | D24: =10.4753-1.8336 -> 8.6417 | E24: =D24*VLOOKUP($A24,'EU Ref Sc 2020 Other industries'!$A$5:$AE$33,E$2) -> 8.7557958 | F24: =E24*VLOOKUP($A24,'EU Ref Sc 2020 Other industries'!$A$5:$AE$33,F$2) -> 8.8698916 | G24: =F24*VLOOKUP($A24,'EU Ref Sc 2020 Other industries'!$A$5:$AE$33,G$2) -> 8.9839874 | H24: =G24*VLOOKUP($A24,'EU Ref Sc 2020 Other industries'!$A$5:$AE$33,H$2) -> 9.0980832 | I24: =H24*VLOOKUP($A24,'EU Ref Sc 2020 Other industries'!$A$5:$AE$33,I$2) -> 9.419874 | J24: =I24*VLOOKUP($A24,'EU Ref Sc 2020 Other industries'!$A$5:$AE$33,J$2) -> 9.7416648 | K24: =J24*VLOOKUP($A24,'EU Ref Sc 2020 Other industries'!$A$5:$AE$33,K$2) -> 10.063456 | L24: =K24*VLOOKUP($A24,'EU Ref Sc 2020 Other industries'!$A$5:$AE$33,L$2) -> 10.385246 | ... AG24: =AF24*VLOOKUP($A24,'EU Ref Sc 2020 Other industries'!$A$5:$AE$33,AG$2) -> 12.690317 | AH24: =AG24 -> 12.690317 | AI24: =AH24 -> 12.690317 | AJ24: =AI24 -> 12.690317 | AK24: =AJ24 -> 12.690317 | AL24: =AK24 -> 12.690317 | AM24: =AL24 -> 12.690317 | AN24: =AM24 -> 12.690317 | AO24: =AN24 -> 12.690317 | ... AQ24: =AP24 -> 12.690317
A25: EE | B25: O | C25: =A25&"IUE"&B25 -> EEIUEO | D25: 1.8966 | E25: =D25*VLOOKUP($A25,'EU Ref Sc 2020 Other industries'!$A$5:$AE$33,E$2) -> 1.9760637 | F25: =E25*VLOOKUP($A25,'EU Ref Sc 2020 Other industries'!$A$5:$AE$33,F$2) -> 2.0555274 | G25: =F25*VLOOKUP($A25,'EU Ref Sc 2020 Other industries'!$A$5:$AE$33,G$2) -> 2.1349911 | H25: =G25*VLOOKUP($A25,'EU Ref Sc 2020 Other industries'!$A$5:$AE$33,H$2) -> 2.2144549 | I25: =H25*VLOOKUP($A25,'EU Ref Sc 2020 Other industries'!$A$5:$AE$33,I$2) -> 2.2934044 | J25: =I25*VLOOKUP($A25,'EU Ref Sc 2020 Other industries'!$A$5:$AE$33,J$2) -> 2.3723539 | K25: =J25*VLOOKUP($A25,'EU Ref Sc 2020 Other industries'!$A$5:$AE$33,K$2) -> 2.4513034 | L25: =K25*VLOOKUP($A25,'EU Ref Sc 2020 Other industries'!$A$5:$AE$33,L$2) -> 2.530253 | ... AG25: =AF25*VLOOKUP($A25,'EU Ref Sc 2020 Other industries'!$A$5:$AE$33,AG$2) -> 2.530827 | AH25: =AG25 -> 2.530827 | AI25: =AH25 -> 2.530827 | AJ25: =AI25 -> 2.530827 | AK25: =AJ25 -> 2.530827 | AL25: =AK25 -> 2.530827 | AM25: =AL25 -> 2.530827 | AN25: =AM25 -> 2.530827 | AO25: =AN25 -> 2.530827 | ... AQ25: =AP25 -> 2.530827
A26: ES | B26: O | C26: =A26&"IUE"&B26 -> ESIUEO | D26: 128.2978 | E26: =D26*VLOOKUP($A26,'EU Ref Sc 2020 Other industries'!$A$5:$AE$33,E$2) -> 133.67322 | F26: =E26*VLOOKUP($A26,'EU Ref Sc 2020 Other industries'!$A$5:$AE$33,F$2) -> 139.04864 | G26: =F26*VLOOKUP($A26,'EU Ref Sc 2020 Other industries'!$A$5:$AE$33,G$2) -> 144.42406 | H26: =G26*VLOOKUP($A26,'EU Ref Sc 2020 Other industries'!$A$5:$AE$33,H$2) -> 149.79948 | I26: =H26*VLOOKUP($A26,'EU Ref Sc 2020 Other industries'!$A$5:$AE$33,I$2) -> 155.14011 | J26: =I26*VLOOKUP($A26,'EU Ref Sc 2020 Other industries'!$A$5:$AE$33,J$2) -> 160.48075 | K26: =J26*VLOOKUP($A26,'EU Ref Sc 2020 Other industries'!$A$5:$AE$33,K$2) -> 165.82139 | L26: =K26*VLOOKUP($A26,'EU Ref Sc 2020 Other industries'!$A$5:$AE$33,L$2) -> 171.16202 | ... AG26: =AF26*VLOOKUP($A26,'EU Ref Sc 2020 Other industries'!$A$5:$AE$33,AG$2) -> 171.20085 | AH26: =AG26 -> 171.20085 | AI26: =AH26 -> 171.20085 | AJ26: =AI26 -> 171.20085 | AK26: =AJ26 -> 171.20085 | AL26: =AK26 -> 171.20085 | AM26: =AL26 -> 171.20085 | AN26: =AM26 -> 171.20085 | AO26: =AN26 -> 171.20085 | ... AQ26: =AP26 -> 171.20085
A27: FI | B27: O | C27: =A27&"IUE"&B27 -> FIIUEO | D27: 34.1627 | E27: =D27*VLOOKUP($A27,'EU Ref Sc 2020 Other industries'!$A$5:$AE$33,E$2) -> 35.594048 | F27: =E27*VLOOKUP($A27,'EU Ref Sc 2020 Other industries'!$A$5:$AE$33,F$2) -> 37.025396 | G27: =F27*VLOOKUP($A27,'EU Ref Sc 2020 Other industries'!$A$5:$AE$33,G$2) -> 38.456745 | H27: =G27*VLOOKUP($A27,'EU Ref Sc 2020 Other industries'!$A$5:$AE$33,H$2) -> 39.888093 | I27: =H27*VLOOKUP($A27,'EU Ref Sc 2020 Other industries'!$A$5:$AE$33,I$2) -> 41.310179 | J27: =I27*VLOOKUP($A27,'EU Ref Sc 2020 Other industries'!$A$5:$AE$33,J$2) -> 42.732266 | K27: =J27*VLOOKUP($A27,'EU Ref Sc 2020 Other industries'!$A$5:$AE$33,K$2) -> 44.154352 | L27: =K27*VLOOKUP($A27,'EU Ref Sc 2020 Other industries'!$A$5:$AE$33,L$2) -> 45.576439 | ... AG27: =AF27*VLOOKUP($A27,'EU Ref Sc 2020 Other industries'!$A$5:$AE$33,AG$2) -> 45.586778 | AH27: =AG27 -> 45.586778 | AI27: =AH27 -> 45.586778 | AJ27: =AI27 -> 45.586778 | AK27: =AJ27 -> 45.586778 | AL27: =AK27 -> 45.586778 | AM27: =AL27 -> 45.586778 | AN27: =AM27 -> 45.586778 | AO27: =AN27 -> 45.586778 | ... AQ27: =AP27 -> 45.586778
A28: FR | B28: O | C28: =A28&"IUE"&B28 -> FRIUEO | D28: =159.6359-11.8031 -> 147.8328 | E28: =D28*VLOOKUP($A28,'EU Ref Sc 2020 Other industries'!$A$5:$AE$33,E$2) -> 154.0267 | F28: =E28*VLOOKUP($A28,'EU Ref Sc 2020 Other industries'!$A$5:$AE$33,F$2) -> 160.22059 | G28: =F28*VLOOKUP($A28,'EU Ref Sc 2020 Other industries'!$A$5:$AE$33,G$2) -> 166.41449 | H28: =G28*VLOOKUP($A28,'EU Ref Sc 2020 Other industries'!$A$5:$AE$33,H$2) -> 172.60838 | I28: =H28*VLOOKUP($A28,'EU Ref Sc 2020 Other industries'!$A$5:$AE$33,I$2) -> 178.7622 | J28: =I28*VLOOKUP($A28,'EU Ref Sc 2020 Other industries'!$A$5:$AE$33,J$2) -> 184.91602 | K28: =J28*VLOOKUP($A28,'EU Ref Sc 2020 Other industries'!$A$5:$AE$33,K$2) -> 191.06984 | L28: =K28*VLOOKUP($A28,'EU Ref Sc 2020 Other industries'!$A$5:$AE$33,L$2) -> 197.22365 | ... AG28: =AF28*VLOOKUP($A28,'EU Ref Sc 2020 Other industries'!$A$5:$AE$33,AG$2) -> 197.2684 | AH28: =AG28 -> 197.2684 | AI28: =AH28 -> 197.2684 | AJ28: =AI28 -> 197.2684 | AK28: =AJ28 -> 197.2684 | AL28: =AK28 -> 197.2684 | AM28: =AL28 -> 197.2684 | AN28: =AM28 -> 197.2684 | AO28: =AN28 -> 197.2684 | ... AQ28: =AP28 -> 197.2684
A29: GR | B29: O | C29: =A29&"IUE"&B29 -> GRIUEO | D29: 8.8368 | E29: =D29*VLOOKUP($A29,'EU Ref Sc 2020 Other industries'!$A$5:$AE$33,E$2) -> 9.0377977 | F29: =E29*VLOOKUP($A29,'EU Ref Sc 2020 Other industries'!$A$5:$AE$33,F$2) -> 9.2387954 | G29: =F29*VLOOKUP($A29,'EU Ref Sc 2020 Other industries'!$A$5:$AE$33,G$2) -> 9.4397932 | H29: =G29*VLOOKUP($A29,'EU Ref Sc 2020 Other industries'!$A$5:$AE$33,H$2) -> 9.6407909 | I29: =H29*VLOOKUP($A29,'EU Ref Sc 2020 Other industries'!$A$5:$AE$33,I$2) -> 9.3628333 | J29: =I29*VLOOKUP($A29,'EU Ref Sc 2020 Other industries'!$A$5:$AE$33,J$2) -> 9.0848756 | K29: =J29*VLOOKUP($A29,'EU Ref Sc 2020 Other industries'!$A$5:$AE$33,K$2) -> 8.806918 | L29: =K29*VLOOKUP($A29,'EU Ref Sc 2020 Other industries'!$A$5:$AE$33,L$2) -> 8.5289604 | ... AG29: =AF29*VLOOKUP($A29,'EU Ref Sc 2020 Other industries'!$A$5:$AE$33,AG$2) -> 9.3870687 | AH29: =AG29 -> 9.3870687 | AI29: =AH29 -> 9.3870687 | AJ29: =AI29 -> 9.3870687 | AK29: =AJ29 -> 9.3870687 | AL29: =AK29 -> 9.3870687 | AM29: =AL29 -> 9.3870687 | AN29: =AM29 -> 9.3870687 | AO29: =AN29 -> 9.3870687 | ... AQ29: =AP29 -> 9.3870687
A30: HR | B30: O | C30: =A30&"IUE"&B30 -> HRIUEO | D30: =6.4435-0.5869 -> 5.8566 | E30: =D30*VLOOKUP($A30,'EU Ref Sc 2020 Other industries'!$A$5:$AE$33,E$2) -> 5.8814618 | F30: =E30*VLOOKUP($A30,'EU Ref Sc 2020 Other industries'!$A$5:$AE$33,F$2) -> 5.9063237 | G30: =F30*VLOOKUP($A30,'EU Ref Sc 2020 Other industries'!$A$5:$AE$33,G$2) -> 5.9311855 | H30: =G30*VLOOKUP($A30,'EU Ref Sc 2020 Other industries'!$A$5:$AE$33,H$2) -> 5.9560474 | I30: =H30*VLOOKUP($A30,'EU Ref Sc 2020 Other industries'!$A$5:$AE$33,I$2) -> 5.9140053 | J30: =I30*VLOOKUP($A30,'EU Ref Sc 2020 Other industries'!$A$5:$AE$33,J$2) -> 5.8719632 | K30: =J30*VLOOKUP($A30,'EU Ref Sc 2020 Other industries'!$A$5:$AE$33,K$2) -> 5.8299212 | L30: =K30*VLOOKUP($A30,'EU Ref Sc 2020 Other industries'!$A$5:$AE$33,L$2) -> 5.7878791 | ... AG30: =AF30*VLOOKUP($A30,'EU Ref Sc 2020 Other industries'!$A$5:$AE$33,AG$2) -> 5.7699083 | AH30: =AG30 -> 5.7699083 | AI30: =AH30 -> 5.7699083 | AJ30: =AI30 -> 5.7699083 | AK30: =AJ30 -> 5.7699083 | AL30: =AK30 -> 5.7699083 | AM30: =AL30 -> 5.7699083 | AN30: =AM30 -> 5.7699083 | AO30: =AN30 -> 5.7699083 | ... AQ30: =AP30 -> 5.7699083
A31: HU | B31: O | C31: =A31&"IUE"&B31 -> HUIUEO | D31: =25.28-0.4426 -> 24.8374 | E31: =D31*VLOOKUP($A31,'EU Ref Sc 2020 Other industries'!$A$5:$AE$33,E$2) -> 25.213688 | F31: =E31*VLOOKUP($A31,'EU Ref Sc 2020 Other industries'!$A$5:$AE$33,F$2) -> 25.589976 | G31: =F31*VLOOKUP($A31,'EU Ref Sc 2020 Other industries'!$A$5:$AE$33,G$2) -> 25.966264 | H31: =G31*VLOOKUP($A31,'EU Ref Sc 2020 Other industries'!$A$5:$AE$33,H$2) -> 26.342552 | I31: =H31*VLOOKUP($A31,'EU Ref Sc 2020 Other industries'!$A$5:$AE$33,I$2) -> 27.532907 | J31: =I31*VLOOKUP($A31,'EU Ref Sc 2020 Other industries'!$A$5:$AE$33,J$2) -> 28.723263 | K31: =J31*VLOOKUP($A31,'EU Ref Sc 2020 Other industries'!$A$5:$AE$33,K$2) -> 29.913618 | L31: =K31*VLOOKUP($A31,'EU Ref Sc 2020 Other industries'!$A$5:$AE$33,L$2) -> 31.103974 | ... AG31: =AF31*VLOOKUP($A31,'EU Ref Sc 2020 Other industries'!$A$5:$AE$33,AG$2) -> 32.763254 | AH31: =AG31 -> 32.763254 | AI31: =AH31 -> 32.763254 | AJ31: =AI31 -> 32.763254 | AK31: =AJ31 -> 32.763254 | AL31: =AK31 -> 32.763254 | AM31: =AL31 -> 32.763254 | AN31: =AM31 -> 32.763254 | AO31: =AN31 -> 32.763254 | ... AQ31: =AP31 -> 32.763254
A32: IE | B32: O | C32: =A32&"IUE"&B32 -> IEIUEO | D32: 7.8766 | E32: =D32*VLOOKUP($A32,'EU Ref Sc 2020 Other industries'!$A$5:$AE$33,E$2) -> 8.0951366 | F32: =E32*VLOOKUP($A32,'EU Ref Sc 2020 Other industries'!$A$5:$AE$33,F$2) -> 8.3136732 | G32: =F32*VLOOKUP($A32,'EU Ref Sc 2020 Other industries'!$A$5:$AE$33,G$2) -> 8.5322098 | H32: =G32*VLOOKUP($A32,'EU Ref Sc 2020 Other industries'!$A$5:$AE$33,H$2) -> 8.7507464 | I32: =H32*VLOOKUP($A32,'EU Ref Sc 2020 Other industries'!$A$5:$AE$33,I$2) -> 8.9172188 | J32: =I32*VLOOKUP($A32,'EU Ref Sc 2020 Other industries'!$A$5:$AE$33,J$2) -> 9.0836912 | K32: =J32*VLOOKUP($A32,'EU Ref Sc 2020 Other industries'!$A$5:$AE$33,K$2) -> 9.2501636 | L32: =K32*VLOOKUP($A32,'EU Ref Sc 2020 Other industries'!$A$5:$AE$33,L$2) -> 9.4166359 | ... AG32: =AF32*VLOOKUP($A32,'EU Ref Sc 2020 Other industries'!$A$5:$AE$33,AG$2) -> 9.3986769 | AH32: =AG32 -> 9.3986769 | AI32: =AH32 -> 9.3986769 | AJ32: =AI32 -> 9.3986769 | AK32: =AJ32 -> 9.3986769 | AL32: =AK32 -> 9.3986769 | AM32: =AL32 -> 9.3986769 | AN32: =AM32 -> 9.3986769 | AO32: =AN32 -> 9.3986769 | ... AQ32: =AP32 -> 9.3986769
A33: IT | B33: O | C33: =A33&"IUE"&B33 -> ITIUEO | D33: 197.7646 | E33: =D33*VLOOKUP($A33,'EU Ref Sc 2020 Other industries'!$A$5:$AE$33,E$2) -> 200.12512 | F33: =E33*VLOOKUP($A33,'EU Ref Sc 2020 Other industries'!$A$5:$AE$33,F$2) -> 202.48565 | G33: =F33*VLOOKUP($A33,'EU Ref Sc 2020 Other industries'!$A$5:$AE$33,G$2) -> 204.84617 | H33: =G33*VLOOKUP($A33,'EU Ref Sc 2020 Other industries'!$A$5:$AE$33,H$2) -> 207.20669 | I33: =H33*VLOOKUP($A33,'EU Ref Sc 2020 Other industries'!$A$5:$AE$33,I$2) -> 205.37478 | J33: =I33*VLOOKUP($A33,'EU Ref Sc 2020 Other industries'!$A$5:$AE$33,J$2) -> 203.54286 | K33: =J33*VLOOKUP($A33,'EU Ref Sc 2020 Other industries'!$A$5:$AE$33,K$2) -> 201.71095 | L33: =K33*VLOOKUP($A33,'EU Ref Sc 2020 Other industries'!$A$5:$AE$33,L$2) -> 199.87903 | ... AG33: =AF33*VLOOKUP($A33,'EU Ref Sc 2020 Other industries'!$A$5:$AE$33,AG$2) -> 191.86788 | AH33: =AG33 -> 191.86788 | AI33: =AH33 -> 191.86788 | AJ33: =AI33 -> 191.86788 | AK33: =AJ33 -> 191.86788 | AL33: =AK33 -> 191.86788 | AM33: =AL33 -> 191.86788 | AN33: =AM33 -> 191.86788 | AO33: =AN33 -> 191.86788 | ... AQ33: =AP33 -> 191.86788
A34: LT | B34: O | C34: =A34&"IUE"&B34 -> LTIUEO | D34: 3.3983 | E34: =D34*VLOOKUP($A34,'EU Ref Sc 2020 Other industries'!$A$5:$AE$33,E$2) -> 3.4842963 | F34: =E34*VLOOKUP($A34,'EU Ref Sc 2020 Other industries'!$A$5:$AE$33,F$2) -> 3.5702927 | G34: =F34*VLOOKUP($A34,'EU Ref Sc 2020 Other industries'!$A$5:$AE$33,G$2) -> 3.656289 | H34: =G34*VLOOKUP($A34,'EU Ref Sc 2020 Other industries'!$A$5:$AE$33,H$2) -> 3.7422853 | I34: =H34*VLOOKUP($A34,'EU Ref Sc 2020 Other industries'!$A$5:$AE$33,I$2) -> 3.7389833 | J34: =I34*VLOOKUP($A34,'EU Ref Sc 2020 Other industries'!$A$5:$AE$33,J$2) -> 3.7356813 | K34: =J34*VLOOKUP($A34,'EU Ref Sc 2020 Other industries'!$A$5:$AE$33,K$2) -> 3.7323793 | L34: =K34*VLOOKUP($A34,'EU Ref Sc 2020 Other industries'!$A$5:$AE$33,L$2) -> 3.7290773 | ... AG34: =AF34*VLOOKUP($A34,'EU Ref Sc 2020 Other industries'!$A$5:$AE$33,AG$2) -> 3.8050401 | AH34: =AG34 -> 3.8050401 | AI34: =AH34 -> 3.8050401 | AJ34: =AI34 -> 3.8050401 | AK34: =AJ34 -> 3.8050401 | AL34: =AK34 -> 3.8050401 | AM34: =AL34 -> 3.8050401 | AN34: =AM34 -> 3.8050401 | AO34: =AN34 -> 3.8050401 | ... AQ34: =AP34 -> 3.8050401
A35: LU | B35: O | C35: =A35&"IUE"&B35 -> LUIUEO | D35: 2.568 | E35: =D35*VLOOKUP($A35,'EU Ref Sc 2020 Other industries'!$A$5:$AE$33,E$2) -> 2.6130664 | F35: =E35*VLOOKUP($A35,'EU Ref Sc 2020 Other industries'!$A$5:$AE$33,F$2) -> 2.6581327 | G35: =F35*VLOOKUP($A35,'EU Ref Sc 2020 Other industries'!$A$5:$AE$33,G$2) -> 2.7031991 | H35: =G35*VLOOKUP($A35,'EU Ref Sc 2020 Other industries'!$A$5:$AE$33,H$2) -> 2.7482655 | I35: =H35*VLOOKUP($A35,'EU Ref Sc 2020 Other industries'!$A$5:$AE$33,I$2) -> 2.7490572 | J35: =I35*VLOOKUP($A35,'EU Ref Sc 2020 Other industries'!$A$5:$AE$33,J$2) -> 2.749849 | K35: =J35*VLOOKUP($A35,'EU Ref Sc 2020 Other industries'!$A$5:$AE$33,K$2) -> 2.7506407 | L35: =K35*VLOOKUP($A35,'EU Ref Sc 2020 Other industries'!$A$5:$AE$33,L$2) -> 2.7514325 | ... AG35: =AF35*VLOOKUP($A35,'EU Ref Sc 2020 Other industries'!$A$5:$AE$33,AG$2) -> 2.7252827 | AH35: =AG35 -> 2.7252827 | AI35: =AH35 -> 2.7252827 | AJ35: =AI35 -> 2.7252827 | AK35: =AJ35 -> 2.7252827 | AL35: =AK35 -> 2.7252827 | AM35: =AL35 -> 2.7252827 | AN35: =AM35 -> 2.7252827 | AO35: =AN35 -> 2.7252827 | ... AQ35: =AP35 -> 2.7252827
A36: LV | B36: O | C36: =A36&"IUE"&B36 -> LVIUEO | D36: 1.7622 | E36: =D36*VLOOKUP($A36,'EU Ref Sc 2020 Other industries'!$A$5:$AE$33,E$2) -> 1.785591 | F36: =E36*VLOOKUP($A36,'EU Ref Sc 2020 Other industries'!$A$5:$AE$33,F$2) -> 1.808982 | G36: =F36*VLOOKUP($A36,'EU Ref Sc 2020 Other industries'!$A$5:$AE$33,G$2) -> 1.832373 | H36: =G36*VLOOKUP($A36,'EU Ref Sc 2020 Other industries'!$A$5:$AE$33,H$2) -> 1.855764 | I36: =H36*VLOOKUP($A36,'EU Ref Sc 2020 Other industries'!$A$5:$AE$33,I$2) -> 1.8569567 | J36: =I36*VLOOKUP($A36,'EU Ref Sc 2020 Other industries'!$A$5:$AE$33,J$2) -> 1.8581494 | K36: =J36*VLOOKUP($A36,'EU Ref Sc 2020 Other industries'!$A$5:$AE$33,K$2) -> 1.8593422 | L36: =K36*VLOOKUP($A36,'EU Ref Sc 2020 Other industries'!$A$5:$AE$33,L$2) -> 1.8605349 | ... AG36: =AF36*VLOOKUP($A36,'EU Ref Sc 2020 Other industries'!$A$5:$AE$33,AG$2) -> 1.5654656 | AH36: =AG36 -> 1.5654656 | AI36: =AH36 -> 1.5654656 | AJ36: =AI36 -> 1.5654656 | AK36: =AJ36 -> 1.5654656 | AL36: =AK36 -> 1.5654656 | AM36: =AL36 -> 1.5654656 | AN36: =AM36 -> 1.5654656 | AO36: =AN36 -> 1.5654656 | ... AQ36: =AP36 -> 1.5654656
A37: MT | B37: O | C37: =A37&"IUE"&B37 -> MTIUEO | D37: 0.7735 | E37: =D37*VLOOKUP($A37,'EU Ref Sc 2020 Other industries'!$A$5:$AE$33,E$2) -> 0.81225839 | F37: =E37*VLOOKUP($A37,'EU Ref Sc 2020 Other industries'!$A$5:$AE$33,F$2) -> 0.85101678 | G37: =F37*VLOOKUP($A37,'EU Ref Sc 2020 Other industries'!$A$5:$AE$33,G$2) -> 0.88977517 | H37: =G37*VLOOKUP($A37,'EU Ref Sc 2020 Other industries'!$A$5:$AE$33,H$2) -> 0.92853356 | I37: =H37*VLOOKUP($A37,'EU Ref Sc 2020 Other industries'!$A$5:$AE$33,I$2) -> 0.97130297 | J37: =I37*VLOOKUP($A37,'EU Ref Sc 2020 Other industries'!$A$5:$AE$33,J$2) -> 1.0140724 | K37: =J37*VLOOKUP($A37,'EU Ref Sc 2020 Other industries'!$A$5:$AE$33,K$2) -> 1.0568418 | L37: =K37*VLOOKUP($A37,'EU Ref Sc 2020 Other industries'!$A$5:$AE$33,L$2) -> 1.0996112 | ... AG37: =AF37*VLOOKUP($A37,'EU Ref Sc 2020 Other industries'!$A$5:$AE$33,AG$2) -> 1.3199126 | AH37: =AG37 -> 1.3199126 | AI37: =AH37 -> 1.3199126 | AJ37: =AI37 -> 1.3199126 | AK37: =AJ37 -> 1.3199126 | AL37: =AK37 -> 1.3199126 | AM37: =AL37 -> 1.3199126 | AN37: =AM37 -> 1.3199126 | AO37: =AN37 -> 1.3199126 | ... AQ37: =AP37 -> 1.3199126
A38: NL | B38: O | C38: =A38&"IUE"&B38 -> NLIUEO | D38: 44.4721 | E38: =D38*VLOOKUP($A38,'EU Ref Sc 2020 Other industries'!$A$5:$AE$33,E$2) -> 45.234346 | F38: =E38*VLOOKUP($A38,'EU Ref Sc 2020 Other industries'!$A$5:$AE$33,F$2) -> 45.996591 | G38: =F38*VLOOKUP($A38,'EU Ref Sc 2020 Other industries'!$A$5:$AE$33,G$2) -> 46.758837 | H38: =G38*VLOOKUP($A38,'EU Ref Sc 2020 Other industries'!$A$5:$AE$33,H$2) -> 47.521083 | I38: =H38*VLOOKUP($A38,'EU Ref Sc 2020 Other industries'!$A$5:$AE$33,I$2) -> 47.045758 | J38: =I38*VLOOKUP($A38,'EU Ref Sc 2020 Other industries'!$A$5:$AE$33,J$2) -> 46.570433 | K38: =J38*VLOOKUP($A38,'EU Ref Sc 2020 Other industries'!$A$5:$AE$33,K$2) -> 46.095108 | L38: =K38*VLOOKUP($A38,'EU Ref Sc 2020 Other industries'!$A$5:$AE$33,L$2) -> 45.619783 | ... AG38: =AF38*VLOOKUP($A38,'EU Ref Sc 2020 Other industries'!$A$5:$AE$33,AG$2) -> 46.952737 | AH38: =AG38 -> 46.952737 | AI38: =AH38 -> 46.952737 | AJ38: =AI38 -> 46.952737 | AK38: =AJ38 -> 46.952737 | AL38: =AK38 -> 46.952737 | AM38: =AL38 -> 46.952737 | AN38: =AM38 -> 46.952737 | AO38: =AN38 -> 46.952737 | ... AQ38: =AP38 -> 46.952737
A39: PL | B39: O | C39: =A39&"IUE"&B39 -> PLIUEO | D39: 99.0986 | E39: =D39*VLOOKUP($A39,'EU Ref Sc 2020 Other industries'!$A$5:$AE$33,E$2) -> 99.236123 | F39: =E39*VLOOKUP($A39,'EU Ref Sc 2020 Other industries'!$A$5:$AE$33,F$2) -> 99.373647 | G39: =F39*VLOOKUP($A39,'EU Ref Sc 2020 Other industries'!$A$5:$AE$33,G$2) -> 99.51117 | H39: =G39*VLOOKUP($A39,'EU Ref Sc 2020 Other industries'!$A$5:$AE$33,H$2) -> 99.648693 | I39: =H39*VLOOKUP($A39,'EU Ref Sc 2020 Other industries'!$A$5:$AE$33,I$2) -> 102.1709 | J39: =I39*VLOOKUP($A39,'EU Ref Sc 2020 Other industries'!$A$5:$AE$33,J$2) -> 104.69311 | K39: =J39*VLOOKUP($A39,'EU Ref Sc 2020 Other industries'!$A$5:$AE$33,K$2) -> 107.21532 | L39: =K39*VLOOKUP($A39,'EU Ref Sc 2020 Other industries'!$A$5:$AE$33,L$2) -> 109.73753 | ... AG39: =AF39*VLOOKUP($A39,'EU Ref Sc 2020 Other industries'!$A$5:$AE$33,AG$2) -> 120.81348 | AH39: =AG39 -> 120.81348 | AI39: =AH39 -> 120.81348 | AJ39: =AI39 -> 120.81348 | AK39: =AJ39 -> 120.81348 | AL39: =AK39 -> 120.81348 | AM39: =AL39 -> 120.81348 | AN39: =AM39 -> 120.81348 | AO39: =AN39 -> 120.81348 | ... AQ39: =AP39 -> 120.81348
A40: PT | B40: O | C40: =A40&"IUE"&B40 -> PTIUEO | D40: =24.303-5.377 -> 18.926 | E40: =D40*VLOOKUP($A40,'EU Ref Sc 2020 Other industries'!$A$5:$AE$33,E$2) -> 19.015445 | F40: =E40*VLOOKUP($A40,'EU Ref Sc 2020 Other industries'!$A$5:$AE$33,F$2) -> 19.10489 | G40: =F40*VLOOKUP($A40,'EU Ref Sc 2020 Other industries'!$A$5:$AE$33,G$2) -> 19.194336 | H40: =G40*VLOOKUP($A40,'EU Ref Sc 2020 Other industries'!$A$5:$AE$33,H$2) -> 19.283781 | I40: =H40*VLOOKUP($A40,'EU Ref Sc 2020 Other industries'!$A$5:$AE$33,I$2) -> 19.119584 | J40: =I40*VLOOKUP($A40,'EU Ref Sc 2020 Other industries'!$A$5:$AE$33,J$2) -> 18.955388 | K40: =J40*VLOOKUP($A40,'EU Ref Sc 2020 Other industries'!$A$5:$AE$33,K$2) -> 18.791192 | L40: =K40*VLOOKUP($A40,'EU Ref Sc 2020 Other industries'!$A$5:$AE$33,L$2) -> 18.626995 | ... AG40: =AF40*VLOOKUP($A40,'EU Ref Sc 2020 Other industries'!$A$5:$AE$33,AG$2) -> 16.849533 | AH40: =AG40 -> 16.849533 | AI40: =AH40 -> 16.849533 | AJ40: =AI40 -> 16.849533 | AK40: =AJ40 -> 16.849533 | AL40: =AK40 -> 16.849533 | AM40: =AL40 -> 16.849533 | AN40: =AM40 -> 16.849533 | AO40: =AN40 -> 16.849533 | ... AQ40: =AP40 -> 16.849533
A41: RO | B41: O | C41: =A41&"IUE"&B41 -> ROIUEO | D41: 37.7071 | E41: =D41*VLOOKUP($A41,'EU Ref Sc 2020 Other industries'!$A$5:$AE$33,E$2) -> 39.76634 | F41: =E41*VLOOKUP($A41,'EU Ref Sc 2020 Other industries'!$A$5:$AE$33,F$2) -> 41.82558 | G41: =F41*VLOOKUP($A41,'EU Ref Sc 2020 Other industries'!$A$5:$AE$33,G$2) -> 43.88482 | H41: =G41*VLOOKUP($A41,'EU Ref Sc 2020 Other industries'!$A$5:$AE$33,H$2) -> 45.944059 | I41: =H41*VLOOKUP($A41,'EU Ref Sc 2020 Other industries'!$A$5:$AE$33,I$2) -> 46.920343 | J41: =I41*VLOOKUP($A41,'EU Ref Sc 2020 Other industries'!$A$5:$AE$33,J$2) -> 47.896626 | K41: =J41*VLOOKUP($A41,'EU Ref Sc 2020 Other industries'!$A$5:$AE$33,K$2) -> 48.872909 | L41: =K41*VLOOKUP($A41,'EU Ref Sc 2020 Other industries'!$A$5:$AE$33,L$2) -> 49.849192 | ... AG41: =AF41*VLOOKUP($A41,'EU Ref Sc 2020 Other industries'!$A$5:$AE$33,AG$2) -> 50.600015 | AH41: =AG41 -> 50.600015 | AI41: =AH41 -> 50.600015 | AJ41: =AI41 -> 50.600015 | AK41: =AJ41 -> 50.600015 | AL41: =AK41 -> 50.600015 | AM41: =AL41 -> 50.600015 | AN41: =AM41 -> 50.600015 | AO41: =AN41 -> 50.600015 | ... AQ41: =AP41 -> 50.600015
A42: SE | B42: O | C42: =A42&"IUE"&B42 -> SEIUEO | D42: 44.097 | E42: =D42*VLOOKUP($A42,'EU Ref Sc 2020 Other industries'!$A$5:$AE$33,E$2) -> 44.268844 | F42: =E42*VLOOKUP($A42,'EU Ref Sc 2020 Other industries'!$A$5:$AE$33,F$2) -> 44.440689 | G42: =F42*VLOOKUP($A42,'EU Ref Sc 2020 Other industries'!$A$5:$AE$33,G$2) -> 44.612533 | H42: =G42*VLOOKUP($A42,'EU Ref Sc 2020 Other industries'!$A$5:$AE$33,H$2) -> 44.784378 | I42: =H42*VLOOKUP($A42,'EU Ref Sc 2020 Other industries'!$A$5:$AE$33,I$2) -> 45.452663 | J42: =I42*VLOOKUP($A42,'EU Ref Sc 2020 Other industries'!$A$5:$AE$33,J$2) -> 46.120948 | K42: =J42*VLOOKUP($A42,'EU Ref Sc 2020 Other industries'!$A$5:$AE$33,K$2) -> 46.789233 | L42: =K42*VLOOKUP($A42,'EU Ref Sc 2020 Other industries'!$A$5:$AE$33,L$2) -> 47.457518 | ... AG42: =AF42*VLOOKUP($A42,'EU Ref Sc 2020 Other industries'!$A$5:$AE$33,AG$2) -> 53.872982 | AH42: =AG42 -> 53.872982 | AI42: =AH42 -> 53.872982 | AJ42: =AI42 -> 53.872982 | AK42: =AJ42 -> 53.872982 | AL42: =AK42 -> 53.872982 | AM42: =AL42 -> 53.872982 | AN42: =AM42 -> 53.872982 | AO42: =AN42 -> 53.872982 | ... AQ42: =AP42 -> 53.872982
A43: SI | B43: O | C43: =A43&"IUE"&B43 -> SIIUEO | D43: 10.2374 | E43: =D43*VLOOKUP($A43,'EU Ref Sc 2020 Other industries'!$A$5:$AE$33,E$2) -> 10.575813 | F43: =E43*VLOOKUP($A43,'EU Ref Sc 2020 Other industries'!$A$5:$AE$33,F$2) -> 10.914226 | G43: =F43*VLOOKUP($A43,'EU Ref Sc 2020 Other industries'!$A$5:$AE$33,G$2) -> 11.252638 | H43: =G43*VLOOKUP($A43,'EU Ref Sc 2020 Other industries'!$A$5:$AE$33,H$2) -> 11.591051 | I43: =H43*VLOOKUP($A43,'EU Ref Sc 2020 Other industries'!$A$5:$AE$33,I$2) -> 11.794466 | J43: =I43*VLOOKUP($A43,'EU Ref Sc 2020 Other industries'!$A$5:$AE$33,J$2) -> 11.997881 | K43: =J43*VLOOKUP($A43,'EU Ref Sc 2020 Other industries'!$A$5:$AE$33,K$2) -> 12.201297 | L43: =K43*VLOOKUP($A43,'EU Ref Sc 2020 Other industries'!$A$5:$AE$33,L$2) -> 12.404712 | ... AG43: =AF43*VLOOKUP($A43,'EU Ref Sc 2020 Other industries'!$A$5:$AE$33,AG$2) -> 14.79024 | AH43: =AG43 -> 14.79024 | AI43: =AH43 -> 14.79024 | AJ43: =AI43 -> 14.79024 | AK43: =AJ43 -> 14.79024 | AL43: =AK43 -> 14.79024 | AM43: =AL43 -> 14.79024 | AN43: =AM43 -> 14.79024 | AO43: =AN43 -> 14.79024 | ... AQ43: =AP43 -> 14.79024
A44: SK | B44: O | C44: =A44&"IUE"&B44 -> SKIUEO | D44: 17.4441 | E44: =D44*VLOOKUP($A44,'EU Ref Sc 2020 Other industries'!$A$5:$AE$33,E$2) -> 17.535661 | F44: =E44*VLOOKUP($A44,'EU Ref Sc 2020 Other industries'!$A$5:$AE$33,F$2) -> 17.627222 | G44: =F44*VLOOKUP($A44,'EU Ref Sc 2020 Other industries'!$A$5:$AE$33,G$2) -> 17.718783 | H44: =G44*VLOOKUP($A44,'EU Ref Sc 2020 Other industries'!$A$5:$AE$33,H$2) -> 17.810344 | I44: =H44*VLOOKUP($A44,'EU Ref Sc 2020 Other industries'!$A$5:$AE$33,I$2) -> 17.819268 | J44: =I44*VLOOKUP($A44,'EU Ref Sc 2020 Other industries'!$A$5:$AE$33,J$2) -> 17.828193 | K44: =J44*VLOOKUP($A44,'EU Ref Sc 2020 Other industries'!$A$5:$AE$33,K$2) -> 17.837117 | L44: =K44*VLOOKUP($A44,'EU Ref Sc 2020 Other industries'!$A$5:$AE$33,L$2) -> 17.846041 | ... AG44: =AF44*VLOOKUP($A44,'EU Ref Sc 2020 Other industries'!$A$5:$AE$33,AG$2) -> 18.659852 | AH44: =AG44 -> 18.659852 | AI44: =AH44 -> 18.659852 | AJ44: =AI44 -> 18.659852 | AK44: =AJ44 -> 18.659852 | AL44: =AK44 -> 18.659852 | AM44: =AL44 -> 18.659852 | AN44: =AM44 -> 18.659852 | AO44: =AN44 -> 18.659852 | ... AQ44: =AP44 -> 18.659852
A45: AT | B45: N | C45: =A45&"IUE"&B45 -> ATIUEN | D45: 20.3254 | E45: =D45*VLOOKUP($A45,'EU Ref Sc 2020 Energy intensive'!$A$5:$AE$33,E$2) -> 20.478177 | F45: =E45*VLOOKUP($A45,'EU Ref Sc 2020 Energy intensive'!$A$5:$AE$33,F$2) -> 20.630954 | G45: =F45*VLOOKUP($A45,'EU Ref Sc 2020 Energy intensive'!$A$5:$AE$33,G$2) -> 20.783731 | H45: =G45*VLOOKUP($A45,'EU Ref Sc 2020 Energy intensive'!$A$5:$AE$33,H$2) -> 20.936508 | I45: =H45*VLOOKUP($A45,'EU Ref Sc 2020 Energy intensive'!$A$5:$AE$33,I$2) -> 20.773143 | J45: =I45*VLOOKUP($A45,'EU Ref Sc 2020 Energy intensive'!$A$5:$AE$33,J$2) -> 20.609779 | K45: =J45*VLOOKUP($A45,'EU Ref Sc 2020 Energy intensive'!$A$5:$AE$33,K$2) -> 20.446414 | L45: =K45*VLOOKUP($A45,'EU Ref Sc 2020 Energy intensive'!$A$5:$AE$33,L$2) -> 20.283049 | ... AG45: =AF45*VLOOKUP($A45,'EU Ref Sc 2020 Energy intensive'!$A$5:$AE$33,AG$2) -> 17.439123 | AH45: =AG45 -> 17.439123 | AI45: =AH45 -> 17.439123 | AJ45: =AI45 -> 17.439123 | AK45: =AJ45 -> 17.439123 | AL45: =AK45 -> 17.439123 | AM45: =AL45 -> 17.439123 | AN45: =AM45 -> 17.439123 | AO45: =AN45 -> 17.439123 | ... AQ45: =AP45 -> 17.439123
A46: BE | B46: N | C46: =A46&"IUE"&B46 -> BEIUEN | D46: 27.4779 | E46: =D46*VLOOKUP($A46,'EU Ref Sc 2020 Energy intensive'!$A$5:$AE$33,E$2) -> 28.361694 | F46: =E46*VLOOKUP($A46,'EU Ref Sc 2020 Energy intensive'!$A$5:$AE$33,F$2) -> 29.245488 | G46: =F46*VLOOKUP($A46,'EU Ref Sc 2020 Energy intensive'!$A$5:$AE$33,G$2) -> 30.129282 | H46: =G46*VLOOKUP($A46,'EU Ref Sc 2020 Energy intensive'!$A$5:$AE$33,H$2) -> 31.013077 | I46: =H46*VLOOKUP($A46,'EU Ref Sc 2020 Energy intensive'!$A$5:$AE$33,I$2) -> 31.951442 | J46: =I46*VLOOKUP($A46,'EU Ref Sc 2020 Energy intensive'!$A$5:$AE$33,J$2) -> 32.889807 | K46: =J46*VLOOKUP($A46,'EU Ref Sc 2020 Energy intensive'!$A$5:$AE$33,K$2) -> 33.828172 | L46: =K46*VLOOKUP($A46,'EU Ref Sc 2020 Energy intensive'!$A$5:$AE$33,L$2) -> 34.766537 | ... AG46: =AF46*VLOOKUP($A46,'EU Ref Sc 2020 Energy intensive'!$A$5:$AE$33,AG$2) -> 33.572679 | AH46: =AG46 -> 33.572679 | AI46: =AH46 -> 33.572679 | AJ46: =AI46 -> 33.572679 | AK46: =AJ46 -> 33.572679 | AL46: =AK46 -> 33.572679 | AM46: =AL46 -> 33.572679 | AN46: =AM46 -> 33.572679 | AO46: =AN46 -> 33.572679 | ... AQ46: =AP46 -> 33.572679
A47: BG | B47: N | C47: =A47&"IUE"&B47 -> BGIUEN | D47: 11.3807 | E47: =D47*VLOOKUP($A47,'EU Ref Sc 2020 Energy intensive'!$A$5:$AE$33,E$2) -> 11.540628 | F47: =E47*VLOOKUP($A47,'EU Ref Sc 2020 Energy intensive'!$A$5:$AE$33,F$2) -> 11.700555 | G47: =F47*VLOOKUP($A47,'EU Ref Sc 2020 Energy intensive'!$A$5:$AE$33,G$2) -> 11.860483 | H47: =G47*VLOOKUP($A47,'EU Ref Sc 2020 Energy intensive'!$A$5:$AE$33,H$2) -> 12.020411 | I47: =H47*VLOOKUP($A47,'EU Ref Sc 2020 Energy intensive'!$A$5:$AE$33,I$2) -> 11.967248 | J47: =I47*VLOOKUP($A47,'EU Ref Sc 2020 Energy intensive'!$A$5:$AE$33,J$2) -> 11.914085 | K47: =J47*VLOOKUP($A47,'EU Ref Sc 2020 Energy intensive'!$A$5:$AE$33,K$2) -> 11.860922 | L47: =K47*VLOOKUP($A47,'EU Ref Sc 2020 Energy intensive'!$A$5:$AE$33,L$2) -> 11.80776 | ... AG47: =AF47*VLOOKUP($A47,'EU Ref Sc 2020 Energy intensive'!$A$5:$AE$33,AG$2) -> 9.971883 | AH47: =AG47 -> 9.971883 | AI47: =AH47 -> 9.971883 | AJ47: =AI47 -> 9.971883 | AK47: =AJ47 -> 9.971883 | AL47: =AK47 -> 9.971883 | AM47: =AL47 -> 9.971883 | AN47: =AM47 -> 9.971883 | AO47: =AN47 -> 9.971883 | ... AQ47: =AP47 -> 9.971883
A48: CY | B48: N | C48: =A48&"IUE"&B48 -> CYIUEN | D48: 3.1879 | E48: =D48*VLOOKUP($A48,'EU Ref Sc 2020 Energy intensive'!$A$5:$AE$33,E$2) -> 3.2256847 | F48: =E48*VLOOKUP($A48,'EU Ref Sc 2020 Energy intensive'!$A$5:$AE$33,F$2) -> 3.2634695 | G48: =F48*VLOOKUP($A48,'EU Ref Sc 2020 Energy intensive'!$A$5:$AE$33,G$2) -> 3.3012542 | H48: =G48*VLOOKUP($A48,'EU Ref Sc 2020 Energy intensive'!$A$5:$AE$33,H$2) -> 3.3390389 | I48: =H48*VLOOKUP($A48,'EU Ref Sc 2020 Energy intensive'!$A$5:$AE$33,I$2) -> 3.282185 | J48: =I48*VLOOKUP($A48,'EU Ref Sc 2020 Energy intensive'!$A$5:$AE$33,J$2) -> 3.2253312 | K48: =J48*VLOOKUP($A48,'EU Ref Sc 2020 Energy intensive'!$A$5:$AE$33,K$2) -> 3.1684773 | L48: =K48*VLOOKUP($A48,'EU Ref Sc 2020 Energy intensive'!$A$5:$AE$33,L$2) -> 3.1116235 | ... AG48: =AF48*VLOOKUP($A48,'EU Ref Sc 2020 Energy intensive'!$A$5:$AE$33,AG$2) -> 3.2531205 | AH48: =AG48 -> 3.2531205 | AI48: =AH48 -> 3.2531205 | AJ48: =AI48 -> 3.2531205 | AK48: =AJ48 -> 3.2531205 | AL48: =AK48 -> 3.2531205 | AM48: =AL48 -> 3.2531205 | AN48: =AM48 -> 3.2531205 | AO48: =AN48 -> 3.2531205 | ... AQ48: =AP48 -> 3.2531205
A49: CZ | B49: N | C49: =A49&"IUE"&B49 -> CZIUEN | D49: 20.9112 | E49: =D49*VLOOKUP($A49,'EU Ref Sc 2020 Energy intensive'!$A$5:$AE$33,E$2) -> 20.962571 | F49: =E49*VLOOKUP($A49,'EU Ref Sc 2020 Energy intensive'!$A$5:$AE$33,F$2) -> 21.013942 | G49: =F49*VLOOKUP($A49,'EU Ref Sc 2020 Energy intensive'!$A$5:$AE$33,G$2) -> 21.065314 | H49: =G49*VLOOKUP($A49,'EU Ref Sc 2020 Energy intensive'!$A$5:$AE$33,H$2) -> 21.116685 | I49: =H49*VLOOKUP($A49,'EU Ref Sc 2020 Energy intensive'!$A$5:$AE$33,I$2) -> 20.72057 | J49: =I49*VLOOKUP($A49,'EU Ref Sc 2020 Energy intensive'!$A$5:$AE$33,J$2) -> 20.324454 | K49: =J49*VLOOKUP($A49,'EU Ref Sc 2020 Energy intensive'!$A$5:$AE$33,K$2) -> 19.928339 | L49: =K49*VLOOKUP($A49,'EU Ref Sc 2020 Energy intensive'!$A$5:$AE$33,L$2) -> 19.532224 | ... AG49: =AF49*VLOOKUP($A49,'EU Ref Sc 2020 Energy intensive'!$A$5:$AE$33,AG$2) -> 16.485852 | AH49: =AG49 -> 16.485852 | AI49: =AH49 -> 16.485852 | AJ49: =AI49 -> 16.485852 | AK49: =AJ49 -> 16.485852 | AL49: =AK49 -> 16.485852 | AM49: =AL49 -> 16.485852 | AN49: =AM49 -> 16.485852 | AO49: =AN49 -> 16.485852 | ... AQ49: =AP49 -> 16.485852
A50: DE | B50: N | C50: =A50&"IUE"&B50 -> DEIUEN | D50: 144.1343 | E50: =D50*VLOOKUP($A50,'EU Ref Sc 2020 Energy intensive'!$A$5:$AE$33,E$2) -> 145.04595 | F50: =E50*VLOOKUP($A50,'EU Ref Sc 2020 Energy intensive'!$A$5:$AE$33,F$2) -> 145.95761 | G50: =F50*VLOOKUP($A50,'EU Ref Sc 2020 Energy intensive'!$A$5:$AE$33,G$2) -> 146.86926 | H50: =G50*VLOOKUP($A50,'EU Ref Sc 2020 Energy intensive'!$A$5:$AE$33,H$2) -> 147.78092 | I50: =H50*VLOOKUP($A50,'EU Ref Sc 2020 Energy intensive'!$A$5:$AE$33,I$2) -> 145.96704 | J50: =I50*VLOOKUP($A50,'EU Ref Sc 2020 Energy intensive'!$A$5:$AE$33,J$2) -> 144.15315 | K50: =J50*VLOOKUP($A50,'EU Ref Sc 2020 Energy intensive'!$A$5:$AE$33,K$2) -> 142.33927 | L50: =K50*VLOOKUP($A50,'EU Ref Sc 2020 Energy intensive'!$A$5:$AE$33,L$2) -> 140.52539 | ... AG50: =AF50*VLOOKUP($A50,'EU Ref Sc 2020 Energy intensive'!$A$5:$AE$33,AG$2) -> 114.51487 | AH50: =AG50 -> 114.51487 | AI50: =AH50 -> 114.51487 | AJ50: =AI50 -> 114.51487 | AK50: =AJ50 -> 114.51487 | AL50: =AK50 -> 114.51487 | AM50: =AL50 -> 114.51487 | AN50: =AM50 -> 114.51487 | AO50: =AN50 -> 114.51487 | ... AQ50: =AP50 -> 114.51487
A51: DK | B51: N | C51: =A51&"IUE"&B51 -> DKIUEN | D51: 12.1865 | E51: =D51*VLOOKUP($A51,'EU Ref Sc 2020 Energy intensive'!$A$5:$AE$33,E$2) -> 12.40292 | F51: =E51*VLOOKUP($A51,'EU Ref Sc 2020 Energy intensive'!$A$5:$AE$33,F$2) -> 12.61934 | G51: =F51*VLOOKUP($A51,'EU Ref Sc 2020 Energy intensive'!$A$5:$AE$33,G$2) -> 12.835761 | H51: =G51*VLOOKUP($A51,'EU Ref Sc 2020 Energy intensive'!$A$5:$AE$33,H$2) -> 13.052181 | I51: =H51*VLOOKUP($A51,'EU Ref Sc 2020 Energy intensive'!$A$5:$AE$33,I$2) -> 13.105019 | J51: =I51*VLOOKUP($A51,'EU Ref Sc 2020 Energy intensive'!$A$5:$AE$33,J$2) -> 13.157856 | K51: =J51*VLOOKUP($A51,'EU Ref Sc 2020 Energy intensive'!$A$5:$AE$33,K$2) -> 13.210694 | L51: =K51*VLOOKUP($A51,'EU Ref Sc 2020 Energy intensive'!$A$5:$AE$33,L$2) -> 13.263532 | ... AG51: =AF51*VLOOKUP($A51,'EU Ref Sc 2020 Energy intensive'!$A$5:$AE$33,AG$2) -> 12.853364 | AH51: =AG51 -> 12.853364 | AI51: =AH51 -> 12.853364 | AJ51: =AI51 -> 12.853364 | AK51: =AJ51 -> 12.853364 | AL51: =AK51 -> 12.853364 | AM51: =AL51 -> 12.853364 | AN51: =AM51 -> 12.853364 | AO51: =AN51 -> 12.853364 | ... AQ51: =AP51 -> 12.853364
A52: ES | B52: N | C52: =A52&"IUE"&B52 -> ESIUEN | D52: 84.6954 | E52: =D52*VLOOKUP($A52,'EU Ref Sc 2020 Energy intensive'!$A$5:$AE$33,E$2) -> 88.590171 | F52: =E52*VLOOKUP($A52,'EU Ref Sc 2020 Energy intensive'!$A$5:$AE$33,F$2) -> 92.484941 | G52: =F52*VLOOKUP($A52,'EU Ref Sc 2020 Energy intensive'!$A$5:$AE$33,G$2) -> 96.379712 | H52: =G52*VLOOKUP($A52,'EU Ref Sc 2020 Energy intensive'!$A$5:$AE$33,H$2) -> 100.27448 | I52: =H52*VLOOKUP($A52,'EU Ref Sc 2020 Energy intensive'!$A$5:$AE$33,I$2) -> 100.77336 | J52: =I52*VLOOKUP($A52,'EU Ref Sc 2020 Energy intensive'!$A$5:$AE$33,J$2) -> 101.27223 | K52: =J52*VLOOKUP($A52,'EU Ref Sc 2020 Energy intensive'!$A$5:$AE$33,K$2) -> 101.7711 | L52: =K52*VLOOKUP($A52,'EU Ref Sc 2020 Energy intensive'!$A$5:$AE$33,L$2) -> 102.26997 | ... AG52: =AF52*VLOOKUP($A52,'EU Ref Sc 2020 Energy intensive'!$A$5:$AE$33,AG$2) -> 84.077409 | AH52: =AG52 -> 84.077409 | AI52: =AH52 -> 84.077409 | AJ52: =AI52 -> 84.077409 | AK52: =AJ52 -> 84.077409 | AL52: =AK52 -> 84.077409 | AM52: =AL52 -> 84.077409 | AN52: =AM52 -> 84.077409 | AO52: =AN52 -> 84.077409 | ... AQ52: =AP52 -> 84.077409
A53: FR | B53: N | C53: =A53&"IUE"&B53 -> FRIUEN | D53: 89.6611 | E53: =D53*VLOOKUP($A53,'EU Ref Sc 2020 Energy intensive'!$A$5:$AE$33,E$2) -> 93.784221 | F53: =E53*VLOOKUP($A53,'EU Ref Sc 2020 Energy intensive'!$A$5:$AE$33,F$2) -> 97.907343 | G53: =F53*VLOOKUP($A53,'EU Ref Sc 2020 Energy intensive'!$A$5:$AE$33,G$2) -> 102.03046 | H53: =G53*VLOOKUP($A53,'EU Ref Sc 2020 Energy intensive'!$A$5:$AE$33,H$2) -> 106.15359 | I53: =H53*VLOOKUP($A53,'EU Ref Sc 2020 Energy intensive'!$A$5:$AE$33,I$2) -> 106.68171 | J53: =I53*VLOOKUP($A53,'EU Ref Sc 2020 Energy intensive'!$A$5:$AE$33,J$2) -> 107.20983 | K53: =J53*VLOOKUP($A53,'EU Ref Sc 2020 Energy intensive'!$A$5:$AE$33,K$2) -> 107.73795 | L53: =K53*VLOOKUP($A53,'EU Ref Sc 2020 Energy intensive'!$A$5:$AE$33,L$2) -> 108.26607 | ... AG53: =AF53*VLOOKUP($A53,'EU Ref Sc 2020 Energy intensive'!$A$5:$AE$33,AG$2) -> 89.006876 | AH53: =AG53 -> 89.006876 | AI53: =AH53 -> 89.006876 | AJ53: =AI53 -> 89.006876 | AK53: =AJ53 -> 89.006876 | AL53: =AK53 -> 89.006876 | AM53: =AL53 -> 89.006876 | AN53: =AM53 -> 89.006876 | AO53: =AN53 -> 89.006876 | ... AQ53: =AP53 -> 89.006876
A54: GR | B54: N | C54: =A54&"IUE"&B54 -> GRIUEN | D54: 13.4118 | E54: =D54*VLOOKUP($A54,'EU Ref Sc 2020 Energy intensive'!$A$5:$AE$33,E$2) -> 13.894409 | F54: =E54*VLOOKUP($A54,'EU Ref Sc 2020 Energy intensive'!$A$5:$AE$33,F$2) -> 14.377018 | G54: =F54*VLOOKUP($A54,'EU Ref Sc 2020 Energy intensive'!$A$5:$AE$33,G$2) -> 14.859627 | H54: =G54*VLOOKUP($A54,'EU Ref Sc 2020 Energy intensive'!$A$5:$AE$33,H$2) -> 15.342236 | I54: =H54*VLOOKUP($A54,'EU Ref Sc 2020 Energy intensive'!$A$5:$AE$33,I$2) -> 15.239055 | J54: =I54*VLOOKUP($A54,'EU Ref Sc 2020 Energy intensive'!$A$5:$AE$33,J$2) -> 15.135873 | K54: =J54*VLOOKUP($A54,'EU Ref Sc 2020 Energy intensive'!$A$5:$AE$33,K$2) -> 15.032692 | L54: =K54*VLOOKUP($A54,'EU Ref Sc 2020 Energy intensive'!$A$5:$AE$33,L$2) -> 14.929511 | ... AG54: =AF54*VLOOKUP($A54,'EU Ref Sc 2020 Energy intensive'!$A$5:$AE$33,AG$2) -> 13.90056 | AH54: =AG54 -> 13.90056 | AI54: =AH54 -> 13.90056 | AJ54: =AI54 -> 13.90056 | AK54: =AJ54 -> 13.90056 | AL54: =AK54 -> 13.90056 | AM54: =AL54 -> 13.90056 | AN54: =AM54 -> 13.90056 | AO54: =AN54 -> 13.90056 | ... AQ54: =AP54 -> 13.90056
A55: HR | B55: N | C55: =A55&"IUE"&B55 -> HRIUEN | D55: 7.1568 | E55: =D55*VLOOKUP($A55,'EU Ref Sc 2020 Energy intensive'!$A$5:$AE$33,E$2) -> 7.2365774 | F55: =E55*VLOOKUP($A55,'EU Ref Sc 2020 Energy intensive'!$A$5:$AE$33,F$2) -> 7.3163549 | G55: =F55*VLOOKUP($A55,'EU Ref Sc 2020 Energy intensive'!$A$5:$AE$33,G$2) -> 7.3961323 | H55: =G55*VLOOKUP($A55,'EU Ref Sc 2020 Energy intensive'!$A$5:$AE$33,H$2) -> 7.4759097 | I55: =H55*VLOOKUP($A55,'EU Ref Sc 2020 Energy intensive'!$A$5:$AE$33,I$2) -> 7.3467065 | J55: =I55*VLOOKUP($A55,'EU Ref Sc 2020 Energy intensive'!$A$5:$AE$33,J$2) -> 7.2175033 | K55: =J55*VLOOKUP($A55,'EU Ref Sc 2020 Energy intensive'!$A$5:$AE$33,K$2) -> 7.0883001 | L55: =K55*VLOOKUP($A55,'EU Ref Sc 2020 Energy intensive'!$A$5:$AE$33,L$2) -> 6.9590968 | ... AG55: =AF55*VLOOKUP($A55,'EU Ref Sc 2020 Energy intensive'!$A$5:$AE$33,AG$2) -> 6.9276142 | AH55: =AG55 -> 6.9276142 | AI55: =AH55 -> 6.9276142 | AJ55: =AI55 -> 6.9276142 | AK55: =AJ55 -> 6.9276142 | AL55: =AK55 -> 6.9276142 | AM55: =AL55 -> 6.9276142 | AN55: =AM55 -> 6.9276142 | AO55: =AN55 -> 6.9276142 | ... AQ55: =AP55 -> 6.9276142
A56: HU | B56: N | C56: =A56&"IUE"&B56 -> HUIUEN | D56: 11.2653 | E56: =D56*VLOOKUP($A56,'EU Ref Sc 2020 Energy intensive'!$A$5:$AE$33,E$2) -> 11.573078 | F56: =E56*VLOOKUP($A56,'EU Ref Sc 2020 Energy intensive'!$A$5:$AE$33,F$2) -> 11.880855 | G56: =F56*VLOOKUP($A56,'EU Ref Sc 2020 Energy intensive'!$A$5:$AE$33,G$2) -> 12.188633 | H56: =G56*VLOOKUP($A56,'EU Ref Sc 2020 Energy intensive'!$A$5:$AE$33,H$2) -> 12.496411 | I56: =H56*VLOOKUP($A56,'EU Ref Sc 2020 Energy intensive'!$A$5:$AE$33,I$2) -> 12.705333 | J56: =I56*VLOOKUP($A56,'EU Ref Sc 2020 Energy intensive'!$A$5:$AE$33,J$2) -> 12.914255 | K56: =J56*VLOOKUP($A56,'EU Ref Sc 2020 Energy intensive'!$A$5:$AE$33,K$2) -> 13.123176 | L56: =K56*VLOOKUP($A56,'EU Ref Sc 2020 Energy intensive'!$A$5:$AE$33,L$2) -> 13.332098 | ... AG56: =AF56*VLOOKUP($A56,'EU Ref Sc 2020 Energy intensive'!$A$5:$AE$33,AG$2) -> 10.60193 | AH56: =AG56 -> 10.60193 | AI56: =AH56 -> 10.60193 | AJ56: =AI56 -> 10.60193 | AK56: =AJ56 -> 10.60193 | AL56: =AK56 -> 10.60193 | AM56: =AL56 -> 10.60193 | AN56: =AM56 -> 10.60193 | AO56: =AN56 -> 10.60193 | ... AQ56: =AP56 -> 10.60193
... A71: RO | B71: M | C71: =A71&"IUE"&B71 -> ROIUEM | D71: 12.243 | E71: =D71*VLOOKUP($A71,'EU Ref Sc 2020 Energy intensive'!$A$5:$AE$33,E$2) -> 12.532054 | F71: =E71*VLOOKUP($A71,'EU Ref Sc 2020 Energy intensive'!$A$5:$AE$33,F$2) -> 12.821109 | G71: =F71*VLOOKUP($A71,'EU Ref Sc 2020 Energy intensive'!$A$5:$AE$33,G$2) -> 13.110163 | H71: =G71*VLOOKUP($A71,'EU Ref Sc 2020 Energy intensive'!$A$5:$AE$33,H$2) -> 13.399217 | I71: =H71*VLOOKUP($A71,'EU Ref Sc 2020 Energy intensive'!$A$5:$AE$33,I$2) -> 13.367534 | J71: =I71*VLOOKUP($A71,'EU Ref Sc 2020 Energy intensive'!$A$5:$AE$33,J$2) -> 13.335852 | K71: =J71*VLOOKUP($A71,'EU Ref Sc 2020 Energy intensive'!$A$5:$AE$33,K$2) -> 13.304169 | L71: =K71*VLOOKUP($A71,'EU Ref Sc 2020 Energy intensive'!$A$5:$AE$33,L$2) -> 13.272486 | ... AG71: =AF71*VLOOKUP($A71,'EU Ref Sc 2020 Energy intensive'!$A$5:$AE$33,AG$2) -> 10.927525 | AH71: =AG71 -> 10.927525 | AI71: =AH71 -> 10.927525 | AJ71: =AI71 -> 10.927525 | AK71: =AJ71 -> 10.927525 | AL71: =AK71 -> 10.927525 | AM71: =AL71 -> 10.927525 | AN71: =AM71 -> 10.927525 | AO71: =AN71 -> 10.927525 | ... AQ71: =AP71 -> 10.927525
A72: AT | B72: I | C72: =A72&"IUE"&B72 -> ATIUEI | D72: =23.5539-1.95753 -> 21.59637 | E72: =D72*VLOOKUP($A72,'EU Ref Sc 2020 Energy intensive'!$A$5:$AE$33,E$2) -> 21.7587 | F72: =E72*VLOOKUP($A72,'EU Ref Sc 2020 Energy intensive'!$A$5:$AE$33,F$2) -> 21.921031 | G72: =F72*VLOOKUP($A72,'EU Ref Sc 2020 Energy intensive'!$A$5:$AE$33,G$2) -> 22.083361 | H72: =G72*VLOOKUP($A72,'EU Ref Sc 2020 Energy intensive'!$A$5:$AE$33,H$2) -> 22.245691 | I72: =H72*VLOOKUP($A72,'EU Ref Sc 2020 Energy intensive'!$A$5:$AE$33,I$2) -> 22.072111 | J72: =I72*VLOOKUP($A72,'EU Ref Sc 2020 Energy intensive'!$A$5:$AE$33,J$2) -> 21.898531 | K72: =J72*VLOOKUP($A72,'EU Ref Sc 2020 Energy intensive'!$A$5:$AE$33,K$2) -> 21.724951 | L72: =K72*VLOOKUP($A72,'EU Ref Sc 2020 Energy intensive'!$A$5:$AE$33,L$2) -> 21.551371 | ... AG72: =AF72*VLOOKUP($A72,'EU Ref Sc 2020 Energy intensive'!$A$5:$AE$33,AG$2) -> 18.529611 | AH72: =AG72 -> 18.529611 | AI72: =AH72 -> 18.529611 | AJ72: =AI72 -> 18.529611 | AK72: =AJ72 -> 18.529611 | AL72: =AK72 -> 18.529611 | AM72: =AL72 -> 18.529611 | AN72: =AM72 -> 18.529611 | AO72: =AN72 -> 18.529611 | ... AQ72: =AP72 -> 18.529611
A73: BE | B73: I | C73: =A73&"IUE"&B73 -> BEIUEI | D73: =28.7512-5.1823 -> 23.5689 | E73: =D73*VLOOKUP($A73,'EU Ref Sc 2020 Energy intensive'!$A$5:$AE$33,E$2) -> 24.326966 | F73: =E73*VLOOKUP($A73,'EU Ref Sc 2020 Energy intensive'!$A$5:$AE$33,F$2) -> 25.085032 | G73: =F73*VLOOKUP($A73,'EU Ref Sc 2020 Energy intensive'!$A$5:$AE$33,G$2) -> 25.843097 | H73: =G73*VLOOKUP($A73,'EU Ref Sc 2020 Energy intensive'!$A$5:$AE$33,H$2) -> 26.601163 | I73: =H73*VLOOKUP($A73,'EU Ref Sc 2020 Energy intensive'!$A$5:$AE$33,I$2) -> 27.406037 | J73: =I73*VLOOKUP($A73,'EU Ref Sc 2020 Energy intensive'!$A$5:$AE$33,J$2) -> 28.21091 | K73: =J73*VLOOKUP($A73,'EU Ref Sc 2020 Energy intensive'!$A$5:$AE$33,K$2) -> 29.015784 | L73: =K73*VLOOKUP($A73,'EU Ref Sc 2020 Energy intensive'!$A$5:$AE$33,L$2) -> 29.820657 | ... AG73: =AF73*VLOOKUP($A73,'EU Ref Sc 2020 Energy intensive'!$A$5:$AE$33,AG$2) -> 28.796637 | AH73: =AG73 -> 28.796637 | AI73: =AH73 -> 28.796637 | AJ73: =AI73 -> 28.796637 | AK73: =AJ73 -> 28.796637 | AL73: =AK73 -> 28.796637 | AM73: =AL73 -> 28.796637 | AN73: =AM73 -> 28.796637 | AO73: =AN73 -> 28.796637 | ... AQ73: =AP73 -> 28.796637
A74: CZ | B74: I | C74: =A74&"IUE"&B74 -> CZIUEI | D74: =23.3104-0.5767 -> 22.7337 | E74: =D74*VLOOKUP($A74,'EU Ref Sc 2020 Energy intensive'!$A$5:$AE$33,E$2) -> 22.789548 | F74: =E74*VLOOKUP($A74,'EU Ref Sc 2020 Energy intensive'!$A$5:$AE$33,F$2) -> 22.845397 | G74: =F74*VLOOKUP($A74,'EU Ref Sc 2020 Energy intensive'!$A$5:$AE$33,G$2) -> 22.901245 | H74: =G74*VLOOKUP($A74,'EU Ref Sc 2020 Energy intensive'!$A$5:$AE$33,H$2) -> 22.957094 | I74: =H74*VLOOKUP($A74,'EU Ref Sc 2020 Energy intensive'!$A$5:$AE$33,I$2) -> 22.526455 | J74: =I74*VLOOKUP($A74,'EU Ref Sc 2020 Energy intensive'!$A$5:$AE$33,J$2) -> 22.095817 | K74: =J74*VLOOKUP($A74,'EU Ref Sc 2020 Energy intensive'!$A$5:$AE$33,K$2) -> 21.665178 | L74: =K74*VLOOKUP($A74,'EU Ref Sc 2020 Energy intensive'!$A$5:$AE$33,L$2) -> 21.23454 | ... AG74: =AF74*VLOOKUP($A74,'EU Ref Sc 2020 Energy intensive'!$A$5:$AE$33,AG$2) -> 17.922665 | AH74: =AG74 -> 17.922665 | AI74: =AH74 -> 17.922665 | AJ74: =AI74 -> 17.922665 | AK74: =AJ74 -> 17.922665 | AL74: =AK74 -> 17.922665 | AM74: =AL74 -> 17.922665 | AN74: =AM74 -> 17.922665 | AO74: =AN74 -> 17.922665 | ... AQ74: =AP74 -> 17.922665
A75: DE | B75: I | C75: =A75&"IUE"&B75 -> DEIUEI | D75: =193.821-35.04142 -> 158.77958 | E75: =D75*VLOOKUP($A75,'EU Ref Sc 2020 Energy intensive'!$A$5:$AE$33,E$2) -> 159.78387 | F75: =E75*VLOOKUP($A75,'EU Ref Sc 2020 Energy intensive'!$A$5:$AE$33,F$2) -> 160.78815 | G75: =F75*VLOOKUP($A75,'EU Ref Sc 2020 Energy intensive'!$A$5:$AE$33,G$2) -> 161.79244 | H75: =G75*VLOOKUP($A75,'EU Ref Sc 2020 Energy intensive'!$A$5:$AE$33,H$2) -> 162.79673 | I75: =H75*VLOOKUP($A75,'EU Ref Sc 2020 Energy intensive'!$A$5:$AE$33,I$2) -> 160.79854 | J75: =I75*VLOOKUP($A75,'EU Ref Sc 2020 Energy intensive'!$A$5:$AE$33,J$2) -> 158.80035 | K75: =J75*VLOOKUP($A75,'EU Ref Sc 2020 Energy intensive'!$A$5:$AE$33,K$2) -> 156.80216 | L75: =K75*VLOOKUP($A75,'EU Ref Sc 2020 Energy intensive'!$A$5:$AE$33,L$2) -> 154.80397 | ... AG75: =AF75*VLOOKUP($A75,'EU Ref Sc 2020 Energy intensive'!$A$5:$AE$33,AG$2) -> 126.15056 | AH75: =AG75 -> 126.15056 | AI75: =AH75 -> 126.15056 | AJ75: =AI75 -> 126.15056 | AK75: =AJ75 -> 126.15056 | AL75: =AK75 -> 126.15056 | AM75: =AL75 -> 126.15056 | AN75: =AM75 -> 126.15056 | AO75: =AN75 -> 126.15056 | ... AQ75: =AP75 -> 126.15056
A76: ES | B76: I | C76: =A76&"IUE"&B76 -> ESIUEI | D76: =72.1076-28.0388 -> 44.0688 | E76: =D76*VLOOKUP($A76,'EU Ref Sc 2020 Energy intensive'!$A$5:$AE$33,E$2) -> 46.095331 | F76: =E76*VLOOKUP($A76,'EU Ref Sc 2020 Energy intensive'!$A$5:$AE$33,F$2) -> 48.121862 | G76: =F76*VLOOKUP($A76,'EU Ref Sc 2020 Energy intensive'!$A$5:$AE$33,G$2) -> 50.148393 | H76: =G76*VLOOKUP($A76,'EU Ref Sc 2020 Energy intensive'!$A$5:$AE$33,H$2) -> 52.174925 | I76: =H76*VLOOKUP($A76,'EU Ref Sc 2020 Energy intensive'!$A$5:$AE$33,I$2) -> 52.434499 | J76: =I76*VLOOKUP($A76,'EU Ref Sc 2020 Energy intensive'!$A$5:$AE$33,J$2) -> 52.694073 | K76: =J76*VLOOKUP($A76,'EU Ref Sc 2020 Energy intensive'!$A$5:$AE$33,K$2) -> 52.953647 | L76: =K76*VLOOKUP($A76,'EU Ref Sc 2020 Energy intensive'!$A$5:$AE$33,L$2) -> 53.213221 | ... AG76: =AF76*VLOOKUP($A76,'EU Ref Sc 2020 Energy intensive'!$A$5:$AE$33,AG$2) -> 43.747246 | AH76: =AG76 -> 43.747246 | AI76: =AH76 -> 43.747246 | AJ76: =AI76 -> 43.747246 | AK76: =AJ76 -> 43.747246 | AL76: =AK76 -> 43.747246 | AM76: =AL76 -> 43.747246 | AN76: =AM76 -> 43.747246 | AO76: =AN76 -> 43.747246 | ... AQ76: =AP76 -> 43.747246
A77: FI | B77: I | C77: =A77&"IUE"&B77 -> FIIUEI | D77: =22.8566-3.9841 -> 18.8725 | E77: =D77*VLOOKUP($A77,'EU Ref Sc 2020 Energy intensive'!$A$5:$AE$33,E$2) -> 19.740364 | F77: =E77*VLOOKUP($A77,'EU Ref Sc 2020 Energy intensive'!$A$5:$AE$33,F$2) -> 20.608227 | G77: =F77*VLOOKUP($A77,'EU Ref Sc 2020 Energy intensive'!$A$5:$AE$33,G$2) -> 21.476091 | H77: =G77*VLOOKUP($A77,'EU Ref Sc 2020 Energy intensive'!$A$5:$AE$33,H$2) -> 22.343955 | I77: =H77*VLOOKUP($A77,'EU Ref Sc 2020 Energy intensive'!$A$5:$AE$33,I$2) -> 22.455117 | J77: =I77*VLOOKUP($A77,'EU Ref Sc 2020 Energy intensive'!$A$5:$AE$33,J$2) -> 22.56628 | K77: =J77*VLOOKUP($A77,'EU Ref Sc 2020 Energy intensive'!$A$5:$AE$33,K$2) -> 22.677443 | L77: =K77*VLOOKUP($A77,'EU Ref Sc 2020 Energy intensive'!$A$5:$AE$33,L$2) -> 22.788606 | ... AG77: =AF77*VLOOKUP($A77,'EU Ref Sc 2020 Energy intensive'!$A$5:$AE$33,AG$2) -> 18.734794 | AH77: =AG77 -> 18.734794 | AI77: =AH77 -> 18.734794 | AJ77: =AI77 -> 18.734794 | AK77: =AJ77 -> 18.734794 | AL77: =AK77 -> 18.734794 | AM77: =AL77 -> 18.734794 | AN77: =AM77 -> 18.734794 | AO77: =AN77 -> 18.734794 | ... AQ77: =AP77 -> 18.734794
A78: GR | B78: I | C78: =A78&"IUE"&B78 -> GRIUEI | D78: =6.567-3.3813 -> 3.1857 | E78: =D78*VLOOKUP($A78,'EU Ref Sc 2020 Energy intensive'!$A$5:$AE$33,E$2) -> 3.3003339 | F78: =E78*VLOOKUP($A78,'EU Ref Sc 2020 Energy intensive'!$A$5:$AE$33,F$2) -> 3.4149678 | G78: =F78*VLOOKUP($A78,'EU Ref Sc 2020 Energy intensive'!$A$5:$AE$33,G$2) -> 3.5296018 | H78: =G78*VLOOKUP($A78,'EU Ref Sc 2020 Energy intensive'!$A$5:$AE$33,H$2) -> 3.6442357 | I78: =H78*VLOOKUP($A78,'EU Ref Sc 2020 Energy intensive'!$A$5:$AE$33,I$2) -> 3.6197271 | J78: =I78*VLOOKUP($A78,'EU Ref Sc 2020 Energy intensive'!$A$5:$AE$33,J$2) -> 3.5952186 | K78: =J78*VLOOKUP($A78,'EU Ref Sc 2020 Energy intensive'!$A$5:$AE$33,K$2) -> 3.57071 | L78: =K78*VLOOKUP($A78,'EU Ref Sc 2020 Energy intensive'!$A$5:$AE$33,L$2) -> 3.5462014 | ... AG78: =AF78*VLOOKUP($A78,'EU Ref Sc 2020 Energy intensive'!$A$5:$AE$33,AG$2) -> 3.3017949 | AH78: =AG78 -> 3.3017949 | AI78: =AH78 -> 3.3017949 | AJ78: =AI78 -> 3.3017949 | AK78: =AJ78 -> 3.3017949 | AL78: =AK78 -> 3.3017949 | AM78: =AL78 -> 3.3017949 | AN78: =AM78 -> 3.3017949 | AO78: =AN78 -> 3.3017949 | ... AQ78: =AP78 -> 3.3017949
A79: IT | B79: I | C79: =A79&"IUE"&B79 -> ITIUEI | D79: =148.0589-65.13502 -> 82.92388 | E79: =D79*VLOOKUP($A79,'EU Ref Sc 2020 Energy intensive'!$A$5:$AE$33,E$2) -> 83.488463 | F79: =E79*VLOOKUP($A79,'EU Ref Sc 2020 Energy intensive'!$A$5:$AE$33,F$2) -> 84.053047 | G79: =F79*VLOOKUP($A79,'EU Ref Sc 2020 Energy intensive'!$A$5:$AE$33,G$2) -> 84.61763 | H79: =G79*VLOOKUP($A79,'EU Ref Sc 2020 Energy intensive'!$A$5:$AE$33,H$2) -> 85.182213 | I79: =H79*VLOOKUP($A79,'EU Ref Sc 2020 Energy intensive'!$A$5:$AE$33,I$2) -> 84.64058 | J79: =I79*VLOOKUP($A79,'EU Ref Sc 2020 Energy intensive'!$A$5:$AE$33,J$2) -> 84.098946 | K79: =J79*VLOOKUP($A79,'EU Ref Sc 2020 Energy intensive'!$A$5:$AE$33,K$2) -> 83.557313 | L79: =K79*VLOOKUP($A79,'EU Ref Sc 2020 Energy intensive'!$A$5:$AE$33,L$2) -> 83.015679 | ... AG79: =AF79*VLOOKUP($A79,'EU Ref Sc 2020 Energy intensive'!$A$5:$AE$33,AG$2) -> 70.728167 | AH79: =AG79 -> 70.728167 | AI79: =AH79 -> 70.728167 | AJ79: =AI79 -> 70.728167 | AK79: =AJ79 -> 70.728167 | AL79: =AK79 -> 70.728167 | AM79: =AL79 -> 70.728167 | AN79: =AM79 -> 70.728167 | AO79: =AN79 -> 70.728167 | ... AQ79: =AP79 -> 70.728167
A80: LU | B80: I | C80: =A80&"IUE"&B80 -> LUIUEI | D80: =14.4358-7.4462 -> 6.9896 | E80: =D80*VLOOKUP($A80,'EU Ref Sc 2020 Energy intensive'!$A$5:$AE$33,E$2) -> 6.9775214 | F80: =E80*VLOOKUP($A80,'EU Ref Sc 2020 Energy intensive'!$A$5:$AE$33,F$2) -> 6.9654428 | G80: =F80*VLOOKUP($A80,'EU Ref Sc 2020 Energy intensive'!$A$5:$AE$33,G$2) -> 6.9533642 | H80: =G80*VLOOKUP($A80,'EU Ref Sc 2020 Energy intensive'!$A$5:$AE$33,H$2) -> 6.9412856 | I80: =H80*VLOOKUP($A80,'EU Ref Sc 2020 Energy intensive'!$A$5:$AE$33,I$2) -> 6.8697035 | J80: =I80*VLOOKUP($A80,'EU Ref Sc 2020 Energy intensive'!$A$5:$AE$33,J$2) -> 6.7981214 | K80: =J80*VLOOKUP($A80,'EU Ref Sc 2020 Energy intensive'!$A$5:$AE$33,K$2) -> 6.7265393 | L80: =K80*VLOOKUP($A80,'EU Ref Sc 2020 Energy intensive'!$A$5:$AE$33,L$2) -> 6.6549572 | ... AG80: =AF80*VLOOKUP($A80,'EU Ref Sc 2020 Energy intensive'!$A$5:$AE$33,AG$2) -> 5.2247723 | AH80: =AG80 -> 5.2247723 | AI80: =AH80 -> 5.2247723 | AJ80: =AI80 -> 5.2247723 | AK80: =AJ80 -> 5.2247723 | AL80: =AK80 -> 5.2247723 | AM80: =AL80 -> 5.2247723 | AN80: =AM80 -> 5.2247723 | AO80: =AN80 -> 5.2247723 | ... AQ80: =AP80 -> 5.2247723
A81: NL | B81: I | C81: =A81&"IUE"&B81 -> NLIUEI | D81: 18.7496 | E81: =D81*VLOOKUP($A81,'EU Ref Sc 2020 Energy intensive'!$A$5:$AE$33,E$2) -> 18.837036 | F81: =E81*VLOOKUP($A81,'EU Ref Sc 2020 Energy intensive'!$A$5:$AE$33,F$2) -> 18.924471 | G81: =F81*VLOOKUP($A81,'EU Ref Sc 2020 Energy intensive'!$A$5:$AE$33,G$2) -> 19.011907 | H81: =G81*VLOOKUP($A81,'EU Ref Sc 2020 Energy intensive'!$A$5:$AE$33,H$2) -> 19.099342 | I81: =H81*VLOOKUP($A81,'EU Ref Sc 2020 Energy intensive'!$A$5:$AE$33,I$2) -> 18.7158 | J81: =I81*VLOOKUP($A81,'EU Ref Sc 2020 Energy intensive'!$A$5:$AE$33,J$2) -> 18.332259 | K81: =J81*VLOOKUP($A81,'EU Ref Sc 2020 Energy intensive'!$A$5:$AE$33,K$2) -> 17.948717 | L81: =K81*VLOOKUP($A81,'EU Ref Sc 2020 Energy intensive'!$A$5:$AE$33,L$2) -> 17.565175 | ... AG81: =AF81*VLOOKUP($A81,'EU Ref Sc 2020 Energy intensive'!$A$5:$AE$33,AG$2) -> 14.324994 | AH81: =AG81 -> 14.324994 | AI81: =AH81 -> 14.324994 | AJ81: =AI81 -> 14.324994 | AK81: =AJ81 -> 14.324994 | AL81: =AK81 -> 14.324994 | AM81: =AL81 -> 14.324994 | AN81: =AM81 -> 14.324994 | AO81: =AN81 -> 14.324994 | ... AQ81: =AP81 -> 14.324994
A82: PL | B82: I | C82: =A82&"IUE"&B82 -> PLIUEI | D82: =46.5878-11.72303 -> 34.86477 | E82: =D82*VLOOKUP($A82,'EU Ref Sc 2020 Energy intensive'!$A$5:$AE$33,E$2) -> 34.91091 | F82: =E82*VLOOKUP($A82,'EU Ref Sc 2020 Energy intensive'!$A$5:$AE$33,F$2) -> 34.957051 | G82: =F82*VLOOKUP($A82,'EU Ref Sc 2020 Energy intensive'!$A$5:$AE$33,G$2) -> 35.003191 | H82: =G82*VLOOKUP($A82,'EU Ref Sc 2020 Energy intensive'!$A$5:$AE$33,H$2) -> 35.049331 | I82: =H82*VLOOKUP($A82,'EU Ref Sc 2020 Energy intensive'!$A$5:$AE$33,I$2) -> 35.102426 | J82: =I82*VLOOKUP($A82,'EU Ref Sc 2020 Energy intensive'!$A$5:$AE$33,J$2) -> 35.155521 | K82: =J82*VLOOKUP($A82,'EU Ref Sc 2020 Energy intensive'!$A$5:$AE$33,K$2) -> 35.208615 | L82: =K82*VLOOKUP($A82,'EU Ref Sc 2020 Energy intensive'!$A$5:$AE$33,L$2) -> 35.26171 | ... AG82: =AF82*VLOOKUP($A82,'EU Ref Sc 2020 Energy intensive'!$A$5:$AE$33,AG$2) -> 30.462117 | AH82: =AG82 -> 30.462117 | AI82: =AH82 -> 30.462117 | AJ82: =AI82 -> 30.462117 | AK82: =AJ82 -> 30.462117 | AL82: =AK82 -> 30.462117 | AM82: =AL82 -> 30.462117 | AN82: =AM82 -> 30.462117 | AO82: =AN82 -> 30.462117 | ... AQ82: =AP82 -> 30.462117
A83: RO | B83: I | C83: =A83&"IUE"&B83 -> ROIUEI | D83: =20.3005-2.99721 -> 17.30329 | E83: =D83*VLOOKUP($A83,'EU Ref Sc 2020 Energy intensive'!$A$5:$AE$33,E$2) -> 17.711816 | F83: =E83*VLOOKUP($A83,'EU Ref Sc 2020 Energy intensive'!$A$5:$AE$33,F$2) -> 18.120343 | G83: =F83*VLOOKUP($A83,'EU Ref Sc 2020 Energy intensive'!$A$5:$AE$33,G$2) -> 18.528869 | H83: =G83*VLOOKUP($A83,'EU Ref Sc 2020 Energy intensive'!$A$5:$AE$33,H$2) -> 18.937396 | I83: =H83*VLOOKUP($A83,'EU Ref Sc 2020 Energy intensive'!$A$5:$AE$33,I$2) -> 18.892618 | J83: =I83*VLOOKUP($A83,'EU Ref Sc 2020 Energy intensive'!$A$5:$AE$33,J$2) -> 18.84784 | K83: =J83*VLOOKUP($A83,'EU Ref Sc 2020 Energy intensive'!$A$5:$AE$33,K$2) -> 18.803063 | L83: =K83*VLOOKUP($A83,'EU Ref Sc 2020 Energy intensive'!$A$5:$AE$33,L$2) -> 18.758285 | ... AG83: =AF83*VLOOKUP($A83,'EU Ref Sc 2020 Energy intensive'!$A$5:$AE$33,AG$2) -> 15.444101 | AH83: =AG83 -> 15.444101 | AI83: =AH83 -> 15.444101 | AJ83: =AI83 -> 15.444101 | AK83: =AJ83 -> 15.444101 | AL83: =AK83 -> 15.444101 | AM83: =AL83 -> 15.444101 | AN83: =AM83 -> 15.444101 | AO83: =AN83 -> 15.444101 | ... AQ83: =AP83 -> 15.444101
A84: SE | B84: I | C84: =A84&"IUE"&B84 -> SEIUEI | D84: =26.0416-4.87908 -> 21.16252 | E84: =D84*VLOOKUP($A84,'EU Ref Sc 2020 Energy intensive'!$A$5:$AE$33,E$2) -> 21.16105 | F84: =E84*VLOOKUP($A84,'EU Ref Sc 2020 Energy intensive'!$A$5:$AE$33,F$2) -> 21.159579 | G84: =F84*VLOOKUP($A84,'EU Ref Sc 2020 Energy intensive'!$A$5:$AE$33,G$2) -> 21.158109 | H84: =G84*VLOOKUP($A84,'EU Ref Sc 2020 Energy intensive'!$A$5:$AE$33,H$2) -> 21.156638 | I84: =H84*VLOOKUP($A84,'EU Ref Sc 2020 Energy intensive'!$A$5:$AE$33,I$2) -> 21.129109 | J84: =I84*VLOOKUP($A84,'EU Ref Sc 2020 Energy intensive'!$A$5:$AE$33,J$2) -> 21.10158 | K84: =J84*VLOOKUP($A84,'EU Ref Sc 2020 Energy intensive'!$A$5:$AE$33,K$2) -> 21.07405 | L84: =K84*VLOOKUP($A84,'EU Ref Sc 2020 Energy intensive'!$A$5:$AE$33,L$2) -> 21.046521 | ... AG84: =AF84*VLOOKUP($A84,'EU Ref Sc 2020 Energy intensive'!$A$5:$AE$33,AG$2) -> 17.110218 | AH84: =AG84 -> 17.110218 | AI84: =AH84 -> 17.110218 | AJ84: =AI84 -> 17.110218 | AK84: =AJ84 -> 17.110218 | AL84: =AK84 -> 17.110218 | AM84: =AL84 -> 17.110218 | AN84: =AM84 -> 17.110218 | AO84: =AN84 -> 17.110218 | ... AQ84: =AP84 -> 17.110218
A85: SI | B85: I | C85: =A85&"IUE"&B85 -> SIIUEI | D85: =6.0817-3.12377 -> 2.95793 | E85: =D85*VLOOKUP($A85,'EU Ref Sc 2020 Energy intensive'!$A$5:$AE$33,E$2) -> 3.0109973 | F85: =E85*VLOOKUP($A85,'EU Ref Sc 2020 Energy intensive'!$A$5:$AE$33,F$2) -> 3.0640647 | G85: =F85*VLOOKUP($A85,'EU Ref Sc 2020 Energy intensive'!$A$5:$AE$33,G$2) -> 3.117132 | H85: =G85*VLOOKUP($A85,'EU Ref Sc 2020 Energy intensive'!$A$5:$AE$33,H$2) -> 3.1701993 | I85: =H85*VLOOKUP($A85,'EU Ref Sc 2020 Energy intensive'!$A$5:$AE$33,I$2) -> 3.2279117 | J85: =I85*VLOOKUP($A85,'EU Ref Sc 2020 Energy intensive'!$A$5:$AE$33,J$2) -> 3.2856241 | K85: =J85*VLOOKUP($A85,'EU Ref Sc 2020 Energy intensive'!$A$5:$AE$33,K$2) -> 3.3433365 | L85: =K85*VLOOKUP($A85,'EU Ref Sc 2020 Energy intensive'!$A$5:$AE$33,L$2) -> 3.401049 | ... AG85: =AF85*VLOOKUP($A85,'EU Ref Sc 2020 Energy intensive'!$A$5:$AE$33,AG$2) -> 3.1880682 | AH85: =AG85 -> 3.1880682 | AI85: =AH85 -> 3.1880682 | AJ85: =AI85 -> 3.1880682 | AK85: =AJ85 -> 3.1880682 | AL85: =AK85 -> 3.1880682 | AM85: =AL85 -> 3.1880682 | AN85: =AM85 -> 3.1880682 | AO85: =AN85 -> 3.1880682 | ... AQ85: =AP85 -> 3.1880682
A86: SK | B86: I | C86: =A86&"IUE"&B86 -> SKIUEI | D86: =19.364-0.46855 -> 18.89545 | E86: =D86*VLOOKUP($A86,'EU Ref Sc 2020 Energy intensive'!$A$5:$AE$33,E$2) -> 18.967877 | F86: =E86*VLOOKUP($A86,'EU Ref Sc 2020 Energy intensive'!$A$5:$AE$33,F$2) -> 19.040303 | G86: =F86*VLOOKUP($A86,'EU Ref Sc 2020 Energy intensive'!$A$5:$AE$33,G$2) -> 19.11273 | H86: =G86*VLOOKUP($A86,'EU Ref Sc 2020 Energy intensive'!$A$5:$AE$33,H$2) -> 19.185156 | I86: =H86*VLOOKUP($A86,'EU Ref Sc 2020 Energy intensive'!$A$5:$AE$33,I$2) -> 18.984369 | J86: =I86*VLOOKUP($A86,'EU Ref Sc 2020 Energy intensive'!$A$5:$AE$33,J$2) -> 18.783583 | K86: =J86*VLOOKUP($A86,'EU Ref Sc 2020 Energy intensive'!$A$5:$AE$33,K$2) -> 18.582796 | L86: =K86*VLOOKUP($A86,'EU Ref Sc 2020 Energy intensive'!$A$5:$AE$33,L$2) -> 18.382009 | ... AG86: =AF86*VLOOKUP($A86,'EU Ref Sc 2020 Energy intensive'!$A$5:$AE$33,AG$2) -> 13.582228 | AH86: =AG86 -> 13.582228 | AI86: =AH86 -> 13.582228 | AJ86: =AI86 -> 13.582228 | AK86: =AJ86 -> 13.582228 | AL86: =AK86 -> 13.582228 | AM86: =AL86 -> 13.582228 | AN86: =AM86 -> 13.582228 | AO86: =AN86 -> 13.582228 | ... AQ86: =AP86 -> 13.582228
A87: BE | B87: F | C87: =A87&"IUE"&B87 -> BEIUEF | D87: 27.9618 | E87: =D87*VLOOKUP($A87,'EU Ref Sc 2020 Other industries'!$A$5:$AE$33,E$2) -> 28.689901 | F87: =E87*VLOOKUP($A87,'EU Ref Sc 2020 Other industries'!$A$5:$AE$33,F$2) -> 29.418003 | G87: =F87*VLOOKUP($A87,'EU Ref Sc 2020 Other industries'!$A$5:$AE$33,G$2) -> 30.146104 | H87: =G87*VLOOKUP($A87,'EU Ref Sc 2020 Other industries'!$A$5:$AE$33,H$2) -> 30.874206 | I87: =H87*VLOOKUP($A87,'EU Ref Sc 2020 Other industries'!$A$5:$AE$33,I$2) -> 30.766832 | J87: =I87*VLOOKUP($A87,'EU Ref Sc 2020 Other industries'!$A$5:$AE$33,J$2) -> 30.659459 | K87: =J87*VLOOKUP($A87,'EU Ref Sc 2020 Other industries'!$A$5:$AE$33,K$2) -> 30.552086 | L87: =K87*VLOOKUP($A87,'EU Ref Sc 2020 Other industries'!$A$5:$AE$33,L$2) -> 30.444712 | ... AG87: =AF87*VLOOKUP($A87,'EU Ref Sc 2020 Other industries'!$A$5:$AE$33,AG$2) -> 32.764099 | AH87: =AG87 -> 32.764099 | AI87: =AH87 -> 32.764099 | AJ87: =AI87 -> 32.764099 | AK87: =AJ87 -> 32.764099 | AL87: =AK87 -> 32.764099 | AM87: =AL87 -> 32.764099 | AN87: =AM87 -> 32.764099 | AO87: =AN87 -> 32.764099 | ... AQ87: =AP87 -> 32.764099
A88: BG | B88: F | C88: =A88&"IUE"&B88 -> BGIUEF | D88: 4.3238 | E88: =D88*VLOOKUP($A88,'EU Ref Sc 2020 Other industries'!$A$5:$AE$33,E$2) -> 4.4762262 | F88: =E88*VLOOKUP($A88,'EU Ref Sc 2020 Other industries'!$A$5:$AE$33,F$2) -> 4.6286524 | G88: =F88*VLOOKUP($A88,'EU Ref Sc 2020 Other industries'!$A$5:$AE$33,G$2) -> 4.7810785 | H88: =G88*VLOOKUP($A88,'EU Ref Sc 2020 Other industries'!$A$5:$AE$33,H$2) -> 4.9335047 | I88: =H88*VLOOKUP($A88,'EU Ref Sc 2020 Other industries'!$A$5:$AE$33,I$2) -> 5.0798812 | J88: =I88*VLOOKUP($A88,'EU Ref Sc 2020 Other industries'!$A$5:$AE$33,J$2) -> 5.2262578 | K88: =J88*VLOOKUP($A88,'EU Ref Sc 2020 Other industries'!$A$5:$AE$33,K$2) -> 5.3726343 | L88: =K88*VLOOKUP($A88,'EU Ref Sc 2020 Other industries'!$A$5:$AE$33,L$2) -> 5.5190108 | ... AG88: =AF88*VLOOKUP($A88,'EU Ref Sc 2020 Other industries'!$A$5:$AE$33,AG$2) -> 5.626143 | AH88: =AG88 -> 5.626143 | AI88: =AH88 -> 5.626143 | AJ88: =AI88 -> 5.626143 | AK88: =AJ88 -> 5.626143 | AL88: =AK88 -> 5.626143 | AM88: =AL88 -> 5.626143 | AN88: =AM88 -> 5.626143 | AO88: =AN88 -> 5.626143 | ... AQ88: =AP88 -> 5.626143
A89: CY | B89: F | C89: =A89&"IUE"&B89 -> CYIUEF | D89: 0.637 | E89: =D89*VLOOKUP($A89,'EU Ref Sc 2020 Other industries'!$A$5:$AE$33,E$2) -> 0.64433509 | F89: =E89*VLOOKUP($A89,'EU Ref Sc 2020 Other industries'!$A$5:$AE$33,F$2) -> 0.65167019 | G89: =F89*VLOOKUP($A89,'EU Ref Sc 2020 Other industries'!$A$5:$AE$33,G$2) -> 0.65900528 | H89: =G89*VLOOKUP($A89,'EU Ref Sc 2020 Other industries'!$A$5:$AE$33,H$2) -> 0.66634038 | I89: =H89*VLOOKUP($A89,'EU Ref Sc 2020 Other industries'!$A$5:$AE$33,I$2) -> 0.65595641 | J89: =I89*VLOOKUP($A89,'EU Ref Sc 2020 Other industries'!$A$5:$AE$33,J$2) -> 0.64557245 | K89: =J89*VLOOKUP($A89,'EU Ref Sc 2020 Other industries'!$A$5:$AE$33,K$2) -> 0.63518848 | L89: =K89*VLOOKUP($A89,'EU Ref Sc 2020 Other industries'!$A$5:$AE$33,L$2) -> 0.62480452 | ... AG89: =AF89*VLOOKUP($A89,'EU Ref Sc 2020 Other industries'!$A$5:$AE$33,AG$2) -> 0.65025245 | AH89: =AG89 -> 0.65025245 | AI89: =AH89 -> 0.65025245 | AJ89: =AI89 -> 0.65025245 | AK89: =AJ89 -> 0.65025245 | AL89: =AK89 -> 0.65025245 | AM89: =AL89 -> 0.65025245 | AN89: =AM89 -> 0.65025245 | AO89: =AN89 -> 0.65025245 | ... AQ89: =AP89 -> 0.65025245
A90: DK | B90: F | C90: =A90&"IUE"&B90 -> DKIUEF | D90: 10.2779 | E90: =D90*VLOOKUP($A90,'EU Ref Sc 2020 Other industries'!$A$5:$AE$33,E$2) -> 10.413598 | F90: =E90*VLOOKUP($A90,'EU Ref Sc 2020 Other industries'!$A$5:$AE$33,F$2) -> 10.549297 | G90: =F90*VLOOKUP($A90,'EU Ref Sc 2020 Other industries'!$A$5:$AE$33,G$2) -> 10.684995 | H90: =G90*VLOOKUP($A90,'EU Ref Sc 2020 Other industries'!$A$5:$AE$33,H$2) -> 10.820694 | I90: =H90*VLOOKUP($A90,'EU Ref Sc 2020 Other industries'!$A$5:$AE$33,I$2) -> 11.203412 | J90: =I90*VLOOKUP($A90,'EU Ref Sc 2020 Other industries'!$A$5:$AE$33,J$2) -> 11.58613 | K90: =J90*VLOOKUP($A90,'EU Ref Sc 2020 Other industries'!$A$5:$AE$33,K$2) -> 11.968848 | L90: =K90*VLOOKUP($A90,'EU Ref Sc 2020 Other industries'!$A$5:$AE$33,L$2) -> 12.351565 | ... AG90: =AF90*VLOOKUP($A90,'EU Ref Sc 2020 Other industries'!$A$5:$AE$33,AG$2) -> 15.093073 | AH90: =AG90 -> 15.093073 | AI90: =AH90 -> 15.093073 | AJ90: =AI90 -> 15.093073 | AK90: =AJ90 -> 15.093073 | AL90: =AK90 -> 15.093073 | AM90: =AL90 -> 15.093073 | AN90: =AM90 -> 15.093073 | AO90: =AN90 -> 15.093073 | ... AQ90: =AP90 -> 15.093073
A91: EE | B91: F | C91: =A91&"IUE"&B91 -> EEIUEF | D91: 1.0494 | E91: =D91*VLOOKUP($A91,'EU Ref Sc 2020 Other industries'!$A$5:$AE$33,E$2) -> 1.0933677 | F91: =E91*VLOOKUP($A91,'EU Ref Sc 2020 Other industries'!$A$5:$AE$33,F$2) -> 1.1373355 | G91: =F91*VLOOKUP($A91,'EU Ref Sc 2020 Other industries'!$A$5:$AE$33,G$2) -> 1.1813032 | H91: =G91*VLOOKUP($A91,'EU Ref Sc 2020 Other industries'!$A$5:$AE$33,H$2) -> 1.225271 | I91: =H91*VLOOKUP($A91,'EU Ref Sc 2020 Other industries'!$A$5:$AE$33,I$2) -> 1.2689542 | J91: =I91*VLOOKUP($A91,'EU Ref Sc 2020 Other industries'!$A$5:$AE$33,J$2) -> 1.3126375 | K91: =J91*VLOOKUP($A91,'EU Ref Sc 2020 Other industries'!$A$5:$AE$33,K$2) -> 1.3563207 | L91: =K91*VLOOKUP($A91,'EU Ref Sc 2020 Other industries'!$A$5:$AE$33,L$2) -> 1.4000039 | ... AG91: =AF91*VLOOKUP($A91,'EU Ref Sc 2020 Other industries'!$A$5:$AE$33,AG$2) -> 1.4003215 | AH91: =AG91 -> 1.4003215 | AI91: =AH91 -> 1.4003215 | AJ91: =AI91 -> 1.4003215 | AK91: =AJ91 -> 1.4003215 | AL91: =AK91 -> 1.4003215 | AM91: =AL91 -> 1.4003215 | AN91: =AM91 -> 1.4003215 | AO91: =AN91 -> 1.4003215 | ... AQ91: =AP91 -> 1.4003215
A92: ES | B92: F | C92: =A92&"IUE"&B92 -> ESIUEF | D92: 43.3472 | E92: =D92*VLOOKUP($A92,'EU Ref Sc 2020 Other industries'!$A$5:$AE$33,E$2) -> 45.16336 | F92: =E92*VLOOKUP($A92,'EU Ref Sc 2020 Other industries'!$A$5:$AE$33,F$2) -> 46.97952 | G92: =F92*VLOOKUP($A92,'EU Ref Sc 2020 Other industries'!$A$5:$AE$33,G$2) -> 48.795681 | H92: =G92*VLOOKUP($A92,'EU Ref Sc 2020 Other industries'!$A$5:$AE$33,H$2) -> 50.611841 | I92: =H92*VLOOKUP($A92,'EU Ref Sc 2020 Other industries'!$A$5:$AE$33,I$2) -> 52.416249 | J92: =I92*VLOOKUP($A92,'EU Ref Sc 2020 Other industries'!$A$5:$AE$33,J$2) -> 54.220658 | K92: =J92*VLOOKUP($A92,'EU Ref Sc 2020 Other industries'!$A$5:$AE$33,K$2) -> 56.025066 | L92: =K92*VLOOKUP($A92,'EU Ref Sc 2020 Other industries'!$A$5:$AE$33,L$2) -> 57.829475 | ... AG92: =AF92*VLOOKUP($A92,'EU Ref Sc 2020 Other industries'!$A$5:$AE$33,AG$2) -> 57.842594 | AH92: =AG92 -> 57.842594 | AI92: =AH92 -> 57.842594 | AJ92: =AI92 -> 57.842594 | AK92: =AJ92 -> 57.842594 | AL92: =AK92 -> 57.842594 | AM92: =AL92 -> 57.842594 | AN92: =AM92 -> 57.842594 | AO92: =AN92 -> 57.842594 | ... AQ92: =AP92 -> 57.842594
A93: FR | B93: F | C93: =A93&"IUE"&B93 -> FRIUEF | D93: 84.7682 | E93: =D93*VLOOKUP($A93,'EU Ref Sc 2020 Other industries'!$A$5:$AE$33,E$2) -> 88.319817 | F93: =E93*VLOOKUP($A93,'EU Ref Sc 2020 Other industries'!$A$5:$AE$33,F$2) -> 91.871433 | G93: =F93*VLOOKUP($A93,'EU Ref Sc 2020 Other industries'!$A$5:$AE$33,G$2) -> 95.42305 | H93: =G93*VLOOKUP($A93,'EU Ref Sc 2020 Other industries'!$A$5:$AE$33,H$2) -> 98.974666 | I93: =H93*VLOOKUP($A93,'EU Ref Sc 2020 Other industries'!$A$5:$AE$33,I$2) -> 102.5033 | J93: =I93*VLOOKUP($A93,'EU Ref Sc 2020 Other industries'!$A$5:$AE$33,J$2) -> 106.03194 | K93: =J93*VLOOKUP($A93,'EU Ref Sc 2020 Other industries'!$A$5:$AE$33,K$2) -> 109.56057 | L93: =K93*VLOOKUP($A93,'EU Ref Sc 2020 Other industries'!$A$5:$AE$33,L$2) -> 113.08921 | ... AG93: =AF93*VLOOKUP($A93,'EU Ref Sc 2020 Other industries'!$A$5:$AE$33,AG$2) -> 113.11486 | AH93: =AG93 -> 113.11486 | AI93: =AH93 -> 113.11486 | AJ93: =AI93 -> 113.11486 | AK93: =AJ93 -> 113.11486 | AL93: =AK93 -> 113.11486 | AM93: =AL93 -> 113.11486 | AN93: =AM93 -> 113.11486 | AO93: =AN93 -> 113.11486 | ... AQ93: =AP93 -> 113.11486
A94: GR | B94: F | C94: =A94&"IUE"&B94 -> GRIUEF | D94: 7.6262 | E94: =D94*VLOOKUP($A94,'EU Ref Sc 2020 Other industries'!$A$5:$AE$33,E$2) -> 7.799662 | F94: =E94*VLOOKUP($A94,'EU Ref Sc 2020 Other industries'!$A$5:$AE$33,F$2) -> 7.973124 | G94: =F94*VLOOKUP($A94,'EU Ref Sc 2020 Other industries'!$A$5:$AE$33,G$2) -> 8.1465859 | H94: =G94*VLOOKUP($A94,'EU Ref Sc 2020 Other industries'!$A$5:$AE$33,H$2) -> 8.3200479 | I94: =H94*VLOOKUP($A94,'EU Ref Sc 2020 Other industries'!$A$5:$AE$33,I$2) -> 8.0801692 | J94: =I94*VLOOKUP($A94,'EU Ref Sc 2020 Other industries'!$A$5:$AE$33,J$2) -> 7.8402904 | K94: =J94*VLOOKUP($A94,'EU Ref Sc 2020 Other industries'!$A$5:$AE$33,K$2) -> 7.6004117 | L94: =K94*VLOOKUP($A94,'EU Ref Sc 2020 Other industries'!$A$5:$AE$33,L$2) -> 7.360533 | ... AG94: =AF94*VLOOKUP($A94,'EU Ref Sc 2020 Other industries'!$A$5:$AE$33,AG$2) -> 8.1010845 | AH94: =AG94 -> 8.1010845 | AI94: =AH94 -> 8.1010845 | AJ94: =AI94 -> 8.1010845 | AK94: =AJ94 -> 8.1010845 | AL94: =AK94 -> 8.1010845 | AM94: =AL94 -> 8.1010845 | AN94: =AM94 -> 8.1010845 | AO94: =AN94 -> 8.1010845 | ... AQ94: =AP94 -> 8.1010845
A95: HR | B95: F | C95: =A95&"IUE"&B95 -> HRIUEF | D95: 2.7642 | E95: =D95*VLOOKUP($A95,'EU Ref Sc 2020 Other industries'!$A$5:$AE$33,E$2) -> 2.7759343 | F95: =E95*VLOOKUP($A95,'EU Ref Sc 2020 Other industries'!$A$5:$AE$33,F$2) -> 2.7876686 | G95: =F95*VLOOKUP($A95,'EU Ref Sc 2020 Other industries'!$A$5:$AE$33,G$2) -> 2.7994029 | H95: =G95*VLOOKUP($A95,'EU Ref Sc 2020 Other industries'!$A$5:$AE$33,H$2) -> 2.8111372 | I95: =H95*VLOOKUP($A95,'EU Ref Sc 2020 Other industries'!$A$5:$AE$33,I$2) -> 2.7912942 | J95: =I95*VLOOKUP($A95,'EU Ref Sc 2020 Other industries'!$A$5:$AE$33,J$2) -> 2.7714511 | K95: =J95*VLOOKUP($A95,'EU Ref Sc 2020 Other industries'!$A$5:$AE$33,K$2) -> 2.7516081 | L95: =K95*VLOOKUP($A95,'EU Ref Sc 2020 Other industries'!$A$5:$AE$33,L$2) -> 2.7317651 | ... AG95: =AF95*VLOOKUP($A95,'EU Ref Sc 2020 Other industries'!$A$5:$AE$33,AG$2) -> 2.7232832 | AH95: =AG95 -> 2.7232832 | AI95: =AH95 -> 2.7232832 | AJ95: =AI95 -> 2.7232832 | AK95: =AJ95 -> 2.7232832 | AL95: =AK95 -> 2.7232832 | AM95: =AL95 -> 2.7232832 | AN95: =AM95 -> 2.7232832 | AO95: =AN95 -> 2.7232832 | ... AQ95: =AP95 -> 2.7232832
A96: HU | B96: F | C96: =A96&"IUE"&B96 -> HUIUEF | D96: 11.8592 | E96: =D96*VLOOKUP($A96,'EU Ref Sc 2020 Other industries'!$A$5:$AE$33,E$2) -> 12.038868 | F96: =E96*VLOOKUP($A96,'EU Ref Sc 2020 Other industries'!$A$5:$AE$33,F$2) -> 12.218535 | G96: =F96*VLOOKUP($A96,'EU Ref Sc 2020 Other industries'!$A$5:$AE$33,G$2) -> 12.398203 | H96: =G96*VLOOKUP($A96,'EU Ref Sc 2020 Other industries'!$A$5:$AE$33,H$2) -> 12.57787 | I96: =H96*VLOOKUP($A96,'EU Ref Sc 2020 Other industries'!$A$5:$AE$33,I$2) -> 13.146233 | J96: =I96*VLOOKUP($A96,'EU Ref Sc 2020 Other industries'!$A$5:$AE$33,J$2) -> 13.714596 | K96: =J96*VLOOKUP($A96,'EU Ref Sc 2020 Other industries'!$A$5:$AE$33,K$2) -> 14.28296 | L96: =K96*VLOOKUP($A96,'EU Ref Sc 2020 Other industries'!$A$5:$AE$33,L$2) -> 14.851323 | ... AG96: =AF96*VLOOKUP($A96,'EU Ref Sc 2020 Other industries'!$A$5:$AE$33,AG$2) -> 15.643585 | AH96: =AG96 -> 15.643585 | AI96: =AH96 -> 15.643585 | AJ96: =AI96 -> 15.643585 | AK96: =AJ96 -> 15.643585 | AL96: =AK96 -> 15.643585 | AM96: =AL96 -> 15.643585 | AN96: =AM96 -> 15.643585 | AO96: =AN96 -> 15.643585 | ... AQ96: =AP96 -> 15.643585
A97: IE | B97: F | C97: =A97&"IUE"&B97 -> IEIUEF | D97: 8.5447 | E97: =D97*VLOOKUP($A97,'EU Ref Sc 2020 Other industries'!$A$5:$AE$33,E$2) -> 8.7817731 | F97: =E97*VLOOKUP($A97,'EU Ref Sc 2020 Other industries'!$A$5:$AE$33,F$2) -> 9.0188461 | G97: =F97*VLOOKUP($A97,'EU Ref Sc 2020 Other industries'!$A$5:$AE$33,G$2) -> 9.2559192 | H97: =G97*VLOOKUP($A97,'EU Ref Sc 2020 Other industries'!$A$5:$AE$33,H$2) -> 9.4929923 | I97: =H97*VLOOKUP($A97,'EU Ref Sc 2020 Other industries'!$A$5:$AE$33,I$2) -> 9.673585 | J97: =I97*VLOOKUP($A97,'EU Ref Sc 2020 Other industries'!$A$5:$AE$33,J$2) -> 9.8541777 | K97: =J97*VLOOKUP($A97,'EU Ref Sc 2020 Other industries'!$A$5:$AE$33,K$2) -> 10.03477 | L97: =K97*VLOOKUP($A97,'EU Ref Sc 2020 Other industries'!$A$5:$AE$33,L$2) -> 10.215363 | ... AG97: =AF97*VLOOKUP($A97,'EU Ref Sc 2020 Other industries'!$A$5:$AE$33,AG$2) -> 10.195881 | AH97: =AG97 -> 10.195881 | AI97: =AH97 -> 10.195881 | AJ97: =AI97 -> 10.195881 | AK97: =AJ97 -> 10.195881 | AL97: =AK97 -> 10.195881 | AM97: =AL97 -> 10.195881 | AN97: =AM97 -> 10.195881 | AO97: =AN97 -> 10.195881 | ... AQ97: =AP97 -> 10.195881
A98: LT | B98: F | C98: =A98&"IUE"&B98 -> LTIUEF | D98: 3.1046 | E98: =D98*VLOOKUP($A98,'EU Ref Sc 2020 Other industries'!$A$5:$AE$33,E$2) -> 3.1831641 | F98: =E98*VLOOKUP($A98,'EU Ref Sc 2020 Other industries'!$A$5:$AE$33,F$2) -> 3.2617281 | G98: =F98*VLOOKUP($A98,'EU Ref Sc 2020 Other industries'!$A$5:$AE$33,G$2) -> 3.3402922 | H98: =G98*VLOOKUP($A98,'EU Ref Sc 2020 Other industries'!$A$5:$AE$33,H$2) -> 3.4188562 | I98: =H98*VLOOKUP($A98,'EU Ref Sc 2020 Other industries'!$A$5:$AE$33,I$2) -> 3.4158396 | J98: =I98*VLOOKUP($A98,'EU Ref Sc 2020 Other industries'!$A$5:$AE$33,J$2) -> 3.4128229 | K98: =J98*VLOOKUP($A98,'EU Ref Sc 2020 Other industries'!$A$5:$AE$33,K$2) -> 3.4098063 | L98: =K98*VLOOKUP($A98,'EU Ref Sc 2020 Other industries'!$A$5:$AE$33,L$2) -> 3.4067897 | ... AG98: =AF98*VLOOKUP($A98,'EU Ref Sc 2020 Other industries'!$A$5:$AE$33,AG$2) -> 3.4761874 | AH98: =AG98 -> 3.4761874 | AI98: =AH98 -> 3.4761874 | AJ98: =AI98 -> 3.4761874 | AK98: =AJ98 -> 3.4761874 | AL98: =AK98 -> 3.4761874 | AM98: =AL98 -> 3.4761874 | AN98: =AM98 -> 3.4761874 | AO98: =AN98 -> 3.4761874 | ... AQ98: =AP98 -> 3.4761874
... A103: SE | B103: F | C103: =A103&"IUE"&B103 -> SEIUEF | D103: 6.2166 | E103: =D103*VLOOKUP($A103,'EU Ref Sc 2020 Other industries'!$A$5:$AE$33,E$2) -> 6.2408259 | F103: =E103*VLOOKUP($A103,'EU Ref Sc 2020 Other industries'!$A$5:$AE$33,F$2) -> 6.2650517 | G103: =F103*VLOOKUP($A103,'EU Ref Sc 2020 Other industries'!$A$5:$AE$33,G$2) -> 6.2892776 | H103: =G103*VLOOKUP($A103,'EU Ref Sc 2020 Other industries'!$A$5:$AE$33,H$2) -> 6.3135035 | I103: =H103*VLOOKUP($A103,'EU Ref Sc 2020 Other industries'!$A$5:$AE$33,I$2) -> 6.4077154 | J103: =I103*VLOOKUP($A103,'EU Ref Sc 2020 Other industries'!$A$5:$AE$33,J$2) -> 6.5019272 | K103: =J103*VLOOKUP($A103,'EU Ref Sc 2020 Other industries'!$A$5:$AE$33,K$2) -> 6.5961391 | L103: =K103*VLOOKUP($A103,'EU Ref Sc 2020 Other industries'!$A$5:$AE$33,L$2) -> 6.690351 | ... AG103: =AF103*VLOOKUP($A103,'EU Ref Sc 2020 Other industries'!$A$5:$AE$33,AG$2) -> 7.5947747 | AH103: =AG103 -> 7.5947747 | AI103: =AH103 -> 7.5947747 | AJ103: =AI103 -> 7.5947747 | AK103: =AJ103 -> 7.5947747 | AL103: =AK103 -> 7.5947747 | AM103: =AL103 -> 7.5947747 | AN103: =AM103 -> 7.5947747 | AO103: =AN103 -> 7.5947747 | ... AQ103: =AP103 -> 7.5947747
A104: AT | B104: C | C104: =A104&"IUE"&B104 -> ATIUEC | D104: 19.0304 | E104: =D104*VLOOKUP($A104,'EU Ref Sc 2020 Energy intensive'!$A$5:$AE$33,E$2) -> 19.173443 | F104: =E104*VLOOKUP($A104,'EU Ref Sc 2020 Energy intensive'!$A$5:$AE$33,F$2) -> 19.316486 | G104: =F104*VLOOKUP($A104,'EU Ref Sc 2020 Energy intensive'!$A$5:$AE$33,G$2) -> 19.459529 | H104: =G104*VLOOKUP($A104,'EU Ref Sc 2020 Energy intensive'!$A$5:$AE$33,H$2) -> 19.602572 | I104: =H104*VLOOKUP($A104,'EU Ref Sc 2020 Energy intensive'!$A$5:$AE$33,I$2) -> 19.449616 | J104: =I104*VLOOKUP($A104,'EU Ref Sc 2020 Energy intensive'!$A$5:$AE$33,J$2) -> 19.29666 | K104: =J104*VLOOKUP($A104,'EU Ref Sc 2020 Energy intensive'!$A$5:$AE$33,K$2) -> 19.143704 | L104: =K104*VLOOKUP($A104,'EU Ref Sc 2020 Energy intensive'!$A$5:$AE$33,L$2) -> 18.990748 | ... AG104: =AF104*VLOOKUP($A104,'EU Ref Sc 2020 Energy intensive'!$A$5:$AE$33,AG$2) -> 16.328018 | AH104: =AG104 -> 16.328018 | AI104: =AH104 -> 16.328018 | AJ104: =AI104 -> 16.328018 | AK104: =AJ104 -> 16.328018 | AL104: =AK104 -> 16.328018 | AM104: =AL104 -> 16.328018 | AN104: =AM104 -> 16.328018 | AO104: =AN104 -> 16.328018 | ... AQ104: =AP104 -> 16.328018
A105: BE | B105: C | C105: =A105&"IUE"&B105 -> BEIUEC | D105: 73.1654 | E105: =D105*VLOOKUP($A105,'EU Ref Sc 2020 Energy intensive'!$A$5:$AE$33,E$2) -> 75.518679 | F105: =E105*VLOOKUP($A105,'EU Ref Sc 2020 Energy intensive'!$A$5:$AE$33,F$2) -> 77.871957 | G105: =F105*VLOOKUP($A105,'EU Ref Sc 2020 Energy intensive'!$A$5:$AE$33,G$2) -> 80.225236 | H105: =G105*VLOOKUP($A105,'EU Ref Sc 2020 Energy intensive'!$A$5:$AE$33,H$2) -> 82.578514 | I105: =H105*VLOOKUP($A105,'EU Ref Sc 2020 Energy intensive'!$A$5:$AE$33,I$2) -> 85.077099 | J105: =I105*VLOOKUP($A105,'EU Ref Sc 2020 Energy intensive'!$A$5:$AE$33,J$2) -> 87.575684 | K105: =J105*VLOOKUP($A105,'EU Ref Sc 2020 Energy intensive'!$A$5:$AE$33,K$2) -> 90.074268 | L105: =K105*VLOOKUP($A105,'EU Ref Sc 2020 Energy intensive'!$A$5:$AE$33,L$2) -> 92.572853 | ... AG105: =AF105*VLOOKUP($A105,'EU Ref Sc 2020 Energy intensive'!$A$5:$AE$33,AG$2) -> 89.393968 | AH105: =AG105 -> 89.393968 | AI105: =AH105 -> 89.393968 | AJ105: =AI105 -> 89.393968 | AK105: =AJ105 -> 89.393968 | AL105: =AK105 -> 89.393968 | AM105: =AL105 -> 89.393968 | AN105: =AM105 -> 89.393968 | AO105: =AN105 -> 89.393968 | ... AQ105: =AP105 -> 89.393968
A106: BG | B106: C | C106: =A106&"IUE"&B106 -> BGIUEC | D106: 15.2755 | E106: =D106*VLOOKUP($A106,'EU Ref Sc 2020 Energy intensive'!$A$5:$AE$33,E$2) -> 15.49016 | F106: =E106*VLOOKUP($A106,'EU Ref Sc 2020 Energy intensive'!$A$5:$AE$33,F$2) -> 15.704819 | G106: =F106*VLOOKUP($A106,'EU Ref Sc 2020 Energy intensive'!$A$5:$AE$33,G$2) -> 15.919479 | H106: =G106*VLOOKUP($A106,'EU Ref Sc 2020 Energy intensive'!$A$5:$AE$33,H$2) -> 16.134138 | I106: =H106*VLOOKUP($A106,'EU Ref Sc 2020 Energy intensive'!$A$5:$AE$33,I$2) -> 16.062782 | J106: =I106*VLOOKUP($A106,'EU Ref Sc 2020 Energy intensive'!$A$5:$AE$33,J$2) -> 15.991425 | K106: =J106*VLOOKUP($A106,'EU Ref Sc 2020 Energy intensive'!$A$5:$AE$33,K$2) -> 15.920068 | L106: =K106*VLOOKUP($A106,'EU Ref Sc 2020 Energy intensive'!$A$5:$AE$33,L$2) -> 15.848712 | ... AG106: =AF106*VLOOKUP($A106,'EU Ref Sc 2020 Energy intensive'!$A$5:$AE$33,AG$2) -> 13.384546 | AH106: =AG106 -> 13.384546 | AI106: =AH106 -> 13.384546 | AJ106: =AI106 -> 13.384546 | AK106: =AJ106 -> 13.384546 | AL106: =AK106 -> 13.384546 | AM106: =AL106 -> 13.384546 | AN106: =AM106 -> 13.384546 | AO106: =AN106 -> 13.384546 | ... AQ106: =AP106 -> 13.384546
A107: CZ | B107: C | C107: =A107&"IUE"&B107 -> CZIUEC | D107: 19.1034 | E107: =D107*VLOOKUP($A107,'EU Ref Sc 2020 Energy intensive'!$A$5:$AE$33,E$2) -> 19.15033 | F107: =E107*VLOOKUP($A107,'EU Ref Sc 2020 Energy intensive'!$A$5:$AE$33,F$2) -> 19.19726 | G107: =F107*VLOOKUP($A107,'EU Ref Sc 2020 Energy intensive'!$A$5:$AE$33,G$2) -> 19.24419 | H107: =G107*VLOOKUP($A107,'EU Ref Sc 2020 Energy intensive'!$A$5:$AE$33,H$2) -> 19.29112 | I107: =H107*VLOOKUP($A107,'EU Ref Sc 2020 Energy intensive'!$A$5:$AE$33,I$2) -> 18.92925 | J107: =I107*VLOOKUP($A107,'EU Ref Sc 2020 Energy intensive'!$A$5:$AE$33,J$2) -> 18.567379 | K107: =J107*VLOOKUP($A107,'EU Ref Sc 2020 Energy intensive'!$A$5:$AE$33,K$2) -> 18.205508 | L107: =K107*VLOOKUP($A107,'EU Ref Sc 2020 Energy intensive'!$A$5:$AE$33,L$2) -> 17.843638 | ... AG107: =AF107*VLOOKUP($A107,'EU Ref Sc 2020 Energy intensive'!$A$5:$AE$33,AG$2) -> 15.060629 | AH107: =AG107 -> 15.060629 | AI107: =AH107 -> 15.060629 | AJ107: =AI107 -> 15.060629 | AK107: =AJ107 -> 15.060629 | AL107: =AK107 -> 15.060629 | AM107: =AL107 -> 15.060629 | AN107: =AM107 -> 15.060629 | AO107: =AN107 -> 15.060629 | ... AQ107: =AP107 -> 15.060629
A108: DE | B108: C | C108: =A108&"IUE"&B108 -> DEIUEC | D108: 263.7918 | E108: =D108*VLOOKUP($A108,'EU Ref Sc 2020 Energy intensive'!$A$5:$AE$33,E$2) -> 265.46029 | F108: =E108*VLOOKUP($A108,'EU Ref Sc 2020 Energy intensive'!$A$5:$AE$33,F$2) -> 267.12879 | G108: =F108*VLOOKUP($A108,'EU Ref Sc 2020 Energy intensive'!$A$5:$AE$33,G$2) -> 268.79728 | H108: =G108*VLOOKUP($A108,'EU Ref Sc 2020 Energy intensive'!$A$5:$AE$33,H$2) -> 270.46577 | I108: =H108*VLOOKUP($A108,'EU Ref Sc 2020 Energy intensive'!$A$5:$AE$33,I$2) -> 267.14604 | J108: =I108*VLOOKUP($A108,'EU Ref Sc 2020 Energy intensive'!$A$5:$AE$33,J$2) -> 263.8263 | K108: =J108*VLOOKUP($A108,'EU Ref Sc 2020 Energy intensive'!$A$5:$AE$33,K$2) -> 260.50657 | L108: =K108*VLOOKUP($A108,'EU Ref Sc 2020 Energy intensive'!$A$5:$AE$33,L$2) -> 257.18684 | ... AG108: =AF108*VLOOKUP($A108,'EU Ref Sc 2020 Energy intensive'!$A$5:$AE$33,AG$2) -> 209.58288 | AH108: =AG108 -> 209.58288 | AI108: =AH108 -> 209.58288 | AJ108: =AI108 -> 209.58288 | AK108: =AJ108 -> 209.58288 | AL108: =AK108 -> 209.58288 | AM108: =AL108 -> 209.58288 | AN108: =AM108 -> 209.58288 | AO108: =AN108 -> 209.58288 | ... AQ108: =AP108 -> 209.58288
A109: DK | B109: C | C109: =A109&"IUE"&B109 -> DKIUEC | D109: 5.6573 | E109: =D109*VLOOKUP($A109,'EU Ref Sc 2020 Energy intensive'!$A$5:$AE$33,E$2) -> 5.757768 | F109: =E109*VLOOKUP($A109,'EU Ref Sc 2020 Energy intensive'!$A$5:$AE$33,F$2) -> 5.8582361 | G109: =F109*VLOOKUP($A109,'EU Ref Sc 2020 Energy intensive'!$A$5:$AE$33,G$2) -> 5.9587041 | H109: =G109*VLOOKUP($A109,'EU Ref Sc 2020 Energy intensive'!$A$5:$AE$33,H$2) -> 6.0591722 | I109: =H109*VLOOKUP($A109,'EU Ref Sc 2020 Energy intensive'!$A$5:$AE$33,I$2) -> 6.0837009 | J109: =I109*VLOOKUP($A109,'EU Ref Sc 2020 Energy intensive'!$A$5:$AE$33,J$2) -> 6.1082297 | K109: =J109*VLOOKUP($A109,'EU Ref Sc 2020 Energy intensive'!$A$5:$AE$33,K$2) -> 6.1327584 | L109: =K109*VLOOKUP($A109,'EU Ref Sc 2020 Energy intensive'!$A$5:$AE$33,L$2) -> 6.1572872 | ... AG109: =AF109*VLOOKUP($A109,'EU Ref Sc 2020 Energy intensive'!$A$5:$AE$33,AG$2) -> 5.9668763 | AH109: =AG109 -> 5.9668763 | AI109: =AH109 -> 5.9668763 | AJ109: =AI109 -> 5.9668763 | AK109: =AJ109 -> 5.9668763 | AL109: =AK109 -> 5.9668763 | AM109: =AL109 -> 5.9668763 | AN109: =AM109 -> 5.9668763 | AO109: =AN109 -> 5.9668763 | ... AQ109: =AP109 -> 5.9668763
A110: ES | B110: C | C110: =A110&"IUE"&B110 -> ESIUEC | D110: 72.1333 | E110: =D110*VLOOKUP($A110,'EU Ref Sc 2020 Energy intensive'!$A$5:$AE$33,E$2) -> 75.450395 | F110: =E110*VLOOKUP($A110,'EU Ref Sc 2020 Energy intensive'!$A$5:$AE$33,F$2) -> 78.767489 | G110: =F110*VLOOKUP($A110,'EU Ref Sc 2020 Energy intensive'!$A$5:$AE$33,G$2) -> 82.084584 | H110: =G110*VLOOKUP($A110,'EU Ref Sc 2020 Energy intensive'!$A$5:$AE$33,H$2) -> 85.401678 | I110: =H110*VLOOKUP($A110,'EU Ref Sc 2020 Energy intensive'!$A$5:$AE$33,I$2) -> 85.826558 | J110: =I110*VLOOKUP($A110,'EU Ref Sc 2020 Energy intensive'!$A$5:$AE$33,J$2) -> 86.251438 | K110: =J110*VLOOKUP($A110,'EU Ref Sc 2020 Energy intensive'!$A$5:$AE$33,K$2) -> 86.676317 | L110: =K110*VLOOKUP($A110,'EU Ref Sc 2020 Energy intensive'!$A$5:$AE$33,L$2) -> 87.101197 | ... AG110: =AF110*VLOOKUP($A110,'EU Ref Sc 2020 Energy intensive'!$A$5:$AE$33,AG$2) -> 71.60697 | AH110: =AG110 -> 71.60697 | AI110: =AH110 -> 71.60697 | AJ110: =AI110 -> 71.60697 | AK110: =AJ110 -> 71.60697 | AL110: =AK110 -> 71.60697 | AM110: =AL110 -> 71.60697 | AN110: =AM110 -> 71.60697 | AO110: =AN110 -> 71.60697 | ... AQ110: =AP110 -> 71.60697
A111: FI | B111: C | C111: =A111&"IUE"&B111 -> FIIUEC | D111: 18.2375 | E111: =D111*VLOOKUP($A111,'EU Ref Sc 2020 Energy intensive'!$A$5:$AE$33,E$2) -> 19.076163 | F111: =E111*VLOOKUP($A111,'EU Ref Sc 2020 Energy intensive'!$A$5:$AE$33,F$2) -> 19.914826 | G111: =F111*VLOOKUP($A111,'EU Ref Sc 2020 Energy intensive'!$A$5:$AE$33,G$2) -> 20.753488 | H111: =G111*VLOOKUP($A111,'EU Ref Sc 2020 Energy intensive'!$A$5:$AE$33,H$2) -> 21.592151 | I111: =H111*VLOOKUP($A111,'EU Ref Sc 2020 Energy intensive'!$A$5:$AE$33,I$2) -> 21.699574 | J111: =I111*VLOOKUP($A111,'EU Ref Sc 2020 Energy intensive'!$A$5:$AE$33,J$2) -> 21.806996 | K111: =J111*VLOOKUP($A111,'EU Ref Sc 2020 Energy intensive'!$A$5:$AE$33,K$2) -> 21.914419 | L111: =K111*VLOOKUP($A111,'EU Ref Sc 2020 Energy intensive'!$A$5:$AE$33,L$2) -> 22.021841 | ... AG111: =AF111*VLOOKUP($A111,'EU Ref Sc 2020 Energy intensive'!$A$5:$AE$33,AG$2) -> 18.104428 | AH111: =AG111 -> 18.104428 | AI111: =AH111 -> 18.104428 | AJ111: =AI111 -> 18.104428 | AK111: =AJ111 -> 18.104428 | AL111: =AK111 -> 18.104428 | AM111: =AL111 -> 18.104428 | AN111: =AM111 -> 18.104428 | AO111: =AN111 -> 18.104428 | ... AQ111: =AP111 -> 18.104428
A112: FR | B112: C | C112: =A112&"IUE"&B112 -> FRIUEC | D112: 111.4699 | E112: =D112*VLOOKUP($A112,'EU Ref Sc 2020 Energy intensive'!$A$5:$AE$33,E$2) -> 116.59591 | F112: =E112*VLOOKUP($A112,'EU Ref Sc 2020 Energy intensive'!$A$5:$AE$33,F$2) -> 121.72193 | G112: =F112*VLOOKUP($A112,'EU Ref Sc 2020 Energy intensive'!$A$5:$AE$33,G$2) -> 126.84794 | H112: =G112*VLOOKUP($A112,'EU Ref Sc 2020 Energy intensive'!$A$5:$AE$33,H$2) -> 131.97395 | I112: =H112*VLOOKUP($A112,'EU Ref Sc 2020 Energy intensive'!$A$5:$AE$33,I$2) -> 132.63053 | J112: =I112*VLOOKUP($A112,'EU Ref Sc 2020 Energy intensive'!$A$5:$AE$33,J$2) -> 133.28711 | K112: =J112*VLOOKUP($A112,'EU Ref Sc 2020 Energy intensive'!$A$5:$AE$33,K$2) -> 133.94369 | L112: =K112*VLOOKUP($A112,'EU Ref Sc 2020 Energy intensive'!$A$5:$AE$33,L$2) -> 134.60027 | ... AG112: =AF112*VLOOKUP($A112,'EU Ref Sc 2020 Energy intensive'!$A$5:$AE$33,AG$2) -> 110.65655 | AH112: =AG112 -> 110.65655 | AI112: =AH112 -> 110.65655 | AJ112: =AI112 -> 110.65655 | AK112: =AJ112 -> 110.65655 | AL112: =AK112 -> 110.65655 | AM112: =AL112 -> 110.65655 | AN112: =AM112 -> 110.65655 | AO112: =AN112 -> 110.65655 | ... AQ112: =AP112 -> 110.65655
A113: HR | B113: C | C113: =A113&"IUE"&B113 -> HRIUEC | D113: 2.4412 | E113: =D113*VLOOKUP($A113,'EU Ref Sc 2020 Energy intensive'!$A$5:$AE$33,E$2) -> 2.4684123 | F113: =E113*VLOOKUP($A113,'EU Ref Sc 2020 Energy intensive'!$A$5:$AE$33,F$2) -> 2.4956245 | G113: =F113*VLOOKUP($A113,'EU Ref Sc 2020 Energy intensive'!$A$5:$AE$33,G$2) -> 2.5228368 | H113: =G113*VLOOKUP($A113,'EU Ref Sc 2020 Energy intensive'!$A$5:$AE$33,H$2) -> 2.550049 | I113: =H113*VLOOKUP($A113,'EU Ref Sc 2020 Energy intensive'!$A$5:$AE$33,I$2) -> 2.5059775 | J113: =I113*VLOOKUP($A113,'EU Ref Sc 2020 Energy intensive'!$A$5:$AE$33,J$2) -> 2.461906 | K113: =J113*VLOOKUP($A113,'EU Ref Sc 2020 Energy intensive'!$A$5:$AE$33,K$2) -> 2.4178345 | L113: =K113*VLOOKUP($A113,'EU Ref Sc 2020 Energy intensive'!$A$5:$AE$33,L$2) -> 2.373763 | ... AG113: =AF113*VLOOKUP($A113,'EU Ref Sc 2020 Energy intensive'!$A$5:$AE$33,AG$2) -> 2.3630242 | AH113: =AG113 -> 2.3630242 | AI113: =AH113 -> 2.3630242 | AJ113: =AI113 -> 2.3630242 | AK113: =AJ113 -> 2.3630242 | AL113: =AK113 -> 2.3630242 | AM113: =AL113 -> 2.3630242 | AN113: =AM113 -> 2.3630242 | AO113: =AN113 -> 2.3630242 | ... AQ113: =AP113 -> 2.3630242
A114: HU | B114: C | C114: =A114&"IUE"&B114 -> HUIUEC | D114: 20.7129 | E114: =D114*VLOOKUP($A114,'EU Ref Sc 2020 Energy intensive'!$A$5:$AE$33,E$2) -> 21.278794 | F114: =E114*VLOOKUP($A114,'EU Ref Sc 2020 Energy intensive'!$A$5:$AE$33,F$2) -> 21.844689 | G114: =F114*VLOOKUP($A114,'EU Ref Sc 2020 Energy intensive'!$A$5:$AE$33,G$2) -> 22.410583 | H114: =G114*VLOOKUP($A114,'EU Ref Sc 2020 Energy intensive'!$A$5:$AE$33,H$2) -> 22.976477 | I114: =H114*VLOOKUP($A114,'EU Ref Sc 2020 Energy intensive'!$A$5:$AE$33,I$2) -> 23.360611 | J114: =I114*VLOOKUP($A114,'EU Ref Sc 2020 Energy intensive'!$A$5:$AE$33,J$2) -> 23.744744 | K114: =J114*VLOOKUP($A114,'EU Ref Sc 2020 Energy intensive'!$A$5:$AE$33,K$2) -> 24.128877 | L114: =K114*VLOOKUP($A114,'EU Ref Sc 2020 Energy intensive'!$A$5:$AE$33,L$2) -> 24.51301 | ... AG114: =AF114*VLOOKUP($A114,'EU Ref Sc 2020 Energy intensive'!$A$5:$AE$33,AG$2) -> 19.493197 | AH114: =AG114 -> 19.493197 | AI114: =AH114 -> 19.493197 | AJ114: =AI114 -> 19.493197 | AK114: =AJ114 -> 19.493197 | AL114: =AK114 -> 19.493197 | AM114: =AL114 -> 19.493197 | AN114: =AM114 -> 19.493197 | AO114: =AN114 -> 19.493197 | ... AQ114: =AP114 -> 19.493197
A115: IE | B115: C | C115: =A115&"IUE"&B115 -> IEIUEC | D115: 4.377 | E115: =D115*VLOOKUP($A115,'EU Ref Sc 2020 Energy intensive'!$A$5:$AE$33,E$2) -> 4.3697273 | F115: =E115*VLOOKUP($A115,'EU Ref Sc 2020 Energy intensive'!$A$5:$AE$33,F$2) -> 4.3624546 | G115: =F115*VLOOKUP($A115,'EU Ref Sc 2020 Energy intensive'!$A$5:$AE$33,G$2) -> 4.3551819 | H115: =G115*VLOOKUP($A115,'EU Ref Sc 2020 Energy intensive'!$A$5:$AE$33,H$2) -> 4.3479092 | I115: =H115*VLOOKUP($A115,'EU Ref Sc 2020 Energy intensive'!$A$5:$AE$33,I$2) -> 4.3701082 | J115: =I115*VLOOKUP($A115,'EU Ref Sc 2020 Energy intensive'!$A$5:$AE$33,J$2) -> 4.3923072 | K115: =J115*VLOOKUP($A115,'EU Ref Sc 2020 Energy intensive'!$A$5:$AE$33,K$2) -> 4.4145062 | L115: =K115*VLOOKUP($A115,'EU Ref Sc 2020 Energy intensive'!$A$5:$AE$33,L$2) -> 4.4367052 | ... AG115: =AF115*VLOOKUP($A115,'EU Ref Sc 2020 Energy intensive'!$A$5:$AE$33,AG$2) -> 3.737819 | AH115: =AG115 -> 3.737819 | AI115: =AH115 -> 3.737819 | AJ115: =AI115 -> 3.737819 | AK115: =AJ115 -> 3.737819 | AL115: =AK115 -> 3.737819 | AM115: =AL115 -> 3.737819 | AN115: =AM115 -> 3.737819 | AO115: =AN115 -> 3.737819 | ... AQ115: =AP115 -> 3.737819
... A124: SK | B124: C | C124: =A124&"IUE"&B124 -> SKIUEC | D124: 9.1887 | E124: =D124*VLOOKUP($A124,'EU Ref Sc 2020 Energy intensive'!$A$5:$AE$33,E$2) -> 9.2239204 | F124: =E124*VLOOKUP($A124,'EU Ref Sc 2020 Energy intensive'!$A$5:$AE$33,F$2) -> 9.2591409 | G124: =F124*VLOOKUP($A124,'EU Ref Sc 2020 Energy intensive'!$A$5:$AE$33,G$2) -> 9.2943613 | H124: =G124*VLOOKUP($A124,'EU Ref Sc 2020 Energy intensive'!$A$5:$AE$33,H$2) -> 9.3295817 | I124: =H124*VLOOKUP($A124,'EU Ref Sc 2020 Energy intensive'!$A$5:$AE$33,I$2) -> 9.2319407 | J124: =I124*VLOOKUP($A124,'EU Ref Sc 2020 Energy intensive'!$A$5:$AE$33,J$2) -> 9.1342998 | K124: =J124*VLOOKUP($A124,'EU Ref Sc 2020 Energy intensive'!$A$5:$AE$33,K$2) -> 9.0366588 | L124: =K124*VLOOKUP($A124,'EU Ref Sc 2020 Energy intensive'!$A$5:$AE$33,L$2) -> 8.9390178 | ... AG124: =AF124*VLOOKUP($A124,'EU Ref Sc 2020 Energy intensive'!$A$5:$AE$33,AG$2) -> 6.6049246 | AH124: =AG124 -> 6.6049246 | AI124: =AH124 -> 6.6049246 | AJ124: =AI124 -> 6.6049246 | AK124: =AJ124 -> 6.6049246 | AL124: =AK124 -> 6.6049246 | AM124: =AL124 -> 6.6049246 | AN124: =AM124 -> 6.6049246 | AO124: =AN124 -> 6.6049246 | ... AQ124: =AP124 -> 6.6049246
A125: DK | B125: A | C125: =A125&"IUE"&B125 -> DKIUEA | D125: 3.5929 | E125: =D125*VLOOKUP($A125,'EU Ref Sc 2020 Other industries'!$A$5:$AE$33,E$2) -> 3.6403368 | F125: =E125*VLOOKUP($A125,'EU Ref Sc 2020 Other industries'!$A$5:$AE$33,F$2) -> 3.6877737 | G125: =F125*VLOOKUP($A125,'EU Ref Sc 2020 Other industries'!$A$5:$AE$33,G$2) -> 3.7352105 | H125: =G125*VLOOKUP($A125,'EU Ref Sc 2020 Other industries'!$A$5:$AE$33,H$2) -> 3.7826473 | I125: =H125*VLOOKUP($A125,'EU Ref Sc 2020 Other industries'!$A$5:$AE$33,I$2) -> 3.916436 | J125: =I125*VLOOKUP($A125,'EU Ref Sc 2020 Other industries'!$A$5:$AE$33,J$2) -> 4.0502248 | K125: =J125*VLOOKUP($A125,'EU Ref Sc 2020 Other industries'!$A$5:$AE$33,K$2) -> 4.1840135 | L125: =K125*VLOOKUP($A125,'EU Ref Sc 2020 Other industries'!$A$5:$AE$33,L$2) -> 4.3178022 | ... AG125: =AF125*VLOOKUP($A125,'EU Ref Sc 2020 Other industries'!$A$5:$AE$33,AG$2) -> 5.2761654 | AH125: =AG125 -> 5.2761654 | AI125: =AH125 -> 5.2761654 | AJ125: =AI125 -> 5.2761654 | AK125: =AJ125 -> 5.2761654 | AL125: =AK125 -> 5.2761654 | AM125: =AL125 -> 5.2761654 | AN125: =AM125 -> 5.2761654 | AO125: =AN125 -> 5.2761654 | ... AQ125: =AP125 -> 5.2761654
A126: EE | B126: A | C126: =A126&"IUE"&B126 -> EEIUEA | D126: 0.7149 | E126: =D126*VLOOKUP($A126,'EU Ref Sc 2020 Other industries'!$A$5:$AE$33,E$2) -> 0.74485287 | F126: =E126*VLOOKUP($A126,'EU Ref Sc 2020 Other industries'!$A$5:$AE$33,F$2) -> 0.77480573 | G126: =F126*VLOOKUP($A126,'EU Ref Sc 2020 Other industries'!$A$5:$AE$33,G$2) -> 0.8047586 | H126: =G126*VLOOKUP($A126,'EU Ref Sc 2020 Other industries'!$A$5:$AE$33,H$2) -> 0.83471147 | I126: =H126*VLOOKUP($A126,'EU Ref Sc 2020 Other industries'!$A$5:$AE$33,I$2) -> 0.86447052 | J126: =I126*VLOOKUP($A126,'EU Ref Sc 2020 Other industries'!$A$5:$AE$33,J$2) -> 0.89422958 | K126: =J126*VLOOKUP($A126,'EU Ref Sc 2020 Other industries'!$A$5:$AE$33,K$2) -> 0.92398863 | L126: =K126*VLOOKUP($A126,'EU Ref Sc 2020 Other industries'!$A$5:$AE$33,L$2) -> 0.95374768 | ... AG126: =AF126*VLOOKUP($A126,'EU Ref Sc 2020 Other industries'!$A$5:$AE$33,AG$2) -> 0.95396404 | AH126: =AG126 -> 0.95396404 | AI126: =AH126 -> 0.95396404 | AJ126: =AI126 -> 0.95396404 | AK126: =AJ126 -> 0.95396404 | AL126: =AK126 -> 0.95396404 | AM126: =AL126 -> 0.95396404 | AN126: =AM126 -> 0.95396404 | AO126: =AN126 -> 0.95396404 | ... AQ126: =AP126 -> 0.95396404
...

Sheet EU Ref Scenario 2020
A1: Final energy demand by sector
A2: Source: EU Reference Scenario 2020
A3: Note: Energy intensive industries include Iron and steel, Non ferrous metals, Chemicals, Non-metallic minerals and Pulp and paper
A5: Country | B5: ktoe | C5: 2005 | D5: 2010 | E5: 2015 | F5: 2016 | G5: 2017 | H5: 2018 | I5: 2019 | J5: 2020 | K5: 2021 | L5: 2022 | M5: 2023 | N5: 2024 | O5: 2025 | P5: 2026 | Q5: 2027 | R5: 2028 | S5: 2029 | T5: 2030 | U5: 2031 | V5: 2032 | W5: 2033 | X5: 2034 | Y5: 2035 | Z5: 2036 | AA5: 2037 | AB5: 2038 | AC5: 2039 | AD5: 2040 | AE5: 2041 | AF5: 2042 | AG5: 2043 | AH5: 2044 | AI5: 2045 | AJ5: 2046 | AK5: 2047 | AL5: 2048 | AM5: 2049 | AN5: 2050 | AO5: 2051 | AP5: 2052 | AQ5: 2053 | AR5: 2054 | AS5: 2055 | AT5: 2056 | AU5: 2057 | AV5: 2058 | AW5: 2059 | AX5: 2060
A6: EU | B6: Industry | C6: 272513.99 | D6: 240354.08 | E6: 228338.42 | F6: =E6+(($J6-$E6)/5) -> 226743.59 | G6: =F6+(($J6-$E6)/5) -> 225148.76 | H6: =G6+(($J6-$E6)/5) -> 223553.92 | I6: =H6+(($J6-$E6)/5) -> 221959.09 | J6: 220364.26 | K6: =J6+(($O6-$J6)/5) -> 222359.8 | L6: =K6+(($O6-$J6)/5) -> 224355.34 | M6: =L6+(($O6-$J6)/5) -> 226350.88 | N6: =M6+(($O6-$J6)/5) -> 228346.43 | O6: 230341.97 | P6: =O6+(($T6-$O6)/5) -> 229402.72 | Q6: =P6+(($T6-$O6)/5) -> 228463.48 | R6: =Q6+(($T6-$O6)/5) -> 227524.24 | S6: =R6+(($T6-$O6)/5) -> 226584.99 | T6: 225645.75 | U6: =T6+(($Y6-$T6)/5) -> 223504.33 | V6: =U6+(($Y6-$T6)/5) -> 221362.92 | W6: =V6+(($Y6-$T6)/5) -> 219221.5 | X6: =W6+(($Y6-$T6)/5) -> 217080.08 | Y6: 214938.67 | Z6: =Y6+(($AD6-$Y6)/5) -> 213668.46 | AA6: =Z6+(($AD6-$Y6)/5) -> 212398.26 | AB6: =AA6+(($AD6-$Y6)/5) -> 211128.06 | AC6: =AB6+(($AD6-$Y6)/5) -> 209857.85 | AD6: 208587.65 | AE6: =AD6+(($AI6-$AD6)/5) -> 208349.22 | AF6: =AE6+(($AI6-$AD6)/5) -> 208110.79 | AG6: =AF6+(($AI6-$AD6)/5) -> 207872.35 | AH6: =AG6+(($AI6-$AD6)/5) -> 207633.92 | AI6: 207395.49 | AJ6: =AI6+(($AN6-$AI6)/5) -> 207845.66 | AK6: =AJ6+(($AN6-$AI6)/5) -> 208295.83 | AL6: =AK6+(($AN6-$AI6)/5) -> 208746 | AM6: =AL6+(($AN6-$AI6)/5) -> 209196.17 | AN6: 209646.34 | AO6: =AN6 -> 209646.34 | AP6: =AO6 -> 209646.34 | AQ6: =AP6 -> 209646.34 | AR6: =AQ6 -> 209646.34 | AS6: =AR6 -> 209646.34 | AT6: =AS6 -> 209646.34 | AU6: =AT6 -> 209646.34 | AV6: =AU6 -> 209646.34 | ... AX6: =AW6 -> 209646.34
