Workbook

Sheet Country codes
A1: Country | B1: Country code
A2: Austria | B2: AT
A3: Belgium | B3: BE
A4: Bulgaria | B4: BG
A5: Cyprus | B5: CY
A6: Czechia | B6: CZ
A7: Germany | B7: DE
A8: Denmark | B8: DK
A9: Estonia | B9: EE
A10: Spain | B10: ES
A11: Finland | B11: FI
A12: France | B12: FR
... A28: Slovakia | B28: SK

Sheet Heavy trucks
A1: Source: JRC-IDEES 2021 (International & domestic)
A2: Freight activity (domestic and international) Gveh-km
B3: Country | C3: 2018 | D3: 2019 | E3: 2020 | F3: 2021 | G3: 2022 | H3: 2023 | I3: 2024 | J3: 2025 | K3: 2026 | L3: 2027 | M3: 2028 | N3: 2029 | O3: 2030 | P3: 2031 | Q3: 2032 | R3: 2033 | S3: 2034 | T3: 2035 | U3: 2036 | V3: 2037 | W3: 2038 | X3: 2039 | Y3: 2040 | Z3: 2041 | AA3: 2042 | AB3: 2043 | AC3: 2044 | AD3: 2045 | AE3: 2046 | AF3: 2047 | AG3: 2048 | AH3: 2049 | AI3: 2050 | AJ3: 2051 | AK3: 2052 | AL3: 2053 | AM3: 2054 | AN3: 2055 | AO3: 2056 | AP3: 2057 | AQ3: 2058 | AR3: 2059 | AS3: 2060 | AT3: 2061 | AU3: 2062 | AV3: 2063 | AW3: 2064 | AX3: 2065 | AY3: 2066 | AZ3: 2067 | BA3: 2068 | BB3: 2069 | BC3: 2070
A4: =LEFT(B4,2) -> AT | B4: ATEFTDSLHD00 | C4: 4.0861887 | D4: 4.1547379 | E4: 4.1314052 | F4: 4.3596899 | G4: =F4*('Road freight EU Ref'!H3/'Road freight EU Ref'!G3) -> 4.5415132 | H4: =G4*('Road freight EU Ref'!I3/'Road freight EU Ref'!H3) -> 4.7233366 | I4: =H4*('Road freight EU Ref'!J3/'Road freight EU Ref'!I3) -> 4.9051599 | J4: =I4*('Road freight EU Ref'!K3/'Road freight EU Ref'!J3) -> 5.0869833 | K4: =J4*('Road freight EU Ref'!L3/'Road freight EU Ref'!K3) -> 5.2119631 | L4: =K4*('Road freight EU Ref'!M3/'Road freight EU Ref'!L3) -> 5.3369429 | M4: =L4*('Road freight EU Ref'!N3/'Road freight EU Ref'!M3) -> 5.4619227 | N4: =M4*('Road freight EU Ref'!O3/'Road freight EU Ref'!N3) -> 5.5869025 | ... AI4: =AH4*('Road freight EU Ref'!AJ3/'Road freight EU Ref'!AI3) -> 6.8283113 | AJ4: =AI4 -> 6.8283113 | AK4: =AJ4 -> 6.8283113 | AL4: =AK4 -> 6.8283113 | AM4: =AL4 -> 6.8283113 | AN4: =AM4 -> 6.8283113 | AO4: =AN4 -> 6.8283113 | AP4: =AO4 -> 6.8283113 | AQ4: =AP4 -> 6.8283113 | ... BC4: =BB4 -> 6.8283113
A5: =LEFT(B5,2) -> BE | B5: BEEFTDSLHD00 | C5: 3.9293468 | D5: 4.1377003 | E5: 4.0378509 | F5: 4.2947537 | G5: =F5*('Road freight EU Ref'!H4/'Road freight EU Ref'!G4) -> 4.3950375 | H5: =G5*('Road freight EU Ref'!I4/'Road freight EU Ref'!H4) -> 4.4953212 | I5: =H5*('Road freight EU Ref'!J4/'Road freight EU Ref'!I4) -> 4.5956049 | J5: =I5*('Road freight EU Ref'!K4/'Road freight EU Ref'!J4) -> 4.6958886 | K5: =J5*('Road freight EU Ref'!L4/'Road freight EU Ref'!K4) -> 4.714066 | L5: =K5*('Road freight EU Ref'!M4/'Road freight EU Ref'!L4) -> 4.7322433 | M5: =L5*('Road freight EU Ref'!N4/'Road freight EU Ref'!M4) -> 4.7504207 | N5: =M5*('Road freight EU Ref'!O4/'Road freight EU Ref'!N4) -> 4.7685981 | ... AI5: =AH5*('Road freight EU Ref'!AJ4/'Road freight EU Ref'!AI4) -> 5.1547295 | AJ5: =AI5 -> 5.1547295 | AK5: =AJ5 -> 5.1547295 | AL5: =AK5 -> 5.1547295 | AM5: =AL5 -> 5.1547295 | AN5: =AM5 -> 5.1547295 | AO5: =AN5 -> 5.1547295 | AP5: =AO5 -> 5.1547295 | AQ5: =AP5 -> 5.1547295 | ... BC5: =BB5 -> 5.1547295
A6: =LEFT(B6,2) -> BG | B6: BGEFTDSLHD00 | C6: 1.0928171 | D6: 0.86381344 | E6: 1.0978791 | F6: 1.3228352 | G6: =F6*('Road freight EU Ref'!H5/'Road freight EU Ref'!G5) -> 1.3467504 | H6: =G6*('Road freight EU Ref'!I5/'Road freight EU Ref'!H5) -> 1.3706656 | I6: =H6*('Road freight EU Ref'!J5/'Road freight EU Ref'!I5) -> 1.3945808 | J6: =I6*('Road freight EU Ref'!K5/'Road freight EU Ref'!J5) -> 1.4184959 | K6: =J6*('Road freight EU Ref'!L5/'Road freight EU Ref'!K5) -> 1.4626075 | L6: =K6*('Road freight EU Ref'!M5/'Road freight EU Ref'!L5) -> 1.5067191 | M6: =L6*('Road freight EU Ref'!N5/'Road freight EU Ref'!M5) -> 1.5508307 | N6: =M6*('Road freight EU Ref'!O5/'Road freight EU Ref'!N5) -> 1.5949422 | ... AI6: =AH6*('Road freight EU Ref'!AJ5/'Road freight EU Ref'!AI5) -> 1.8786064 | AJ6: =AI6 -> 1.8786064 | AK6: =AJ6 -> 1.8786064 | AL6: =AK6 -> 1.8786064 | AM6: =AL6 -> 1.8786064 | AN6: =AM6 -> 1.8786064 | AO6: =AN6 -> 1.8786064 | AP6: =AO6 -> 1.8786064 | AQ6: =AP6 -> 1.8786064 | ... BC6: =BB6 -> 1.8786064
A7: =LEFT(B7,2) -> CY | B7: CYEFTDSLHD00 | C7: 0.111 | D7: 0.114 | E7: 0.083 | F7: 0.083 | G7: =F7*('Road freight EU Ref'!H6/'Road freight EU Ref'!G6) -> 0.084818438 | H7: =G7*('Road freight EU Ref'!I6/'Road freight EU Ref'!H6) -> 0.086636875 | I7: =H7*('Road freight EU Ref'!J6/'Road freight EU Ref'!I6) -> 0.088455313 | J7: =I7*('Road freight EU Ref'!K6/'Road freight EU Ref'!J6) -> 0.090273751 | K7: =J7*('Road freight EU Ref'!L6/'Road freight EU Ref'!K6) -> 0.0914129 | L7: =K7*('Road freight EU Ref'!M6/'Road freight EU Ref'!L6) -> 0.092552049 | M7: =L7*('Road freight EU Ref'!N6/'Road freight EU Ref'!M6) -> 0.093691198 | N7: =M7*('Road freight EU Ref'!O6/'Road freight EU Ref'!N6) -> 0.094830347 | ... AI7: =AH7*('Road freight EU Ref'!AJ6/'Road freight EU Ref'!AI6) -> 0.11409712 | AJ7: =AI7 -> 0.11409712 | AK7: =AJ7 -> 0.11409712 | AL7: =AK7 -> 0.11409712 | AM7: =AL7 -> 0.11409712 | AN7: =AM7 -> 0.11409712 | AO7: =AN7 -> 0.11409712 | AP7: =AO7 -> 0.11409712 | AQ7: =AP7 -> 0.11409712 | ... BC7: =BB7 -> 0.11409712
A8: =LEFT(B8,2) -> CZ | B8: CZEFTDSLHD00 | C8: 4.561191 | D8: 4.6554061 | E8: 5.162863 | F8: 5.6110286 | G8: =F8*('Road freight EU Ref'!H7/'Road freight EU Ref'!G7) -> 5.7690278 | H8: =G8*('Road freight EU Ref'!I7/'Road freight EU Ref'!H7) -> 5.9270269 | I8: =H8*('Road freight EU Ref'!J7/'Road freight EU Ref'!I7) -> 6.085026 | J8: =I8*('Road freight EU Ref'!K7/'Road freight EU Ref'!J7) -> 6.2430252 | K8: =J8*('Road freight EU Ref'!L7/'Road freight EU Ref'!K7) -> 6.3599086 | L8: =K8*('Road freight EU Ref'!M7/'Road freight EU Ref'!L7) -> 6.4767921 | M8: =L8*('Road freight EU Ref'!N7/'Road freight EU Ref'!M7) -> 6.5936755 | N8: =M8*('Road freight EU Ref'!O7/'Road freight EU Ref'!N7) -> 6.7105589 | ... AI8: =AH8*('Road freight EU Ref'!AJ7/'Road freight EU Ref'!AI7) -> 8.2080591 | AJ8: =AI8 -> 8.2080591 | AK8: =AJ8 -> 8.2080591 | AL8: =AK8 -> 8.2080591 | AM8: =AL8 -> 8.2080591 | AN8: =AM8 -> 8.2080591 | AO8: =AN8 -> 8.2080591 | AP8: =AO8 -> 8.2080591 | AQ8: =AP8 -> 8.2080591 | ... BC8: =BB8 -> 8.2080591
A9: =LEFT(B9,2) -> DE | B9: DEEFTDSLHD00 | C9: 40.056434 | D9: 40.965948 | E9: 40.88213 | F9: 41.734965 | G9: =F9*('Road freight EU Ref'!H8/'Road freight EU Ref'!G8) -> 42.867829 | H9: =G9*('Road freight EU Ref'!I8/'Road freight EU Ref'!H8) -> 44.000692 | I9: =H9*('Road freight EU Ref'!J8/'Road freight EU Ref'!I8) -> 45.133555 | J9: =I9*('Road freight EU Ref'!K8/'Road freight EU Ref'!J8) -> 46.266418 | K9: =J9*('Road freight EU Ref'!L8/'Road freight EU Ref'!K8) -> 47.16673 | L9: =K9*('Road freight EU Ref'!M8/'Road freight EU Ref'!L8) -> 48.067041 | M9: =L9*('Road freight EU Ref'!N8/'Road freight EU Ref'!M8) -> 48.967353 | N9: =M9*('Road freight EU Ref'!O8/'Road freight EU Ref'!N8) -> 49.867664 | ... AI9: =AH9*('Road freight EU Ref'!AJ8/'Road freight EU Ref'!AI8) -> 55.525699 | AJ9: =AI9 -> 55.525699 | AK9: =AJ9 -> 55.525699 | AL9: =AK9 -> 55.525699 | AM9: =AL9 -> 55.525699 | AN9: =AM9 -> 55.525699 | AO9: =AN9 -> 55.525699 | AP9: =AO9 -> 55.525699 | AQ9: =AP9 -> 55.525699 | ... BC9: =BB9 -> 55.525699
A10: =LEFT(B10,2) -> DK | B10: DKEFTDSLHD00 | C10: 1.7678092 | D10: 1.7943722 | E10: 1.8578289 | F10: 1.8936354 | G10: =F10*('Road freight EU Ref'!H9/'Road freight EU Ref'!G9) -> 1.955612 | H10: =G10*('Road freight EU Ref'!I9/'Road freight EU Ref'!H9) -> 2.0175886 | I10: =H10*('Road freight EU Ref'!J9/'Road freight EU Ref'!I9) -> 2.0795652 | J10: =I10*('Road freight EU Ref'!K9/'Road freight EU Ref'!J9) -> 2.1415419 | K10: =J10*('Road freight EU Ref'!L9/'Road freight EU Ref'!K9) -> 2.1618771 | L10: =K10*('Road freight EU Ref'!M9/'Road freight EU Ref'!L9) -> 2.1822122 | M10: =L10*('Road freight EU Ref'!N9/'Road freight EU Ref'!M9) -> 2.2025474 | N10: =M10*('Road freight EU Ref'!O9/'Road freight EU Ref'!N9) -> 2.2228826 | ... AI10: =AH10*('Road freight EU Ref'!AJ9/'Road freight EU Ref'!AI9) -> 2.5696831 | AJ10: =AI10 -> 2.5696831 | AK10: =AJ10 -> 2.5696831 | AL10: =AK10 -> 2.5696831 | AM10: =AL10 -> 2.5696831 | AN10: =AM10 -> 2.5696831 | AO10: =AN10 -> 2.5696831 | AP10: =AO10 -> 2.5696831 | AQ10: =AP10 -> 2.5696831 | ... BC10: =BB10 -> 2.5696831
A11: =LEFT(B11,2) -> EE | B11: EEEFTDSLHD00 | C11: 0.250812 | D11: 0.23991612 | E11: 0.22843208 | F11: 0.26964418 | G11: =F11*('Road freight EU Ref'!H10/'Road freight EU Ref'!G10) -> 0.27946107 | H11: =G11*('Road freight EU Ref'!I10/'Road freight EU Ref'!H10) -> 0.28927795 | I11: =H11*('Road freight EU Ref'!J10/'Road freight EU Ref'!I10) -> 0.29909483 | J11: =I11*('Road freight EU Ref'!K10/'Road freight EU Ref'!J10) -> 0.30891171 | K11: =J11*('Road freight EU Ref'!L10/'Road freight EU Ref'!K10) -> 0.3179538 | L11: =K11*('Road freight EU Ref'!M10/'Road freight EU Ref'!L10) -> 0.32699589 | M11: =L11*('Road freight EU Ref'!N10/'Road freight EU Ref'!M10) -> 0.33603799 | N11: =M11*('Road freight EU Ref'!O10/'Road freight EU Ref'!N10) -> 0.34508008 | ... AI11: =AH11*('Road freight EU Ref'!AJ10/'Road freight EU Ref'!AI10) -> 0.43917247 | AJ11: =AI11 -> 0.43917247 | AK11: =AJ11 -> 0.43917247 | AL11: =AK11 -> 0.43917247 | AM11: =AL11 -> 0.43917247 | AN11: =AM11 -> 0.43917247 | AO11: =AN11 -> 0.43917247 | AP11: =AO11 -> 0.43917247 | AQ11: =AP11 -> 0.43917247 | ... BC11: =BB11 -> 0.43917247
A12: =LEFT(B12,2) -> ES | B12: ESEFTDSLHD00 | C12: 17.526184 | D12: 18.343316 | E12: 17.876988 | F12: 19.654843 | G12: =F12*('Road freight EU Ref'!H11/'Road freight EU Ref'!G11) -> 20.122861 | H12: =G12*('Road freight EU Ref'!I11/'Road freight EU Ref'!H11) -> 20.590879 | I12: =H12*('Road freight EU Ref'!J11/'Road freight EU Ref'!I11) -> 21.058897 | J12: =I12*('Road freight EU Ref'!K11/'Road freight EU Ref'!J11) -> 21.526915 | K12: =J12*('Road freight EU Ref'!L11/'Road freight EU Ref'!K11) -> 21.74247 | L12: =K12*('Road freight EU Ref'!M11/'Road freight EU Ref'!L11) -> 21.958026 | M12: =L12*('Road freight EU Ref'!N11/'Road freight EU Ref'!M11) -> 22.173581 | N12: =M12*('Road freight EU Ref'!O11/'Road freight EU Ref'!N11) -> 22.389137 | ... AI12: =AH12*('Road freight EU Ref'!AJ11/'Road freight EU Ref'!AI11) -> 26.904947 | AJ12: =AI12 -> 26.904947 | AK12: =AJ12 -> 26.904947 | AL12: =AK12 -> 26.904947 | AM12: =AL12 -> 26.904947 | AN12: =AM12 -> 26.904947 | AO12: =AN12 -> 26.904947 | AP12: =AO12 -> 26.904947 | AQ12: =AP12 -> 26.904947 | ... BC12: =BB12 -> 26.904947
A13: =LEFT(B13,2) -> FI | B13: FIEFTDSLHD00 | C13: 1.9808451 | D13: 1.9719465 | E13: 1.9017718 | F13: 1.9521427 | G13: =F13*('Road freight EU Ref'!H12/'Road freight EU Ref'!G12) -> 2.0054605 | H13: =G13*('Road freight EU Ref'!I12/'Road freight EU Ref'!H12) -> 2.0587784 | I13: =H13*('Road freight EU Ref'!J12/'Road freight EU Ref'!I12) -> 2.1120962 | J13: =I13*('Road freight EU Ref'!K12/'Road freight EU Ref'!J12) -> 2.165414 | K13: =J13*('Road freight EU Ref'!L12/'Road freight EU Ref'!K12) -> 2.198611 | L13: =K13*('Road freight EU Ref'!M12/'Road freight EU Ref'!L12) -> 2.231808 | M13: =L13*('Road freight EU Ref'!N12/'Road freight EU Ref'!M12) -> 2.2650051 | N13: =M13*('Road freight EU Ref'!O12/'Road freight EU Ref'!N12) -> 2.2982021 | ... AI13: =AH13*('Road freight EU Ref'!AJ12/'Road freight EU Ref'!AI12) -> 2.4813482 | AJ13: =AI13 -> 2.4813482 | AK13: =AJ13 -> 2.4813482 | AL13: =AK13 -> 2.4813482 | AM13: =AL13 -> 2.4813482 | AN13: =AM13 -> 2.4813482 | AO13: =AN13 -> 2.4813482 | AP13: =AO13 -> 2.4813482 | AQ13: =AP13 -> 2.4813482 | ... BC13: =BB13 -> 2.4813482
A14: =LEFT(B14,2) -> FR | B14: FREFTDSLHD00 | C14: 21.193836 | D14: 21.864385 | E14: 21.240079 | F14: 22.264024 | G14: =F14*('Road freight EU Ref'!H13/'Road freight EU Ref'!G13) -> 22.575987 | H14: =G14*('Road freight EU Ref'!I13/'Road freight EU Ref'!H13) -> 22.88795 | I14: =H14*('Road freight EU Ref'!J13/'Road freight EU Ref'!I13) -> 23.199914 | J14: =I14*('Road freight EU Ref'!K13/'Road freight EU Ref'!J13) -> 23.511877 | K14: =J14*('Road freight EU Ref'!L13/'Road freight EU Ref'!K13) -> 23.790876 | L14: =K14*('Road freight EU Ref'!M13/'Road freight EU Ref'!L13) -> 24.069876 | M14: =L14*('Road freight EU Ref'!N13/'Road freight EU Ref'!M13) -> 24.348875 | N14: =M14*('Road freight EU Ref'!O13/'Road freight EU Ref'!N13) -> 24.627875 | ... AI14: =AH14*('Road freight EU Ref'!AJ13/'Road freight EU Ref'!AI13) -> 28.258581 | AJ14: =AI14 -> 28.258581 | AK14: =AJ14 -> 28.258581 | AL14: =AK14 -> 28.258581 | AM14: =AL14 -> 28.258581 | AN14: =AM14 -> 28.258581 | AO14: =AN14 -> 28.258581 | AP14: =AO14 -> 28.258581 | AQ14: =AP14 -> 28.258581 | ... BC14: =BB14 -> 28.258581
A15: =LEFT(B15,2) -> GR | B15: GREFTDSLHD00 | C15: 2.1296479 | D15: 2.0878062 | E15: 1.9161699 | F15: 2.190976 | G15: =F15*('Road freight EU Ref'!H14/'Road freight EU Ref'!G14) -> 2.254113 | H15: =G15*('Road freight EU Ref'!I14/'Road freight EU Ref'!H14) -> 2.3172501 | I15: =H15*('Road freight EU Ref'!J14/'Road freight EU Ref'!I14) -> 2.3803872 | J15: =I15*('Road freight EU Ref'!K14/'Road freight EU Ref'!J14) -> 2.4435242 | K15: =J15*('Road freight EU Ref'!L14/'Road freight EU Ref'!K14) -> 2.4592233 | L15: =K15*('Road freight EU Ref'!M14/'Road freight EU Ref'!L14) -> 2.4749224 | M15: =L15*('Road freight EU Ref'!N14/'Road freight EU Ref'!M14) -> 2.4906214 | N15: =M15*('Road freight EU Ref'!O14/'Road freight EU Ref'!N14) -> 2.5063205 | ... AI15: =AH15*('Road freight EU Ref'!AJ14/'Road freight EU Ref'!AI14) -> 2.8760642 | AJ15: =AI15 -> 2.8760642 | AK15: =AJ15 -> 2.8760642 | AL15: =AK15 -> 2.8760642 | AM15: =AL15 -> 2.8760642 | AN15: =AM15 -> 2.8760642 | AO15: =AN15 -> 2.8760642 | AP15: =AO15 -> 2.8760642 | AQ15: =AP15 -> 2.8760642 | ... BC15: =BB15 -> 2.8760642
... A30: =LEFT(B30,2) -> SK | B30: SKEFTDSLHD00 | C30: 2.1874532 | D30: 2.4285952 | E30: 2.3462528 | F30: 2.2794527 | G30: =F30*('Road freight EU Ref'!H29/'Road freight EU Ref'!G29) -> 2.3307614 | H30: =G30*('Road freight EU Ref'!I29/'Road freight EU Ref'!H29) -> 2.38207 | I30: =H30*('Road freight EU Ref'!J29/'Road freight EU Ref'!I29) -> 2.4333786 | J30: =I30*('Road freight EU Ref'!K29/'Road freight EU Ref'!J29) -> 2.4846873 | K30: =J30*('Road freight EU Ref'!L29/'Road freight EU Ref'!K29) -> 2.54837 | L30: =K30*('Road freight EU Ref'!M29/'Road freight EU Ref'!L29) -> 2.6120528 | M30: =L30*('Road freight EU Ref'!N29/'Road freight EU Ref'!M29) -> 2.6757356 | N30: =M30*('Road freight EU Ref'!O29/'Road freight EU Ref'!N29) -> 2.7394183 | ... AI30: =AH30*('Road freight EU Ref'!AJ29/'Road freight EU Ref'!AI29) -> 3.1658487 | AJ30: =AI30 -> 3.1658487 | AK30: =AJ30 -> 3.1658487 | AL30: =AK30 -> 3.1658487 | AM30: =AL30 -> 3.1658487 | AN30: =AM30 -> 3.1658487 | AO30: =AN30 -> 3.1658487 | AP30: =AO30 -> 3.1658487 | AQ30: =AP30 -> 3.1658487 | ... BC30: =BB30 -> 3.1658487

Sheet Light Commercial Vans
A1: Source: JRC-IDEES 2021 (International & domestic)
A2: Freight activity (domestic and international) Gveh-km
B3: Country | C3: 2018 | D3: 2019 | E3: 2020 | F3: 2021 | G3: 2022 | H3: 2023 | I3: 2024 | J3: 2025 | K3: 2026 | L3: 2027 | M3: 2028 | N3: 2029 | O3: 2030 | P3: 2031 | Q3: 2032 | R3: 2033 | S3: 2034 | T3: 2035 | U3: 2036 | V3: 2037 | W3: 2038 | X3: 2039 | Y3: 2040 | Z3: 2041 | AA3: 2042 | AB3: 2043 | AC3: 2044 | AD3: 2045 | AE3: 2046 | AF3: 2047 | AG3: 2048 | AH3: 2049 | AI3: 2050 | AJ3: 2051 | AK3: 2052 | AL3: 2053 | AM3: 2054 | AN3: 2055 | AO3: 2056 | AP3: 2057 | AQ3: 2058 | AR3: 2059 | AS3: 2060 | AT3: 2061 | AU3: 2062 | AV3: 2063 | AW3: 2064 | AX3: 2065 | AY3: 2066 | AZ3: 2067 | BA3: 2068 | BB3: 2069 | BC3: 2070
B4: AT | C4: 5.9205805 | D4: 6.1155232 | E4: 6.1927976 | F4: 6.5598192 | G4: =F4*('Road freight EU Ref'!H3/'Road freight EU Ref'!G3) -> 6.8334002 | H4: =G4*('Road freight EU Ref'!I3/'Road freight EU Ref'!H3) -> 7.1069812 | I4: =H4*('Road freight EU Ref'!J3/'Road freight EU Ref'!I3) -> 7.3805622 | J4: =I4*('Road freight EU Ref'!K3/'Road freight EU Ref'!J3) -> 7.6541432 | K4: =J4*('Road freight EU Ref'!L3/'Road freight EU Ref'!K3) -> 7.8421944 | L4: =K4*('Road freight EU Ref'!M3/'Road freight EU Ref'!L3) -> 8.0302456 | M4: =L4*('Road freight EU Ref'!N3/'Road freight EU Ref'!M3) -> 8.2182968 | N4: =M4*('Road freight EU Ref'!O3/'Road freight EU Ref'!N3) -> 8.406348 | ... AI4: =AH4*('Road freight EU Ref'!AJ3/'Road freight EU Ref'!AI3) -> 10.274237 | AJ4: =AI4 -> 10.274237 | AK4: =AJ4 -> 10.274237 | AL4: =AK4 -> 10.274237 | AM4: =AL4 -> 10.274237 | AN4: =AM4 -> 10.274237 | AO4: =AN4 -> 10.274237 | AP4: =AO4 -> 10.274237 | AQ4: =AP4 -> 10.274237 | ... BC4: =BB4 -> 10.274237
B5: BE | C5: 11.195743 | D5: 11.34766 | E5: 10.627549 | F5: 12.353805 | G5: =F5*('Road freight EU Ref'!H4/'Road freight EU Ref'!G4) -> 12.64227 | H5: =G5*('Road freight EU Ref'!I4/'Road freight EU Ref'!H4) -> 12.930735 | I5: =H5*('Road freight EU Ref'!J4/'Road freight EU Ref'!I4) -> 13.2192 | J5: =I5*('Road freight EU Ref'!K4/'Road freight EU Ref'!J4) -> 13.507665 | K5: =J5*('Road freight EU Ref'!L4/'Road freight EU Ref'!K4) -> 13.559952 | L5: =K5*('Road freight EU Ref'!M4/'Road freight EU Ref'!L4) -> 13.612239 | M5: =L5*('Road freight EU Ref'!N4/'Road freight EU Ref'!M4) -> 13.664526 | N5: =M5*('Road freight EU Ref'!O4/'Road freight EU Ref'!N4) -> 13.716813 | ... AI5: =AH5*('Road freight EU Ref'!AJ4/'Road freight EU Ref'!AI4) -> 14.827515 | AJ5: =AI5 -> 14.827515 | AK5: =AJ5 -> 14.827515 | AL5: =AK5 -> 14.827515 | AM5: =AL5 -> 14.827515 | AN5: =AM5 -> 14.827515 | AO5: =AN5 -> 14.827515 | AP5: =AO5 -> 14.827515 | AQ5: =AP5 -> 14.827515 | ... BC5: =BB5 -> 14.827515
B6: BG | C6: 2.4908733 | D6: 2.4459017 | E6: 2.3552496 | F6: 2.2599781 | G6: =F6*('Road freight EU Ref'!H5/'Road freight EU Ref'!G5) -> 2.3008356 | H6: =G6*('Road freight EU Ref'!I5/'Road freight EU Ref'!H5) -> 2.3416932 | I6: =H6*('Road freight EU Ref'!J5/'Road freight EU Ref'!I5) -> 2.3825507 | J6: =I6*('Road freight EU Ref'!K5/'Road freight EU Ref'!J5) -> 2.4234083 | K6: =J6*('Road freight EU Ref'!L5/'Road freight EU Ref'!K5) -> 2.49877 | L6: =K6*('Road freight EU Ref'!M5/'Road freight EU Ref'!L5) -> 2.5741318 | M6: =L6*('Road freight EU Ref'!N5/'Road freight EU Ref'!M5) -> 2.6494935 | N6: =M6*('Road freight EU Ref'!O5/'Road freight EU Ref'!N5) -> 2.7248553 | ... AI6: =AH6*('Road freight EU Ref'!AJ5/'Road freight EU Ref'!AI5) -> 3.209477 | AJ6: =AI6 -> 3.209477 | AK6: =AJ6 -> 3.209477 | AL6: =AK6 -> 3.209477 | AM6: =AL6 -> 3.209477 | AN6: =AM6 -> 3.209477 | AO6: =AN6 -> 3.209477 | AP6: =AO6 -> 3.209477 | AQ6: =AP6 -> 3.209477 | ... BC6: =BB6 -> 3.209477
B7: CY | C7: 1.5146746 | D7: 1.49279 | E7: 1.4463114 | F7: 1.4255472 | G7: =F7*('Road freight EU Ref'!H6/'Road freight EU Ref'!G6) -> 1.4567794 | H7: =G7*('Road freight EU Ref'!I6/'Road freight EU Ref'!H6) -> 1.4880115 | I7: =H7*('Road freight EU Ref'!J6/'Road freight EU Ref'!I6) -> 1.5192437 | J7: =I7*('Road freight EU Ref'!K6/'Road freight EU Ref'!J6) -> 1.5504758 | K7: =J7*('Road freight EU Ref'!L6/'Road freight EU Ref'!K6) -> 1.570041 | L7: =K7*('Road freight EU Ref'!M6/'Road freight EU Ref'!L6) -> 1.5896062 | M7: =L7*('Road freight EU Ref'!N6/'Road freight EU Ref'!M6) -> 1.6091714 | N7: =M7*('Road freight EU Ref'!O6/'Road freight EU Ref'!N6) -> 1.6287366 | ... AI7: =AH7*('Road freight EU Ref'!AJ6/'Road freight EU Ref'!AI6) -> 1.9596485 | AJ7: =AI7 -> 1.9596485 | AK7: =AJ7 -> 1.9596485 | AL7: =AK7 -> 1.9596485 | AM7: =AL7 -> 1.9596485 | AN7: =AM7 -> 1.9596485 | AO7: =AN7 -> 1.9596485 | AP7: =AO7 -> 1.9596485 | AQ7: =AP7 -> 1.9596485 | ... BC7: =BB7 -> 1.9596485
B8: CZ | C8: 6.5322269 | D8: 6.5730812 | E8: 6.3923407 | F8: 6.54226 | G8: =F8*('Road freight EU Ref'!H7/'Road freight EU Ref'!G7) -> 6.7264814 | H8: =G8*('Road freight EU Ref'!I7/'Road freight EU Ref'!H7) -> 6.9107028 | I8: =H8*('Road freight EU Ref'!J7/'Road freight EU Ref'!I7) -> 7.0949242 | J8: =I8*('Road freight EU Ref'!K7/'Road freight EU Ref'!J7) -> 7.2791456 | K8: =J8*('Road freight EU Ref'!L7/'Road freight EU Ref'!K7) -> 7.4154275 | L8: =K8*('Road freight EU Ref'!M7/'Road freight EU Ref'!L7) -> 7.5517095 | M8: =L8*('Road freight EU Ref'!N7/'Road freight EU Ref'!M7) -> 7.6879914 | N8: =M8*('Road freight EU Ref'!O7/'Road freight EU Ref'!N7) -> 7.8242733 | ... AI8: =AH8*('Road freight EU Ref'!AJ7/'Road freight EU Ref'!AI7) -> 9.5703053 | AJ8: =AI8 -> 9.5703053 | AK8: =AJ8 -> 9.5703053 | AL8: =AK8 -> 9.5703053 | AM8: =AL8 -> 9.5703053 | AN8: =AM8 -> 9.5703053 | AO8: =AN8 -> 9.5703053 | AP8: =AO8 -> 9.5703053 | AQ8: =AP8 -> 9.5703053 | ... BC8: =BB8 -> 9.5703053
B9: DE | C9: 42.432038 | D9: 43.881096 | E9: 42.948137 | F9: 45.016141 | G9: =F9*('Road freight EU Ref'!H8/'Road freight EU Ref'!G8) -> 46.238069 | H9: =G9*('Road freight EU Ref'!I8/'Road freight EU Ref'!H8) -> 47.459997 | I9: =H9*('Road freight EU Ref'!J8/'Road freight EU Ref'!I8) -> 48.681925 | J9: =I9*('Road freight EU Ref'!K8/'Road freight EU Ref'!J8) -> 49.903853 | K9: =J9*('Road freight EU Ref'!L8/'Road freight EU Ref'!K8) -> 50.874947 | L9: =K9*('Road freight EU Ref'!M8/'Road freight EU Ref'!L8) -> 51.84604 | M9: =L9*('Road freight EU Ref'!N8/'Road freight EU Ref'!M8) -> 52.817133 | N9: =M9*('Road freight EU Ref'!O8/'Road freight EU Ref'!N8) -> 53.788226 | ... AI9: =AH9*('Road freight EU Ref'!AJ8/'Road freight EU Ref'!AI8) -> 59.891093 | AJ9: =AI9 -> 59.891093 | AK9: =AJ9 -> 59.891093 | AL9: =AK9 -> 59.891093 | AM9: =AL9 -> 59.891093 | AN9: =AM9 -> 59.891093 | AO9: =AN9 -> 59.891093 | AP9: =AO9 -> 59.891093 | AQ9: =AP9 -> 59.891093 | ... BC9: =BB9 -> 59.891093
B10: DK | C10: 6.8860714 | D10: 6.6877842 | E10: 6.2055418 | F10: 6.3778432 | G10: =F10*('Road freight EU Ref'!H9/'Road freight EU Ref'!G9) -> 6.586583 | H10: =G10*('Road freight EU Ref'!I9/'Road freight EU Ref'!H9) -> 6.7953228 | I10: =H10*('Road freight EU Ref'!J9/'Road freight EU Ref'!I9) -> 7.0040626 | J10: =I10*('Road freight EU Ref'!K9/'Road freight EU Ref'!J9) -> 7.2128025 | K10: =J10*('Road freight EU Ref'!L9/'Road freight EU Ref'!K9) -> 7.2812923 | L10: =K10*('Road freight EU Ref'!M9/'Road freight EU Ref'!L9) -> 7.349782 | M10: =L10*('Road freight EU Ref'!N9/'Road freight EU Ref'!M9) -> 7.4182718 | N10: =M10*('Road freight EU Ref'!O9/'Road freight EU Ref'!N9) -> 7.4867616 | ... AI10: =AH10*('Road freight EU Ref'!AJ9/'Road freight EU Ref'!AI9) -> 8.6548 | AJ10: =AI10 -> 8.6548 | AK10: =AJ10 -> 8.6548 | AL10: =AK10 -> 8.6548 | AM10: =AL10 -> 8.6548 | AN10: =AM10 -> 8.6548 | AO10: =AN10 -> 8.6548 | AP10: =AO10 -> 8.6548 | AQ10: =AP10 -> 8.6548 | ... BC10: =BB10 -> 8.6548
B11: EE | C11: 1.0705855 | D11: 1.1850081 | E11: 1.2203085 | F11: 1.2994433 | G11: =F11*('Road freight EU Ref'!H10/'Road freight EU Ref'!G10) -> 1.3467519 | H11: =G11*('Road freight EU Ref'!I10/'Road freight EU Ref'!H10) -> 1.3940604 | I11: =H11*('Road freight EU Ref'!J10/'Road freight EU Ref'!I10) -> 1.441369 | J11: =I11*('Road freight EU Ref'!K10/'Road freight EU Ref'!J10) -> 1.4886776 | K11: =J11*('Road freight EU Ref'!L10/'Road freight EU Ref'!K10) -> 1.5322523 | L11: =K11*('Road freight EU Ref'!M10/'Road freight EU Ref'!L10) -> 1.5758271 | M11: =L11*('Road freight EU Ref'!N10/'Road freight EU Ref'!M10) -> 1.6194019 | N11: =M11*('Road freight EU Ref'!O10/'Road freight EU Ref'!N10) -> 1.6629767 | ... AI11: =AH11*('Road freight EU Ref'!AJ10/'Road freight EU Ref'!AI10) -> 2.1164177 | AJ11: =AI11 -> 2.1164177 | AK11: =AJ11 -> 2.1164177 | AL11: =AK11 -> 2.1164177 | AM11: =AL11 -> 2.1164177 | AN11: =AM11 -> 2.1164177 | AO11: =AN11 -> 2.1164177 | AP11: =AO11 -> 2.1164177 | AQ11: =AP11 -> 2.1164177 | ... BC11: =BB11 -> 2.1164177
B12: ES | C12: 27.662577 | D12: 27.913473 | E12: 18.443174 | F12: 26.948141 | G12: =F12*('Road freight EU Ref'!H11/'Road freight EU Ref'!G11) -> 27.589826 | H12: =G12*('Road freight EU Ref'!I11/'Road freight EU Ref'!H11) -> 28.23151 | I12: =H12*('Road freight EU Ref'!J11/'Road freight EU Ref'!I11) -> 28.873195 | J12: =I12*('Road freight EU Ref'!K11/'Road freight EU Ref'!J11) -> 29.51488 | K12: =J12*('Road freight EU Ref'!L11/'Road freight EU Ref'!K11) -> 29.810421 | L12: =K12*('Road freight EU Ref'!M11/'Road freight EU Ref'!L11) -> 30.105962 | M12: =L12*('Road freight EU Ref'!N11/'Road freight EU Ref'!M11) -> 30.401504 | N12: =M12*('Road freight EU Ref'!O11/'Road freight EU Ref'!N11) -> 30.697045 | ... AI12: =AH12*('Road freight EU Ref'!AJ11/'Road freight EU Ref'!AI11) -> 36.888531 | AJ12: =AI12 -> 36.888531 | AK12: =AJ12 -> 36.888531 | AL12: =AK12 -> 36.888531 | AM12: =AL12 -> 36.888531 | AN12: =AM12 -> 36.888531 | AO12: =AN12 -> 36.888531 | AP12: =AO12 -> 36.888531 | AQ12: =AP12 -> 36.888531 | ... BC12: =BB12 -> 36.888531
B13: FI | C13: 6.9369398 | D13: 7.1382441 | E13: 7.1396677 | F13: 7.4577104 | G13: =F13*('Road freight EU Ref'!H12/'Road freight EU Ref'!G12) -> 7.6613988 | H13: =G13*('Road freight EU Ref'!I12/'Road freight EU Ref'!H12) -> 7.8650872 | I13: =H13*('Road freight EU Ref'!J12/'Road freight EU Ref'!I12) -> 8.0687756 | J13: =I13*('Road freight EU Ref'!K12/'Road freight EU Ref'!J12) -> 8.272464 | K13: =J13*('Road freight EU Ref'!L12/'Road freight EU Ref'!K12) -> 8.3992855 | L13: =K13*('Road freight EU Ref'!M12/'Road freight EU Ref'!L12) -> 8.5261071 | M13: =L13*('Road freight EU Ref'!N12/'Road freight EU Ref'!M12) -> 8.6529287 | N13: =M13*('Road freight EU Ref'!O12/'Road freight EU Ref'!N12) -> 8.7797502 | ... AI13: =AH13*('Road freight EU Ref'!AJ12/'Road freight EU Ref'!AI12) -> 9.4794177 | AJ13: =AI13 -> 9.4794177 | AK13: =AJ13 -> 9.4794177 | AL13: =AK13 -> 9.4794177 | AM13: =AL13 -> 9.4794177 | AN13: =AM13 -> 9.4794177 | AO13: =AN13 -> 9.4794177 | AP13: =AO13 -> 9.4794177 | AQ13: =AP13 -> 9.4794177 | ... BC13: =BB13 -> 9.4794177
B14: FR | C14: 75.422041 | D14: 76.188551 | E14: 66.504985 | F14: 76.180214 | G14: =F14*('Road freight EU Ref'!H13/'Road freight EU Ref'!G13) -> 77.24765 | H14: =G14*('Road freight EU Ref'!I13/'Road freight EU Ref'!H13) -> 78.315087 | I14: =H14*('Road freight EU Ref'!J13/'Road freight EU Ref'!I13) -> 79.382523 | J14: =I14*('Road freight EU Ref'!K13/'Road freight EU Ref'!J13) -> 80.44996 | K14: =J14*('Road freight EU Ref'!L13/'Road freight EU Ref'!K13) -> 81.404605 | L14: =K14*('Road freight EU Ref'!M13/'Road freight EU Ref'!L13) -> 82.35925 | M14: =L14*('Road freight EU Ref'!N13/'Road freight EU Ref'!M13) -> 83.313896 | N14: =M14*('Road freight EU Ref'!O13/'Road freight EU Ref'!N13) -> 84.268541 | ... AI14: =AH14*('Road freight EU Ref'!AJ13/'Road freight EU Ref'!AI13) -> 96.691631 | AJ14: =AI14 -> 96.691631 | AK14: =AJ14 -> 96.691631 | AL14: =AK14 -> 96.691631 | AM14: =AL14 -> 96.691631 | AN14: =AM14 -> 96.691631 | AO14: =AN14 -> 96.691631 | AP14: =AO14 -> 96.691631 | AQ14: =AP14 -> 96.691631 | ... BC14: =BB14 -> 96.691631
B15: GR | C15: 8.4057201 | D15: 8.5680985 | E15: 7.4596459 | F15: 8.2218643 | G15: =F15*('Road freight EU Ref'!H14/'Road freight EU Ref'!G14) -> 8.4587927 | H15: =G15*('Road freight EU Ref'!I14/'Road freight EU Ref'!H14) -> 8.6957211 | I15: =H15*('Road freight EU Ref'!J14/'Road freight EU Ref'!I14) -> 8.9326495 | J15: =I15*('Road freight EU Ref'!K14/'Road freight EU Ref'!J14) -> 9.1695779 | K15: =J15*('Road freight EU Ref'!L14/'Road freight EU Ref'!K14) -> 9.2284902 | L15: =K15*('Road freight EU Ref'!M14/'Road freight EU Ref'!L14) -> 9.2874025 | M15: =L15*('Road freight EU Ref'!N14/'Road freight EU Ref'!M14) -> 9.3463149 | N15: =M15*('Road freight EU Ref'!O14/'Road freight EU Ref'!N14) -> 9.4052272 | ... AI15: =AH15*('Road freight EU Ref'!AJ14/'Road freight EU Ref'!AI14) -> 10.792729 | AJ15: =AI15 -> 10.792729 | AK15: =AJ15 -> 10.792729 | AL15: =AK15 -> 10.792729 | AM15: =AL15 -> 10.792729 | AN15: =AM15 -> 10.792729 | AO15: =AN15 -> 10.792729 | AP15: =AO15 -> 10.792729 | AQ15: =AP15 -> 10.792729 | ... BC15: =BB15 -> 10.792729
... B30: SK | C30: 2.5924092 | D30: 2.5852686 | E30: 2.6301302 | F30: 2.6719811 | G30: =F30*('Road freight EU Ref'!H29/'Road freight EU Ref'!G29) -> 2.7321253 | H30: =G30*('Road freight EU Ref'!I29/'Road freight EU Ref'!H29) -> 2.7922694 | I30: =H30*('Road freight EU Ref'!J29/'Road freight EU Ref'!I29) -> 2.8524135 | J30: =I30*('Road freight EU Ref'!K29/'Road freight EU Ref'!J29) -> 2.9125577 | K30: =J30*('Road freight EU Ref'!L29/'Road freight EU Ref'!K29) -> 2.9872068 | L30: =K30*('Road freight EU Ref'!M29/'Road freight EU Ref'!L29) -> 3.0618559 | M30: =L30*('Road freight EU Ref'!N29/'Road freight EU Ref'!M29) -> 3.136505 | N30: =M30*('Road freight EU Ref'!O29/'Road freight EU Ref'!N29) -> 3.2111541 | ... AI30: =AH30*('Road freight EU Ref'!AJ29/'Road freight EU Ref'!AI29) -> 3.7110171 | AJ30: =AI30 -> 3.7110171 | AK30: =AJ30 -> 3.7110171 | AL30: =AK30 -> 3.7110171 | AM30: =AL30 -> 3.7110171 | AN30: =AM30 -> 3.7110171 | AO30: =AN30 -> 3.7110171 | AP30: =AO30 -> 3.7110171 | AQ30: =AP30 -> 3.7110171 | ... BC30: =BB30 -> 3.7110171
A33: Source: JRC-IDEES 2021 (International & domestic)
A34: Freight activity (domestic and international) Gtkm
A35: Country | B35: TECHNOLOGY | C35: 2018 | D35: 2019 | E35: 2020 | F35: 2021
A36: =LEFT(B36,2) -> AT | B36: ATEFTGSLLC00 | C36: 0.27390541 | D36: 0.27479011 | E36: 0.26844355 | F36: 0.26910843
A37: =LEFT(B37,2) -> AT | B37: ATEFTDSLLC00 | C37: 5.6012872 | D37: 5.7901954 | E37: 5.8665027 | F37: 6.201103
A38: =LEFT(B38,2) -> AT | B38: ATEFTNGSLC00 | C38: 0.018850432 | D38: 0.018228548 | E38: 0.016575004 | F38: 0.015754719
A39: =LEFT(B39,2) -> AT | B39: ATEFTGSLLCHB | C39: 0 | D39: 0 | E39: 0.000138224 | F39: 0.000441262
A40: =LEFT(B40,2) -> AT | B40: ATEFTDSLLCHB | C40: 0 | D40: 2.83e-05 | E40: 0.000335496 | F40: 0.003767521
A41: =LEFT(B41,2) -> AT | B41: ATEFTDSLLCPH | C41: 0 | D41: 0 | E41: 0 | F41: 0
A42: =LEFT(B42,2) -> AT | B42: ATEFTELCLCBT | C42: 0.02653738 | D42: 0.032280762 | E42: 0.04080261 | F42: 0.069644245
A43: =LEFT(B43,2) -> AT | B43: ATEFTHY2LCFC | C43: 0 | D43: 0 | E43: 0 | F43: 0
A44: =LEFT(B44,2) -> BG | B44: BGEFTGSLLC00 | C44: 0.16857757 | D44: 0.17714856 | E44: 0.18079942 | F44: 0.18674012
A45: =LEFT(B45,2) -> BG | B45: BGEFTDSLLC00 | C45: 2.3196747 | D45: 2.2648756 | E45: 2.1696756 | F45: 2.067703
A46: =LEFT(B46,2) -> BG | B46: BGEFTNGSLC00 | C46: 0.002057087 | D46: 0.003109477 | E46: 0.003928144 | F46: 0.004608442
A47: =LEFT(B47,2) -> BG | B47: BGEFTGSLLCHB | C47: 0 | D47: 0 | E47: 0 | F47: 0
... A251: =LEFT(B251,2) -> SE | B251: SEEFTHY2LCFC | C251: 0 | D251: 0 | E251: 0 | F251: 0

Sheet Road freight EU Ref
A1: Source: interpolation from EU Reference Scenario 2020 projections
A2: Country | B2: YEAR | F2: 2020 | G2: 2021 | H2: 2022 | I2: 2023 | J2: 2024 | K2: 2025 | L2: 2026 | M2: 2027 | N2: 2028 | O2: 2029 | P2: 2030 | Q2: 2031 | R2: 2032 | S2: 2033 | T2: 2034 | U2: 2035 | V2: 2036 | W2: 2037 | X2: 2038 | Y2: 2039 | Z2: 2040 | AA2: 2041 | AB2: 2042 | AC2: 2043 | AD2: 2044 | AE2: 2045 | AF2: 2046 | AG2: 2047 | AH2: 2048 | AI2: 2049 | AJ2: 2050 | AK2: '20-'30 | AL2: '30-'50
A3: =VLOOKUP(B3,'Country codes'!$A$1:$B$28,2,FALSE) -> AT | B3: Austria | C3: Reference Scenario 2020 (REF2020) | D3: Freight transport activity (Gtkm) | E3: Heavy goods and light commercial vehicles | F3: 45.79919 | G3: =F3+(($K3-$F3)/5) -> 47.792399 | H3: =G3+(($K3-$F3)/5) -> 49.785609 | I3: =H3+(($K3-$F3)/5) -> 51.778818 | J3: =I3+(($K3-$F3)/5) -> 53.772027 | K3: 55.765237 | L3: =K3+(($P3-$K3)/5) -> 57.135308 | M3: =L3+(($P3-$K3)/5) -> 58.505379 | N3: =M3+(($P3-$K3)/5) -> 59.87545 | O3: =N3+(($P3-$K3)/5) -> 61.245521 | P3: 62.615592 | Q3: =P3+(($U3-$P3)/5) -> 63.474945 | R3: =Q3+(($U3-$P3)/5) -> 64.334298 | S3: =R3+(($U3-$P3)/5) -> 65.193651 | T3: =S3+(($U3-$P3)/5) -> 66.053004 | U3: 66.912357 | V3: =U3+(($Z3-$U3)/5) -> 67.684325 | W3: =V3+(($Z3-$U3)/5) -> 68.456293 | X3: =W3+(($Z3-$U3)/5) -> 69.228261 | Y3: =X3+(($Z3-$U3)/5) -> 70.000229 | Z3: 70.772197 | AA3: =Z3+(($AE3-$Z3)/5) -> 71.312958 | AB3: =AA3+(($AE3-$Z3)/5) -> 71.85372 | AC3: =AB3+(($AE3-$Z3)/5) -> 72.394481 | AD3: =AC3+(($AE3-$Z3)/5) -> 72.935243 | AE3: 73.476004 | AF3: =AE3+(($AJ3-$AE3)/5) -> 73.751657 | AG3: =AF3+(($AJ3-$AE3)/5) -> 74.027309 | AH3: =AG3+(($AJ3-$AE3)/5) -> 74.302961 | AI3: =AH3+(($AJ3-$AE3)/5) -> 74.578613 | AJ3: 74.854265 | AK3: 3.1768986 | AL3: 0.8966398
A4: =VLOOKUP(B4,'Country codes'!$A$1:$B$28,2,FALSE) -> BE | B4: Belgium | C4: Reference Scenario 2020 (REF2020) | D4: Freight transport activity (Gtkm) | E4: Heavy goods and light commercial vehicles | F4: 52.095418 | G4: =F4+(($K4-$F4)/5) -> 53.340944 | H4: =G4+(($K4-$F4)/5) -> 54.58647 | I4: =H4+(($K4-$F4)/5) -> 55.831996 | J4: =I4+(($K4-$F4)/5) -> 57.077522 | K4: 58.323048 | L4: =K4+(($P4-$K4)/5) -> 58.548812 | M4: =L4+(($P4-$K4)/5) -> 58.774575 | N4: =M4+(($P4-$K4)/5) -> 59.000338 | O4: =N4+(($P4-$K4)/5) -> 59.226102 | P4: 59.451865 | Q4: =P4+(($U4-$P4)/5) -> 59.599975 | R4: =Q4+(($U4-$P4)/5) -> 59.748085 | S4: =R4+(($U4-$P4)/5) -> 59.896195 | T4: =S4+(($U4-$P4)/5) -> 60.044305 | U4: 60.192415 | V4: =U4+(($Z4-$U4)/5) -> 60.427684 | W4: =V4+(($Z4-$U4)/5) -> 60.662952 | X4: =W4+(($Z4-$U4)/5) -> 60.89822 | Y4: =X4+(($Z4-$U4)/5) -> 61.133489 | Z4: 61.368757 | AA4: =Z4+(($AE4-$Z4)/5) -> 61.64927 | AB4: =AA4+(($AE4-$Z4)/5) -> 61.929782 | AC4: =AB4+(($AE4-$Z4)/5) -> 62.210295 | AD4: =AC4+(($AE4-$Z4)/5) -> 62.490808 | AE4: 62.771321 | AF4: =AE4+(($AJ4-$AE4)/5) -> 63.021429 | AG4: =AF4+(($AJ4-$AE4)/5) -> 63.271537 | AH4: =AG4+(($AJ4-$AE4)/5) -> 63.521646 | AI4: =AH4+(($AJ4-$AE4)/5) -> 63.771754 | AJ4: 64.021863 | AK4: 1.3296624 | AL4: 0.37097459
A5: =VLOOKUP(B5,'Country codes'!$A$1:$B$28,2,FALSE) -> BG | B5: Bulgaria | C5: Reference Scenario 2020 (REF2020) | D5: Freight transport activity (Gtkm) | E5: Heavy goods and light commercial vehicles | F5: 12.036113 | G5: =F5+(($K5-$F5)/5) -> 12.257717 | H5: =G5+(($K5-$F5)/5) -> 12.479321 | I5: =H5+(($K5-$F5)/5) -> 12.700925 | J5: =I5+(($K5-$F5)/5) -> 12.922529 | K5: 13.144133 | L5: =K5+(($P5-$K5)/5) -> 13.552882 | M5: =L5+(($P5-$K5)/5) -> 13.96163 | N5: =M5+(($P5-$K5)/5) -> 14.370379 | O5: =N5+(($P5-$K5)/5) -> 14.779128 | P5: 15.187876 | Q5: =P5+(($U5-$P5)/5) -> 15.220915 | R5: =Q5+(($U5-$P5)/5) -> 15.253954 | S5: =R5+(($U5-$P5)/5) -> 15.286992 | T5: =S5+(($U5-$P5)/5) -> 15.320031 | U5: 15.353069 | V5: =U5+(($Z5-$U5)/5) -> 15.510458 | W5: =V5+(($Z5-$U5)/5) -> 15.667847 | X5: =W5+(($Z5-$U5)/5) -> 15.825236 | Y5: =X5+(($Z5-$U5)/5) -> 15.982625 | Z5: 16.140013 | AA5: =Z5+(($AE5-$Z5)/5) -> 16.228995 | AB5: =AA5+(($AE5-$Z5)/5) -> 16.317976 | AC5: =AB5+(($AE5-$Z5)/5) -> 16.406958 | AD5: =AC5+(($AE5-$Z5)/5) -> 16.495939 | AE5: 16.584921 | AF5: =AE5+(($AJ5-$AE5)/5) -> 16.749462 | AG5: =AF5+(($AJ5-$AE5)/5) -> 16.914004 | AH5: =AG5+(($AJ5-$AE5)/5) -> 17.078546 | AI5: =AH5+(($AJ5-$AE5)/5) -> 17.243087 | AJ5: 17.407629 | AK5: 2.3531187 | AL5: 0.68438668
A6: =VLOOKUP(B6,'Country codes'!$A$1:$B$28,2,FALSE) -> CY | B6: Cyprus | C6: Reference Scenario 2020 (REF2020) | D6: Freight transport activity (Gtkm) | E6: Heavy goods and light commercial vehicles | F6: 0.84646221 | G6: =F6+(($K6-$F6)/5) -> 0.86542266 | H6: =G6+(($K6-$F6)/5) -> 0.88438311 | I6: =H6+(($K6-$F6)/5) -> 0.90334356 | J6: =I6+(($K6-$F6)/5) -> 0.92230401 | K6: 0.94126445 | L6: =K6+(($P6-$K6)/5) -> 0.95314211 | M6: =L6+(($P6-$K6)/5) -> 0.96501977 | N6: =M6+(($P6-$K6)/5) -> 0.97689742 | O6: =N6+(($P6-$K6)/5) -> 0.98877508 | P6: 1.0006527 | Q6: =P6+(($U6-$P6)/5) -> 1.0131006 | R6: =Q6+(($U6-$P6)/5) -> 1.0255484 | S6: =R6+(($U6-$P6)/5) -> 1.0379963 | T6: =S6+(($U6-$P6)/5) -> 1.0504442 | U6: 1.062892 | V6: =U6+(($Z6-$U6)/5) -> 1.0747221 | W6: =V6+(($Z6-$U6)/5) -> 1.0865522 | X6: =W6+(($Z6-$U6)/5) -> 1.0983823 | Y6: =X6+(($Z6-$U6)/5) -> 1.1102124 | Z6: 1.1220425 | AA6: =Z6+(($AE6-$Z6)/5) -> 1.1286176 | AB6: =AA6+(($AE6-$Z6)/5) -> 1.1351928 | AC6: =AB6+(($AE6-$Z6)/5) -> 1.1417679 | AD6: =AC6+(($AE6-$Z6)/5) -> 1.1483431 | AE6: 1.1549182 | AF6: =AE6+(($AJ6-$AE6)/5) -> 1.1618677 | AG6: =AF6+(($AJ6-$AE6)/5) -> 1.1688171 | AH6: =AG6+(($AJ6-$AE6)/5) -> 1.1757666 | AI6: =AH6+(($AJ6-$AE6)/5) -> 1.182716 | AJ6: 1.1896654 | AK6: 1.6875025 | AL6: 0.86885084
A7: =VLOOKUP(B7,'Country codes'!$A$1:$B$28,2,FALSE) -> CZ | B7: Czechia | C7: Reference Scenario 2020 (REF2020) | D7: Freight transport activity (Gtkm) | E7: Heavy goods and light commercial vehicles | F7: 42.557559 | G7: =F7+(($K7-$F7)/5) -> 43.790645 | H7: =G7+(($K7-$F7)/5) -> 45.023732 | I7: =H7+(($K7-$F7)/5) -> 46.256819 | J7: =I7+(($K7-$F7)/5) -> 47.489905 | K7: 48.722992 | L7: =K7+(($P7-$K7)/5) -> 49.635196 | M7: =L7+(($P7-$K7)/5) -> 50.547399 | N7: =M7+(($P7-$K7)/5) -> 51.459603 | O7: =N7+(($P7-$K7)/5) -> 52.371807 | P7: 53.284011 | Q7: =P7+(($U7-$P7)/5) -> 53.842354 | R7: =Q7+(($U7-$P7)/5) -> 54.400698 | S7: =R7+(($U7-$P7)/5) -> 54.959041 | T7: =S7+(($U7-$P7)/5) -> 55.517385 | U7: 56.075729 | V7: =U7+(($Z7-$U7)/5) -> 56.754182 | W7: =V7+(($Z7-$U7)/5) -> 57.432635 | X7: =W7+(($Z7-$U7)/5) -> 58.111089 | Y7: =X7+(($Z7-$U7)/5) -> 58.789542 | Z7: 59.467996 | AA7: =Z7+(($AE7-$Z7)/5) -> 59.906091 | AB7: =AA7+(($AE7-$Z7)/5) -> 60.344187 | AC7: =AB7+(($AE7-$Z7)/5) -> 60.782282 | AD7: =AC7+(($AE7-$Z7)/5) -> 61.220378 | AE7: 61.658474 | AF7: =AE7+(($AJ7-$AE7)/5) -> 62.138555 | AG7: =AF7+(($AJ7-$AE7)/5) -> 62.618636 | AH7: =AG7+(($AJ7-$AE7)/5) -> 63.098717 | AI7: =AH7+(($AJ7-$AE7)/5) -> 63.578798 | AJ7: 64.058879 | AK7: 2.2732413 | AL7: 0.92508444
A8: =VLOOKUP(B8,'Country codes'!$A$1:$B$28,2,FALSE) -> DE | B8: Germany | C8: Reference Scenario 2020 (REF2020) | D8: Freight transport activity (Gtkm) | E8: Heavy goods and light commercial vehicles | F8: 455.99438 | G8: =F8+(($K8-$F8)/5) -> 468.71735 | H8: =G8+(($K8-$F8)/5) -> 481.44031 | I8: =H8+(($K8-$F8)/5) -> 494.16328 | J8: =I8+(($K8-$F8)/5) -> 506.88625 | K8: 519.60922 | L8: =K8+(($P8-$K8)/5) -> 529.72044 | M8: =L8+(($P8-$K8)/5) -> 539.83167 | N8: =M8+(($P8-$K8)/5) -> 549.94289 | O8: =N8+(($P8-$K8)/5) -> 560.05411 | P8: 570.16534 | Q8: =P8+(($U8-$P8)/5) -> 573.64314 | R8: =Q8+(($U8-$P8)/5) -> 577.12094 | S8: =R8+(($U8-$P8)/5) -> 580.59874 | T8: =S8+(($U8-$P8)/5) -> 584.07655 | U8: 587.55435 | V8: =U8+(($Z8-$U8)/5) -> 591.47117 | W8: =V8+(($Z8-$U8)/5) -> 595.388 | X8: =W8+(($Z8-$U8)/5) -> 599.30483 | Y8: =X8+(($Z8-$U8)/5) -> 603.22166 | Z8: 607.13848 | AA8: =Z8+(($AE8-$Z8)/5) -> 608.7614 | AB8: =AA8+(($AE8-$Z8)/5) -> 610.38431 | AC8: =AB8+(($AE8-$Z8)/5) -> 612.00723 | AD8: =AC8+(($AE8-$Z8)/5) -> 613.63014 | AE8: 615.25306 | AF8: =AE8+(($AJ8-$AE8)/5) -> 616.92213 | AG8: =AF8+(($AJ8-$AE8)/5) -> 618.5912 | AH8: =AG8+(($AJ8-$AE8)/5) -> 620.26027 | AI8: =AH8+(($AJ8-$AE8)/5) -> 621.92934 | AJ8: 623.59841 | AK8: 2.2596101 | AL8: 0.44890563
A9: =VLOOKUP(B9,'Country codes'!$A$1:$B$28,2,FALSE) -> DK | B9: Denmark | C9: Reference Scenario 2020 (REF2020) | D9: Freight transport activity (Gtkm) | E9: Heavy goods and light commercial vehicles | F9: 20.812907 | G9: =F9+(($K9-$F9)/5) -> 21.517139 | H9: =G9+(($K9-$F9)/5) -> 22.221372 | I9: =H9+(($K9-$F9)/5) -> 22.925604 | J9: =I9+(($K9-$F9)/5) -> 23.629837 | K9: 24.334069 | L9: =K9+(($P9-$K9)/5) -> 24.565135 | M9: =L9+(($P9-$K9)/5) -> 24.796202 | N9: =M9+(($P9-$K9)/5) -> 25.027268 | O9: =N9+(($P9-$K9)/5) -> 25.258334 | P9: 25.4894 | Q9: =P9+(($U9-$P9)/5) -> 25.703227 | R9: =Q9+(($U9-$P9)/5) -> 25.917053 | S9: =R9+(($U9-$P9)/5) -> 26.130879 | T9: =S9+(($U9-$P9)/5) -> 26.344705 | U9: 26.558531 | V9: =U9+(($Z9-$U9)/5) -> 26.773252 | W9: =V9+(($Z9-$U9)/5) -> 26.987974 | X9: =W9+(($Z9-$U9)/5) -> 27.202695 | Y9: =X9+(($Z9-$U9)/5) -> 27.417416 | Z9: 27.632137 | AA9: =Z9+(($AE9-$Z9)/5) -> 27.788749 | AB9: =AA9+(($AE9-$Z9)/5) -> 27.945361 | AC9: =AB9+(($AE9-$Z9)/5) -> 28.101973 | AD9: =AC9+(($AE9-$Z9)/5) -> 28.258584 | AE9: 28.415196 | AF9: =AE9+(($AJ9-$AE9)/5) -> 28.571954 | AG9: =AF9+(($AJ9-$AE9)/5) -> 28.728711 | AH9: =AG9+(($AJ9-$AE9)/5) -> 28.885469 | AI9: =AH9+(($AJ9-$AE9)/5) -> 29.042226 | AJ9: 29.198984 | AK9: 2.0475747 | AL9: 0.68166888
A10: =VLOOKUP(B10,'Country codes'!$A$1:$B$28,2,FALSE) -> EE | B10: Estonia | C10: Reference Scenario 2020 (REF2020) | D10: Freight transport activity (Gtkm) | E10: Heavy goods and light commercial vehicles | F10: 2.9266825 | G10: =F10+(($K10-$F10)/5) -> 3.0372594 | H10: =G10+(($K10-$F10)/5) -> 3.1478363 | I10: =H10+(($K10-$F10)/5) -> 3.2584131 | J10: =I10+(($K10-$F10)/5) -> 3.36899 | K10: 3.4795669 | L10: =K10+(($P10-$K10)/5) -> 3.5814166 | M10: =L10+(($P10-$K10)/5) -> 3.6832663 | N10: =M10+(($P10-$K10)/5) -> 3.785116 | O10: =N10+(($P10-$K10)/5) -> 3.8869657 | P10: 3.9888154 | Q10: =P10+(($U10-$P10)/5) -> 4.0562579 | R10: =Q10+(($U10-$P10)/5) -> 4.1237004 | S10: =R10+(($U10-$P10)/5) -> 4.1911429 | T10: =S10+(($U10-$P10)/5) -> 4.2585854 | U10: 4.3260279 | V10: =U10+(($Z10-$U10)/5) -> 4.3889735 | W10: =V10+(($Z10-$U10)/5) -> 4.4519191 | X10: =W10+(($Z10-$U10)/5) -> 4.5148647 | Y10: =X10+(($Z10-$U10)/5) -> 4.5778103 | Z10: 4.6407559 | AA10: =Z10+(($AE10-$Z10)/5) -> 4.6700283 | AB10: =AA10+(($AE10-$Z10)/5) -> 4.6993008 | AC10: =AB10+(($AE10-$Z10)/5) -> 4.7285733 | AD10: =AC10+(($AE10-$Z10)/5) -> 4.7578458 | AE10: 4.7871183 | AF10: =AE10+(($AJ10-$AE10)/5) -> 4.8190582 | AG10: =AF10+(($AJ10-$AE10)/5) -> 4.8509982 | AH10: =AG10+(($AJ10-$AE10)/5) -> 4.8829381 | AI10: =AH10+(($AJ10-$AE10)/5) -> 4.914878 | AJ10: 4.9468179 | AK10: 3.14468 | AL10: 1.0820636
A11: =VLOOKUP(B11,'Country codes'!$A$1:$B$28,2,FALSE) -> ES | B11: Spain | C11: Reference Scenario 2020 (REF2020) | D11: Freight transport activity (Gtkm) | E11: Heavy goods and light commercial vehicles | F11: 197.52574 | G11: =F11+(($K11-$F11)/5) -> 202.34392 | H11: =G11+(($K11-$F11)/5) -> 207.1621 | I11: =H11+(($K11-$F11)/5) -> 211.98028 | J11: =I11+(($K11-$F11)/5) -> 216.79847 | K11: 221.61665 | L11: =K11+(($P11-$K11)/5) -> 223.83576 | M11: =L11+(($P11-$K11)/5) -> 226.05487 | N11: =M11+(($P11-$K11)/5) -> 228.27399 | O11: =N11+(($P11-$K11)/5) -> 230.4931 | P11: 232.71222 | Q11: =P11+(($U11-$P11)/5) -> 234.85462 | R11: =Q11+(($U11-$P11)/5) -> 236.99702 | S11: =R11+(($U11-$P11)/5) -> 239.13942 | T11: =S11+(($U11-$P11)/5) -> 241.28182 | U11: 243.42421 | V11: =U11+(($Z11-$U11)/5) -> 245.72242 | W11: =V11+(($Z11-$U11)/5) -> 248.02063 | X11: =W11+(($Z11-$U11)/5) -> 250.31883 | Y11: =X11+(($Z11-$U11)/5) -> 252.61704 | Z11: 254.91525 | AA11: =Z11+(($AE11-$Z11)/5) -> 257.10899 | AB11: =AA11+(($AE11-$Z11)/5) -> 259.30273 | AC11: =AB11+(($AE11-$Z11)/5) -> 261.49647 | AD11: =AC11+(($AE11-$Z11)/5) -> 263.69021 | AE11: 265.88395 | AF11: =AE11+(($AJ11-$AE11)/5) -> 268.10371 | AG11: =AF11+(($AJ11-$AE11)/5) -> 270.32347 | AH11: =AG11+(($AJ11-$AE11)/5) -> 272.54323 | AI11: =AH11+(($AJ11-$AE11)/5) -> 274.76299 | AJ11: 276.98275 | AK11: 1.6528473 | AL11: 0.87456545
A12: =VLOOKUP(B12,'Country codes'!$A$1:$B$28,2,FALSE) -> FI | B12: Finland | C12: Reference Scenario 2020 (REF2020) | D12: Freight transport activity (Gtkm) | E12: Heavy goods and light commercial vehicles | F12: 27.143517 | G12: =F12+(($K12-$F12)/5) -> 27.90569 | H12: =G12+(($K12-$F12)/5) -> 28.667863 | I12: =H12+(($K12-$F12)/5) -> 29.430036 | J12: =I12+(($K12-$F12)/5) -> 30.192209 | K12: 30.954382 | L12: =K12+(($P12-$K12)/5) -> 31.42893 | M12: =L12+(($P12-$K12)/5) -> 31.903478 | N12: =M12+(($P12-$K12)/5) -> 32.378026 | O12: =N12+(($P12-$K12)/5) -> 32.852574 | P12: 33.327123 | Q12: =P12+(($U12-$P12)/5) -> 33.544842 | R12: =Q12+(($U12-$P12)/5) -> 33.762561 | S12: =R12+(($U12-$P12)/5) -> 33.980281 | T12: =S12+(($U12-$P12)/5) -> 34.198 | U12: 34.415719 | V12: =U12+(($Z12-$U12)/5) -> 34.515823 | W12: =V12+(($Z12-$U12)/5) -> 34.615927 | X12: =W12+(($Z12-$U12)/5) -> 34.71603 | Y12: =X12+(($Z12-$U12)/5) -> 34.816134 | Z12: 34.916237 | AA12: =Z12+(($AE12-$Z12)/5) -> 34.956334 | AB12: =AA12+(($AE12-$Z12)/5) -> 34.996431 | AC12: =AB12+(($AE12-$Z12)/5) -> 35.036529 | AD12: =AC12+(($AE12-$Z12)/5) -> 35.076626 | AE12: 35.116723 | AF12: =AE12+(($AJ12-$AE12)/5) -> 35.187504 | AG12: =AF12+(($AJ12-$AE12)/5) -> 35.258286 | AH12: =AG12+(($AJ12-$AE12)/5) -> 35.329067 | AI12: =AH12+(($AJ12-$AE12)/5) -> 35.399849 | AJ12: 35.470631 | AK12: 2.0735384 | AL12: 0.31215362
A13: =VLOOKUP(B13,'Country codes'!$A$1:$B$28,2,FALSE) -> FR | B13: France | C13: Reference Scenario 2020 (REF2020) | D13: Freight transport activity (Gtkm) | E13: Heavy goods and light commercial vehicles | F13: 282.88421 | G13: =F13+(($K13-$F13)/5) -> 286.90431 | H13: =G13+(($K13-$F13)/5) -> 290.92441 | I13: =H13+(($K13-$F13)/5) -> 294.94451 | J13: =I13+(($K13-$F13)/5) -> 298.96461 | K13: 302.98471 | L13: =K13+(($P13-$K13)/5) -> 306.58003 | M13: =L13+(($P13-$K13)/5) -> 310.17534 | N13: =M13+(($P13-$K13)/5) -> 313.77066 | O13: =N13+(($P13-$K13)/5) -> 317.36597 | P13: 320.96129 | Q13: =P13+(($U13-$P13)/5) -> 322.81492 | R13: =Q13+(($U13-$P13)/5) -> 324.66856 | S13: =R13+(($U13-$P13)/5) -> 326.52219 | T13: =S13+(($U13-$P13)/5) -> 328.37583 | U13: 330.22946 | V13: =U13+(($Z13-$U13)/5) -> 332.87028 | W13: =V13+(($Z13-$U13)/5) -> 335.5111 | X13: =W13+(($Z13-$U13)/5) -> 338.15193 | Y13: =X13+(($Z13-$U13)/5) -> 340.79275 | Z13: 343.43357 | AA13: =Z13+(($AE13-$Z13)/5) -> 345.57096 | AB13: =AA13+(($AE13-$Z13)/5) -> 347.70835 | AC13: =AB13+(($AE13-$Z13)/5) -> 349.84574 | AD13: =AC13+(($AE13-$Z13)/5) -> 351.98313 | AE13: 354.12052 | AF13: =AE13+(($AJ13-$AE13)/5) -> 356.127 | AG13: =AF13+(($AJ13-$AE13)/5) -> 358.13347 | AH13: =AG13+(($AJ13-$AE13)/5) -> 360.13995 | AI13: =AH13+(($AJ13-$AE13)/5) -> 362.14642 | AJ13: 364.1529 | AK13: 1.2708359 | AL13: 0.63326328
A14: =VLOOKUP(B14,'Country codes'!$A$1:$B$28,2,FALSE) -> GR | B14: Greece | C14: Reference Scenario 2020 (REF2020) | D14: Freight transport activity (Gtkm) | E14: Heavy goods and light commercial vehicles | F14: 20.869395 | G14: =F14+(($K14-$F14)/5) -> 21.48863 | H14: =G14+(($K14-$F14)/5) -> 22.107865 | I14: =H14+(($K14-$F14)/5) -> 22.7271 | J14: =I14+(($K14-$F14)/5) -> 23.346335 | K14: 23.96557 | L14: =K14+(($P14-$K14)/5) -> 24.119543 | M14: =L14+(($P14-$K14)/5) -> 24.273516 | N14: =M14+(($P14-$K14)/5) -> 24.427489 | O14: =N14+(($P14-$K14)/5) -> 24.581462 | P14: 24.735436 | Q14: =P14+(($U14-$P14)/5) -> 24.940137 | R14: =Q14+(($U14-$P14)/5) -> 25.144839 | S14: =R14+(($U14-$P14)/5) -> 25.349541 | T14: =S14+(($U14-$P14)/5) -> 25.554243 | U14: 25.758945 | V14: =U14+(($Z14-$U14)/5) -> 25.915471 | W14: =V14+(($Z14-$U14)/5) -> 26.071996 | X14: =W14+(($Z14-$U14)/5) -> 26.228521 | Y14: =X14+(($Z14-$U14)/5) -> 26.385046 | Z14: 26.541571 | AA14: =Z14+(($AE14-$Z14)/5) -> 26.708321 | AB14: =AA14+(($AE14-$Z14)/5) -> 26.87507 | AC14: =AB14+(($AE14-$Z14)/5) -> 27.041819 | AD14: =AC14+(($AE14-$Z14)/5) -> 27.208569 | AE14: 27.375318 | AF14: =AE14+(($AJ14-$AE14)/5) -> 27.541821 | AG14: =AF14+(($AJ14-$AE14)/5) -> 27.708323 | AH14: =AG14+(($AJ14-$AE14)/5) -> 27.874826 | AI14: =AH14+(($AJ14-$AE14)/5) -> 28.041329 | AJ14: 28.207831 | AK14: 1.7140554 | AL14: 0.65897571
... A29: =VLOOKUP(B29,'Country codes'!$A$1:$B$28,2,FALSE) -> SK | B29: Slovakia | C29: Reference Scenario 2020 (REF2020) | D29: Freight transport activity (Gtkm) | E29: Heavy goods and light commercial vehicles | F29: 16.812718 | G29: =F29+(($K29-$F29)/5) -> 17.199874 | H29: =G29+(($K29-$F29)/5) -> 17.587029 | I29: =H29+(($K29-$F29)/5) -> 17.974184 | J29: =I29+(($K29-$F29)/5) -> 18.361339 | K29: 18.748494 | L29: =K29+(($P29-$K29)/5) -> 19.22902 | M29: =L29+(($P29-$K29)/5) -> 19.709546 | N29: =M29+(($P29-$K29)/5) -> 20.190071 | O29: =N29+(($P29-$K29)/5) -> 20.670597 | P29: 21.151122 | Q29: =P29+(($U29-$P29)/5) -> 21.308522 | R29: =Q29+(($U29-$P29)/5) -> 21.465922 | S29: =R29+(($U29-$P29)/5) -> 21.623322 | T29: =S29+(($U29-$P29)/5) -> 21.780722 | U29: 21.938122 | V29: =U29+(($Z29-$U29)/5) -> 22.143611 | W29: =V29+(($Z29-$U29)/5) -> 22.3491 | X29: =W29+(($Z29-$U29)/5) -> 22.554589 | Y29: =X29+(($Z29-$U29)/5) -> 22.760078 | Z29: 22.965567 | AA29: =Z29+(($AE29-$Z29)/5) -> 23.059275 | AB29: =AA29+(($AE29-$Z29)/5) -> 23.152982 | AC29: =AB29+(($AE29-$Z29)/5) -> 23.246689 | AD29: =AC29+(($AE29-$Z29)/5) -> 23.340396 | AE29: 23.434103 | AF29: =AE29+(($AJ29-$AE29)/5) -> 23.524938 | AG29: =AF29+(($AJ29-$AE29)/5) -> 23.615772 | AH29: =AG29+(($AJ29-$AE29)/5) -> 23.706607 | AI29: =AH29+(($AJ29-$AE29)/5) -> 23.797442 | AJ29: 23.888277 | AK29: 2.3221244 | AL29: 0.61032924

Sheet Buses
A1: Source: JRC-IDEES 2021
A2: Passenger activity (Gveh-km)
A3: Country | B3: TECHNOLOGY | C3: 2018 | D3: 2019 | E3: 2020 | F3: 2021
A4: =LEFT(B4,2) -> AT | B4: ATEPTDSLBU00 | C4: 0.51227979 | D4: 0.4976535 | E4: 0.49218877 | F4: 0.49387697
A5: =LEFT(B5,2) -> AT | B5: ATEPTNGSBU00 | C5: 0.023128851 | D5: 0.027212244 | E5: 0.031127052 | F5: 0.029470323
A6: =LEFT(B6,2) -> AT | B6: ATEPTELCBUBT | C6: 0.006313745 | D6: 0.006593865 | E6: 0.007011688 | F6: 0.007126069
A7: =LEFT(B7,2) -> AT | B7: ATEPTHY2BUFC | C7: 0 | D7: 0 | E7: 0 | F7: 0
A8: =LEFT(B8,2) -> BG | B8: BGEPTDSLBU00 | C8: 0.34783841 | D8: 0.3753783 | E8: 0.369968 | F8: 0.36091178
A9: =LEFT(B9,2) -> BG | B9: BGEPTNGSBU00 | C9: 0.05956304 | D9: 0.073603094 | E9: 0.076506662 | F9: 0.083180567
A10: =LEFT(B10,2) -> BG | B10: BGEPTELCBUBT | C10: 0.020198548 | D10: 0.020095552 | E10: 0.01902302 | F10: 0.021324236
A11: =LEFT(B11,2) -> BG | B11: BGEPTHY2BUFC | C11: 0 | D11: 0 | E11: 0 | F11: 0
A12: =LEFT(B12,2) -> BE | B12: BEEPTDSLBU00 | C12: 0.62088967 | D12: 0.62654122 | E12: 0.62292579 | F12: 0.6183094
A13: =LEFT(B13,2) -> BE | B13: BEEPTNGSBU00 | C13: 0.000205187 | D13: 0.000415118 | E13: 0.000811354 | F13: 0.004991624
A14: =LEFT(B14,2) -> BE | B14: BEEPTELCBUBT | C14: 0.000863269 | D14: 0.002425183 | E14: 0.002959021 | F14: 0.00369885
A15: =LEFT(B15,2) -> BE | B15: BEEPTHY2BUFC | C15: 0 | D15: 0 | E15: 0 | F15: 0
... A111: =LEFT(B111,2) -> SE | B111: SEEPTHY2BUFC | C111: 0 | D111: 0 | E111: 0 | F111: 0
A113: Demand projections (Gveh-km)
A114: Country | B114: 2018 | C114: 2019 | D114: 2020 | E114: 2021 | F114: 2022 | G114: 2023 | H114: 2024 | I114: 2025 | J114: 2026 | K114: 2027 | L114: 2028 | M114: 2029 | N114: 2030 | O114: 2031 | P114: 2032 | Q114: 2033 | R114: 2034 | S114: 2035 | T114: 2036 | U114: 2037 | V114: 2038 | W114: 2039 | X114: 2040 | Y114: 2041 | Z114: 2042 | AA114: 2043 | AB114: 2044 | AC114: 2045 | AD114: 2046 | AE114: 2047 | AF114: 2048 | AG114: 2049 | AH114: 2050 | AI114: 2051 | AJ114: 2052 | AK114: 2053 | AL114: 2054 | AM114: 2055 | AN114: 2056 | AO114: 2057 | AP114: 2058 | AQ114: 2059 | AR114: 2060 | AS114: 2061 | AT114: 2062 | AU114: 2063 | AV114: 2064 | AW114: 2065 | AX114: 2066 | AY114: 2067 | AZ114: 2068 | BA114: 2069 | BB114: 2070
A115: AT | B115: 0.54172239 | C115: 0.53145961 | D115: 0.53032751 | E115: 0.53047336 | F115: =E115*('Buses EU Ref'!H3/'Buses EU Ref'!G3) -> 0.57387465 | G115: =F115*('Buses EU Ref'!I3/'Buses EU Ref'!H3) -> 0.61727593 | H115: =G115*('Buses EU Ref'!J3/'Buses EU Ref'!I3) -> 0.66067721 | I115: =H115*('Buses EU Ref'!K3/'Buses EU Ref'!J3) -> 0.7040785 | J115: =I115*('Buses EU Ref'!L3/'Buses EU Ref'!K3) -> 0.70587997 | K115: =J115*('Buses EU Ref'!M3/'Buses EU Ref'!L3) -> 0.70768145 | L115: =K115*('Buses EU Ref'!N3/'Buses EU Ref'!M3) -> 0.70948292 | M115: =L115*('Buses EU Ref'!O3/'Buses EU Ref'!N3) -> 0.7112844 | ... AH115: =AG115*('Buses EU Ref'!AJ3/'Buses EU Ref'!AI3) -> 0.81862279 | AI115: =AH115 -> 0.81862279 | AJ115: =AI115 -> 0.81862279 | AK115: =AJ115 -> 0.81862279 | AL115: =AK115 -> 0.81862279 | AM115: =AL115 -> 0.81862279 | AN115: =AM115 -> 0.81862279 | AO115: =AN115 -> 0.81862279 | AP115: =AO115 -> 0.81862279 | ... BB115: =BA115 -> 0.81862279
A116: BE | B116: 0.62195813 | C116: 0.62938152 | D116: 0.62669617 | E116: 0.62699987 | F116: =E116*('Buses EU Ref'!H4/'Buses EU Ref'!G4) -> 0.69325478 | G116: =F116*('Buses EU Ref'!I4/'Buses EU Ref'!H4) -> 0.75950968 | H116: =G116*('Buses EU Ref'!J4/'Buses EU Ref'!I4) -> 0.82576459 | I116: =H116*('Buses EU Ref'!K4/'Buses EU Ref'!J4) -> 0.89201949 | J116: =I116*('Buses EU Ref'!L4/'Buses EU Ref'!K4) -> 0.89326696 | K116: =J116*('Buses EU Ref'!M4/'Buses EU Ref'!L4) -> 0.89451443 | L116: =K116*('Buses EU Ref'!N4/'Buses EU Ref'!M4) -> 0.8957619 | M116: =L116*('Buses EU Ref'!O4/'Buses EU Ref'!N4) -> 0.89700937 | ... AH116: =AG116*('Buses EU Ref'!AJ4/'Buses EU Ref'!AI4) -> 0.90624279 | AI116: =AH116 -> 0.90624279 | AJ116: =AI116 -> 0.90624279 | AK116: =AJ116 -> 0.90624279 | AL116: =AK116 -> 0.90624279 | AM116: =AL116 -> 0.90624279 | AN116: =AM116 -> 0.90624279 | AO116: =AN116 -> 0.90624279 | AP116: =AO116 -> 0.90624279 | ... BB116: =BA116 -> 0.90624279
A117: BG | B117: 0.4276 | C117: 0.46907695 | D117: 0.46549768 | E117: 0.46541658 | F117: =E117*('Buses EU Ref'!H5/'Buses EU Ref'!G5) -> 0.49155169 | G117: =F117*('Buses EU Ref'!I5/'Buses EU Ref'!H5) -> 0.51768679 | H117: =G117*('Buses EU Ref'!J5/'Buses EU Ref'!I5) -> 0.5438219 | I117: =H117*('Buses EU Ref'!K5/'Buses EU Ref'!J5) -> 0.56995701 | J117: =I117*('Buses EU Ref'!L5/'Buses EU Ref'!K5) -> 0.57057864 | K117: =J117*('Buses EU Ref'!M5/'Buses EU Ref'!L5) -> 0.57120027 | L117: =K117*('Buses EU Ref'!N5/'Buses EU Ref'!M5) -> 0.5718219 | M117: =L117*('Buses EU Ref'!O5/'Buses EU Ref'!N5) -> 0.57244354 | ... AH117: =AG117*('Buses EU Ref'!AJ5/'Buses EU Ref'!AI5) -> 0.61787046 | AI117: =AH117 -> 0.61787046 | AJ117: =AI117 -> 0.61787046 | AK117: =AJ117 -> 0.61787046 | AL117: =AK117 -> 0.61787046 | AM117: =AL117 -> 0.61787046 | AN117: =AM117 -> 0.61787046 | AO117: =AN117 -> 0.61787046 | AP117: =AO117 -> 0.61787046 | ... BB117: =BA117 -> 0.61787046
A118: CY | B118: 0.17582359 | C118: 0.17722448 | D118: 0.13977593 | E118: 0.14785343 | F118: =E118*('Buses EU Ref'!H6/'Buses EU Ref'!G6) -> 0.15993009 | G118: =F118*('Buses EU Ref'!I6/'Buses EU Ref'!H6) -> 0.17200675 | H118: =G118*('Buses EU Ref'!J6/'Buses EU Ref'!I6) -> 0.18408341 | I118: =H118*('Buses EU Ref'!K6/'Buses EU Ref'!J6) -> 0.19616007 | J118: =I118*('Buses EU Ref'!L6/'Buses EU Ref'!K6) -> 0.19745607 | K118: =J118*('Buses EU Ref'!M6/'Buses EU Ref'!L6) -> 0.19875207 | L118: =K118*('Buses EU Ref'!N6/'Buses EU Ref'!M6) -> 0.20004807 | M118: =L118*('Buses EU Ref'!O6/'Buses EU Ref'!N6) -> 0.20134407 | ... AH118: =AG118*('Buses EU Ref'!AJ6/'Buses EU Ref'!AI6) -> 0.23425605 | AI118: =AH118 -> 0.23425605 | AJ118: =AI118 -> 0.23425605 | AK118: =AJ118 -> 0.23425605 | AL118: =AK118 -> 0.23425605 | AM118: =AL118 -> 0.23425605 | AN118: =AM118 -> 0.23425605 | AO118: =AN118 -> 0.23425605 | AP118: =AO118 -> 0.23425605 | ... BB118: =BA118 -> 0.23425605
A119: CZ | B119: 0.79712938 | C119: 0.78979705 | D119: 0.57409015 | E119: 0.54562353 | F119: =E119*('Buses EU Ref'!H7/'Buses EU Ref'!G7) -> 0.57961135 | G119: =F119*('Buses EU Ref'!I7/'Buses EU Ref'!H7) -> 0.61359918 | H119: =G119*('Buses EU Ref'!J7/'Buses EU Ref'!I7) -> 0.64758701 | I119: =H119*('Buses EU Ref'!K7/'Buses EU Ref'!J7) -> 0.68157483 | J119: =I119*('Buses EU Ref'!L7/'Buses EU Ref'!K7) -> 0.70244992 | K119: =J119*('Buses EU Ref'!M7/'Buses EU Ref'!L7) -> 0.723325 | L119: =K119*('Buses EU Ref'!N7/'Buses EU Ref'!M7) -> 0.74420009 | M119: =L119*('Buses EU Ref'!O7/'Buses EU Ref'!N7) -> 0.76507517 | ... AH119: =AG119*('Buses EU Ref'!AJ7/'Buses EU Ref'!AI7) -> 0.89714202 | AI119: =AH119 -> 0.89714202 | AJ119: =AI119 -> 0.89714202 | AK119: =AJ119 -> 0.89714202 | AL119: =AK119 -> 0.89714202 | AM119: =AL119 -> 0.89714202 | AN119: =AM119 -> 0.89714202 | AO119: =AN119 -> 0.89714202 | AP119: =AO119 -> 0.89714202 | ... BB119: =BA119 -> 0.89714202
A120: DE | B120: 4.4866265 | C120: 4.5406648 | D120: 4.1645687 | E120: 4.0295828 | F120: =E120*('Buses EU Ref'!H8/'Buses EU Ref'!G8) -> 4.2133886 | G120: =F120*('Buses EU Ref'!I8/'Buses EU Ref'!H8) -> 4.3971944 | H120: =G120*('Buses EU Ref'!J8/'Buses EU Ref'!I8) -> 4.5810002 | I120: =H120*('Buses EU Ref'!K8/'Buses EU Ref'!J8) -> 4.7648061 | J120: =I120*('Buses EU Ref'!L8/'Buses EU Ref'!K8) -> 4.8348933 | K120: =J120*('Buses EU Ref'!M8/'Buses EU Ref'!L8) -> 4.9049805 | L120: =K120*('Buses EU Ref'!N8/'Buses EU Ref'!M8) -> 4.9750677 | M120: =L120*('Buses EU Ref'!O8/'Buses EU Ref'!N8) -> 5.045155 | ... AH120: =AG120*('Buses EU Ref'!AJ8/'Buses EU Ref'!AI8) -> 5.412748 | AI120: =AH120 -> 5.412748 | AJ120: =AI120 -> 5.412748 | AK120: =AJ120 -> 5.412748 | AL120: =AK120 -> 5.412748 | AM120: =AL120 -> 5.412748 | AN120: =AM120 -> 5.412748 | AO120: =AN120 -> 5.412748 | AP120: =AO120 -> 5.412748 | ... BB120: =BA120 -> 5.412748
A121: DK | B121: 0.64081167 | C121: 0.62356825 | D121: 0.6212858 | E121: 0.62202461 | F121: =E121*('Buses EU Ref'!H9/'Buses EU Ref'!G9) -> 0.63702843 | G121: =F121*('Buses EU Ref'!I9/'Buses EU Ref'!H9) -> 0.65203224 | H121: =G121*('Buses EU Ref'!J9/'Buses EU Ref'!I9) -> 0.66703605 | I121: =H121*('Buses EU Ref'!K9/'Buses EU Ref'!J9) -> 0.68203986 | J121: =I121*('Buses EU Ref'!L9/'Buses EU Ref'!K9) -> 0.69068365 | K121: =J121*('Buses EU Ref'!M9/'Buses EU Ref'!L9) -> 0.69932744 | L121: =K121*('Buses EU Ref'!N9/'Buses EU Ref'!M9) -> 0.70797123 | M121: =L121*('Buses EU Ref'!O9/'Buses EU Ref'!N9) -> 0.71661502 | ... AH121: =AG121*('Buses EU Ref'!AJ9/'Buses EU Ref'!AI9) -> 0.77260961 | AI121: =AH121 -> 0.77260961 | AJ121: =AI121 -> 0.77260961 | AK121: =AJ121 -> 0.77260961 | AL121: =AK121 -> 0.77260961 | AM121: =AL121 -> 0.77260961 | AN121: =AM121 -> 0.77260961 | AO121: =AN121 -> 0.77260961 | AP121: =AO121 -> 0.77260961 | ... BB121: =BA121 -> 0.77260961
A122: EE | B122: 0.21559333 | C122: 0.20325151 | D122: 0.19839553 | E122: 0.21217453 | F122: =E122*('Buses EU Ref'!H10/'Buses EU Ref'!G10) -> 0.22018027 | G122: =F122*('Buses EU Ref'!I10/'Buses EU Ref'!H10) -> 0.228186 | H122: =G122*('Buses EU Ref'!J10/'Buses EU Ref'!I10) -> 0.23619173 | I122: =H122*('Buses EU Ref'!K10/'Buses EU Ref'!J10) -> 0.24419747 | J122: =I122*('Buses EU Ref'!L10/'Buses EU Ref'!K10) -> 0.24959929 | K122: =J122*('Buses EU Ref'!M10/'Buses EU Ref'!L10) -> 0.25500112 | L122: =K122*('Buses EU Ref'!N10/'Buses EU Ref'!M10) -> 0.26040294 | M122: =L122*('Buses EU Ref'!O10/'Buses EU Ref'!N10) -> 0.26580477 | ... AH122: =AG122*('Buses EU Ref'!AJ10/'Buses EU Ref'!AI10) -> 0.31045444 | AI122: =AH122 -> 0.31045444 | AJ122: =AI122 -> 0.31045444 | AK122: =AJ122 -> 0.31045444 | AL122: =AK122 -> 0.31045444 | AM122: =AL122 -> 0.31045444 | AN122: =AM122 -> 0.31045444 | AO122: =AN122 -> 0.31045444 | AP122: =AO122 -> 0.31045444 | ... BB122: =BA122 -> 0.31045444
A123: ES | B123: 1.3405842 | C123: 1.3750381 | D123: 0.90654227 | E123: 1.1623225 | F123: =E123*('Buses EU Ref'!H11/'Buses EU Ref'!G11) -> 1.4194913 | G123: =F123*('Buses EU Ref'!I11/'Buses EU Ref'!H11) -> 1.6766601 | H123: =G123*('Buses EU Ref'!J11/'Buses EU Ref'!I11) -> 1.9338288 | I123: =H123*('Buses EU Ref'!K11/'Buses EU Ref'!J11) -> 2.1909976 | J123: =I123*('Buses EU Ref'!L11/'Buses EU Ref'!K11) -> 2.2081739 | K123: =J123*('Buses EU Ref'!M11/'Buses EU Ref'!L11) -> 2.2253503 | L123: =K123*('Buses EU Ref'!N11/'Buses EU Ref'!M11) -> 2.2425267 | M123: =L123*('Buses EU Ref'!O11/'Buses EU Ref'!N11) -> 2.259703 | ... AH123: =AG123*('Buses EU Ref'!AJ11/'Buses EU Ref'!AI11) -> 2.7276048 | AI123: =AH123 -> 2.7276048 | AJ123: =AI123 -> 2.7276048 | AK123: =AJ123 -> 2.7276048 | AL123: =AK123 -> 2.7276048 | AM123: =AL123 -> 2.7276048 | AN123: =AM123 -> 2.7276048 | AO123: =AN123 -> 2.7276048 | AP123: =AO123 -> 2.7276048 | ... BB123: =BA123 -> 2.7276048
A124: FI | B124: 0.61455769 | C124: 0.60153873 | D124: 0.52346109 | E124: 0.46140681 | F124: =E124*('Buses EU Ref'!H12/'Buses EU Ref'!G12) -> 0.47609449 | G124: =F124*('Buses EU Ref'!I12/'Buses EU Ref'!H12) -> 0.49078217 | H124: =G124*('Buses EU Ref'!J12/'Buses EU Ref'!I12) -> 0.50546984 | I124: =H124*('Buses EU Ref'!K12/'Buses EU Ref'!J12) -> 0.52015752 | J124: =I124*('Buses EU Ref'!L12/'Buses EU Ref'!K12) -> 0.52538696 | K124: =J124*('Buses EU Ref'!M12/'Buses EU Ref'!L12) -> 0.5306164 | L124: =K124*('Buses EU Ref'!N12/'Buses EU Ref'!M12) -> 0.53584585 | M124: =L124*('Buses EU Ref'!O12/'Buses EU Ref'!N12) -> 0.54107529 | ... AH124: =AG124*('Buses EU Ref'!AJ12/'Buses EU Ref'!AI12) -> 0.57380366 | AI124: =AH124 -> 0.57380366 | AJ124: =AI124 -> 0.57380366 | AK124: =AJ124 -> 0.57380366 | AL124: =AK124 -> 0.57380366 | AM124: =AL124 -> 0.57380366 | AN124: =AM124 -> 0.57380366 | AO124: =AN124 -> 0.57380366 | AP124: =AO124 -> 0.57380366 | ... BB124: =BA124 -> 0.57380366
A125: FR | B125: 3.0365684 | C125: 3.0355595 | D125: 2.3778512 | E125: 2.6082504 | F125: =E125*('Buses EU Ref'!H13/'Buses EU Ref'!G13) -> 2.9950429 | G125: =F125*('Buses EU Ref'!I13/'Buses EU Ref'!H13) -> 3.3818354 | H125: =G125*('Buses EU Ref'!J13/'Buses EU Ref'!I13) -> 3.7686279 | I125: =H125*('Buses EU Ref'!K13/'Buses EU Ref'!J13) -> 4.1554204 | J125: =I125*('Buses EU Ref'!L13/'Buses EU Ref'!K13) -> 4.1749598 | K125: =J125*('Buses EU Ref'!M13/'Buses EU Ref'!L13) -> 4.1944992 | L125: =K125*('Buses EU Ref'!N13/'Buses EU Ref'!M13) -> 4.2140385 | M125: =L125*('Buses EU Ref'!O13/'Buses EU Ref'!N13) -> 4.2335779 | ... AH125: =AG125*('Buses EU Ref'!AJ13/'Buses EU Ref'!AI13) -> 4.4832871 | AI125: =AH125 -> 4.4832871 | AJ125: =AI125 -> 4.4832871 | AK125: =AJ125 -> 4.4832871 | AL125: =AK125 -> 4.4832871 | AM125: =AL125 -> 4.4832871 | AN125: =AM125 -> 4.4832871 | AO125: =AN125 -> 4.4832871 | AP125: =AO125 -> 4.4832871 | ... BB125: =BA125 -> 4.4832871
A126: GR | B126: 0.78931405 | C126: 0.78104132 | D126: 0.77773945 | E126: 0.77800178 | F126: =E126*('Buses EU Ref'!H14/'Buses EU Ref'!G14) -> 0.82529707 | G126: =F126*('Buses EU Ref'!I14/'Buses EU Ref'!H14) -> 0.87259236 | H126: =G126*('Buses EU Ref'!J14/'Buses EU Ref'!I14) -> 0.91988766 | I126: =H126*('Buses EU Ref'!K14/'Buses EU Ref'!J14) -> 0.96718295 | J126: =I126*('Buses EU Ref'!L14/'Buses EU Ref'!K14) -> 0.97721536 | K126: =J126*('Buses EU Ref'!M14/'Buses EU Ref'!L14) -> 0.98724776 | L126: =K126*('Buses EU Ref'!N14/'Buses EU Ref'!M14) -> 0.99728017 | M126: =L126*('Buses EU Ref'!O14/'Buses EU Ref'!N14) -> 1.0073126 | ... AH126: =AG126*('Buses EU Ref'!AJ14/'Buses EU Ref'!AI14) -> 1.1312116 | AI126: =AH126 -> 1.1312116 | AJ126: =AI126 -> 1.1312116 | AK126: =AJ126 -> 1.1312116 | AL126: =AK126 -> 1.1312116 | AM126: =AL126 -> 1.1312116 | AN126: =AM126 -> 1.1312116 | AO126: =AN126 -> 1.1312116 | AP126: =AO126 -> 1.1312116 | ... BB126: =BA126 -> 1.1312116
... A141: SK | B141: 0.32 | C141: 0.3238 | D141: 0.279 | E141: 0.2787 | F141: =E141*('Buses EU Ref'!H29/'Buses EU Ref'!G29) -> 0.29702109 | G141: =F141*('Buses EU Ref'!I29/'Buses EU Ref'!H29) -> 0.31534219 | H141: =G141*('Buses EU Ref'!J29/'Buses EU Ref'!I29) -> 0.33366328 | I141: =H141*('Buses EU Ref'!K29/'Buses EU Ref'!J29) -> 0.35198437 | J141: =I141*('Buses EU Ref'!L29/'Buses EU Ref'!K29) -> 0.35944122 | K141: =J141*('Buses EU Ref'!M29/'Buses EU Ref'!L29) -> 0.36689806 | L141: =K141*('Buses EU Ref'!N29/'Buses EU Ref'!M29) -> 0.37435491 | M141: =L141*('Buses EU Ref'!O29/'Buses EU Ref'!N29) -> 0.38181176 | ... AH141: =AG141*('Buses EU Ref'!AJ29/'Buses EU Ref'!AI29) -> 0.44362692 | AI141: =AH141 -> 0.44362692 | AJ141: =AI141 -> 0.44362692 | AK141: =AJ141 -> 0.44362692 | AL141: =AK141 -> 0.44362692 | AM141: =AL141 -> 0.44362692 | AN141: =AM141 -> 0.44362692 | AO141: =AN141 -> 0.44362692 | AP141: =AO141 -> 0.44362692 | ... BB141: =BA141 -> 0.44362692
A142: Grand Total | B142: 26.376196 | C142: 26.548052 | D142: 24.022708 | E142: 24.490682 | F142: =SUM(F115:F141) -> 26.758326 | G142: =SUM(G115:G141) -> 29.025971 | H142: =SUM(H115:H141) -> 31.293615 | I142: =SUM(I115:I141) -> 33.56126 | J142: =SUM(J115:J141) -> 33.940054 | K142: =SUM(K115:K141) -> 34.318848 | L142: =SUM(L115:L141) -> 34.697643 | M142: =SUM(M115:M141) -> 35.076437 | ... AH142: =SUM(AH115:AH141) -> 38.244258 | AI142: =AH142 -> 38.244258 | AJ142: =AI142 -> 38.244258 | AK142: =AJ142 -> 38.244258 | AL142: =AK142 -> 38.244258 | AM142: =AL142 -> 38.244258 | AN142: =AM142 -> 38.244258 | AO142: =AN142 -> 38.244258 | AP142: =AO142 -> 38.244258 | ... BB142: =BA142 -> 38.244258

Sheet Buses EU Ref
A1: Source: interpolation from EU Reference Scenario 2020 projections
A2: country | B2: YEAR | F2: 2020 | G2: 2021 | H2: 2022 | I2: 2023 | J2: 2024 | K2: 2025 | L2: 2026 | M2: 2027 | N2: 2028 | O2: 2029 | P2: 2030 | Q2: 2031 | R2: 2032 | S2: 2033 | T2: 2034 | U2: 2035 | V2: 2036 | W2: 2037 | X2: 2038 | Y2: 2039 | Z2: 2040 | AA2: 2041 | AB2: 2042 | AC2: 2043 | AD2: 2044 | AE2: 2045 | AF2: 2046 | AG2: 2047 | AH2: 2048 | AI2: 2049 | AJ2: 2050 | AK2: '20-'30 | AL2: '30-'50
A3: =VLOOKUP(B3,'Country codes'!$A$1:$B$28,2,FALSE) -> AT | B3: Austria | C3: Reference Scenario 2020 (REF2020) | D3: Passenger Transport activity (Gpkm) | E3: Buses and coaches | F3: 7.3283918 | G3: =F3+(($K3-$F3)/5) -> 7.9813991 | H3: =G3+(($K3-$F3)/5) -> 8.6344064 | I3: =H3+(($K3-$F3)/5) -> 9.2874136 | J3: =I3+(($K3-$F3)/5) -> 9.9404209 | K3: 10.593428 | L3: =K3+(($P3-$K3)/5) -> 10.620533 | M3: =L3+(($P3-$K3)/5) -> 10.647637 | N3: =M3+(($P3-$K3)/5) -> 10.674742 | O3: =N3+(($P3-$K3)/5) -> 10.701847 | P3: 10.728951 | Q3: =P3+(($U3-$P3)/5) -> 10.805433 | R3: =Q3+(($U3-$P3)/5) -> 10.881914 | S3: =R3+(($U3-$P3)/5) -> 10.958396 | T3: =S3+(($U3-$P3)/5) -> 11.034877 | U3: 11.111359 | V3: =U3+(($Z3-$U3)/5) -> 11.210012 | W3: =V3+(($Z3-$U3)/5) -> 11.308665 | X3: =W3+(($Z3-$U3)/5) -> 11.407319 | Y3: =X3+(($Z3-$U3)/5) -> 11.505972 | Z3: 11.604625 | AA3: =Z3+(($AE3-$Z3)/5) -> 11.679724 | AB3: =AA3+(($AE3-$Z3)/5) -> 11.754824 | AC3: =AB3+(($AE3-$Z3)/5) -> 11.829923 | AD3: =AC3+(($AE3-$Z3)/5) -> 11.905023 | AE3: 11.980122 | AF3: =AE3+(($AJ3-$AE3)/5) -> 12.047466 | AG3: =AF3+(($AJ3-$AE3)/5) -> 12.114809 | AH3: =AG3+(($AJ3-$AE3)/5) -> 12.182152 | AI3: =AH3+(($AJ3-$AE3)/5) -> 12.249496 | AJ3: 12.316839 | AK3: 3.8854822 | AL3: 0.69249445
A4: =VLOOKUP(B4,'Country codes'!$A$1:$B$28,2,FALSE) -> BE | B4: Belgium | C4: Reference Scenario 2020 (REF2020) | D4: Passenger Transport activity (Gpkm) | E4: Buses and coaches | F4: 8.4557702 | G4: =F4+(($K4-$F4)/5) -> 9.454863 | H4: =G4+(($K4-$F4)/5) -> 10.453956 | I4: =H4+(($K4-$F4)/5) -> 11.453049 | J4: =I4+(($K4-$F4)/5) -> 12.452141 | K4: 13.451234 | L4: =K4+(($P4-$K4)/5) -> 13.470045 | M4: =L4+(($P4-$K4)/5) -> 13.488857 | N4: =M4+(($P4-$K4)/5) -> 13.507668 | O4: =N4+(($P4-$K4)/5) -> 13.526479 | P4: 13.54529 | Q4: =P4+(($U4-$P4)/5) -> 13.522235 | R4: =Q4+(($U4-$P4)/5) -> 13.499179 | S4: =R4+(($U4-$P4)/5) -> 13.476123 | T4: =S4+(($U4-$P4)/5) -> 13.453067 | U4: 13.430011 | V4: =U4+(($Z4-$U4)/5) -> 13.452278 | W4: =V4+(($Z4-$U4)/5) -> 13.474545 | X4: =W4+(($Z4-$U4)/5) -> 13.496811 | Y4: =X4+(($Z4-$U4)/5) -> 13.519078 | Z4: 13.541344 | AA4: =Z4+(($AE4-$Z4)/5) -> 13.556417 | AB4: =AA4+(($AE4-$Z4)/5) -> 13.57149 | AC4: =AB4+(($AE4-$Z4)/5) -> 13.586563 | AD4: =AC4+(($AE4-$Z4)/5) -> 13.601636 | AE4: 13.616709 | AF4: =AE4+(($AJ4-$AE4)/5) -> 13.62651 | AG4: =AF4+(($AJ4-$AE4)/5) -> 13.636312 | AH4: =AG4+(($AJ4-$AE4)/5) -> 13.646113 | AI4: =AH4+(($AJ4-$AE4)/5) -> 13.655914 | AJ4: 13.665715 | AK4: 4.8246727 | AL4: 0.044265815
A5: =VLOOKUP(B5,'Country codes'!$A$1:$B$28,2,FALSE) -> BG | B5: Bulgaria | C5: Reference Scenario 2020 (REF2020) | D5: Passenger Transport activity (Gpkm) | E5: Buses and coaches | F5: 8.7748494 | G5: =F5+(($K5-$F5)/5) -> 9.2969102 | H5: =G5+(($K5-$F5)/5) -> 9.8189709 | I5: =H5+(($K5-$F5)/5) -> 10.341032 | J5: =I5+(($K5-$F5)/5) -> 10.863092 | K5: 11.385153 | L5: =K5+(($P5-$K5)/5) -> 11.397571 | M5: =L5+(($P5-$K5)/5) -> 11.409988 | N5: =M5+(($P5-$K5)/5) -> 11.422405 | O5: =N5+(($P5-$K5)/5) -> 11.434823 | P5: 11.44724 | Q5: =P5+(($U5-$P5)/5) -> 11.47998 | R5: =Q5+(($U5-$P5)/5) -> 11.51272 | S5: =R5+(($U5-$P5)/5) -> 11.54546 | T5: =S5+(($U5-$P5)/5) -> 11.5782 | U5: 11.61094 | V5: =U5+(($Z5-$U5)/5) -> 11.693867 | W5: =V5+(($Z5-$U5)/5) -> 11.776795 | X5: =W5+(($Z5-$U5)/5) -> 11.859723 | Y5: =X5+(($Z5-$U5)/5) -> 11.94265 | Z5: 12.025578 | AA5: =Z5+(($AE5-$Z5)/5) -> 12.064278 | AB5: =AA5+(($AE5-$Z5)/5) -> 12.102979 | AC5: =AB5+(($AE5-$Z5)/5) -> 12.141679 | AD5: =AC5+(($AE5-$Z5)/5) -> 12.18038 | AE5: 12.21908 | AF5: =AE5+(($AJ5-$AE5)/5) -> 12.243714 | AG5: =AF5+(($AJ5-$AE5)/5) -> 12.268347 | AH5: =AG5+(($AJ5-$AE5)/5) -> 12.29298 | AI5: =AH5+(($AJ5-$AE5)/5) -> 12.317613 | AJ5: 12.342246 | AK5: 2.6942464 | AL5: 0.37710617
A6: =VLOOKUP(B6,'Country codes'!$A$1:$B$28,2,FALSE) -> CY | B6: Cyprus | C6: Reference Scenario 2020 (REF2020) | D6: Passenger Transport activity (Gpkm) | E6: Buses and coaches | F6: 0.99815304 | G6: =F6+(($K6-$F6)/5) -> 1.0869337 | H6: =G6+(($K6-$F6)/5) -> 1.1757144 | I6: =H6+(($K6-$F6)/5) -> 1.2644951 | J6: =I6+(($K6-$F6)/5) -> 1.3532758 | K6: 1.4420565 | L6: =K6+(($P6-$K6)/5) -> 1.451584 | M6: =L6+(($P6-$K6)/5) -> 1.4611114 | N6: =M6+(($P6-$K6)/5) -> 1.4706389 | O6: =N6+(($P6-$K6)/5) -> 1.4801663 | P6: 1.4896937 | Q6: =P6+(($U6-$P6)/5) -> 1.5018409 | R6: =Q6+(($U6-$P6)/5) -> 1.5139881 | S6: =R6+(($U6-$P6)/5) -> 1.5261353 | T6: =S6+(($U6-$P6)/5) -> 1.5382824 | U6: 1.5504296 | V6: =U6+(($Z6-$U6)/5) -> 1.5575316 | W6: =V6+(($Z6-$U6)/5) -> 1.5646336 | X6: =W6+(($Z6-$U6)/5) -> 1.5717356 | Y6: =X6+(($Z6-$U6)/5) -> 1.5788376 | Z6: 1.5859396 | AA6: =Z6+(($AE6-$Z6)/5) -> 1.5998059 | AB6: =AA6+(($AE6-$Z6)/5) -> 1.6136722 | AC6: =AB6+(($AE6-$Z6)/5) -> 1.6275385 | AD6: =AC6+(($AE6-$Z6)/5) -> 1.6414049 | AE6: 1.6552712 | AF6: =AE6+(($AJ6-$AE6)/5) -> 1.6686402 | AG6: =AF6+(($AJ6-$AE6)/5) -> 1.6820092 | AH6: =AG6+(($AJ6-$AE6)/5) -> 1.6953783 | AI6: =AH6+(($AJ6-$AE6)/5) -> 1.7087473 | AJ6: 1.7221163 | AK6: 4.0854409 | AL6: 0.72755084
A7: =VLOOKUP(B7,'Country codes'!$A$1:$B$28,2,FALSE) -> CZ | B7: Czechia | C7: Reference Scenario 2020 (REF2020) | D7: Passenger Transport activity (Gpkm) | E7: Buses and coaches | F7: 14.134839 | G7: =F7+(($K7-$F7)/5) -> 15.073812 | H7: =G7+(($K7-$F7)/5) -> 16.012786 | I7: =H7+(($K7-$F7)/5) -> 16.95176 | J7: =I7+(($K7-$F7)/5) -> 17.890733 | K7: 18.829707 | L7: =K7+(($P7-$K7)/5) -> 19.406418 | M7: =L7+(($P7-$K7)/5) -> 19.983129 | N7: =M7+(($P7-$K7)/5) -> 20.55984 | O7: =N7+(($P7-$K7)/5) -> 21.136551 | P7: 21.713262 | Q7: =P7+(($U7-$P7)/5) -> 21.811922 | R7: =Q7+(($U7-$P7)/5) -> 21.910582 | S7: =R7+(($U7-$P7)/5) -> 22.009242 | T7: =S7+(($U7-$P7)/5) -> 22.107901 | U7: 22.206561 | V7: =U7+(($Z7-$U7)/5) -> 22.405824 | W7: =V7+(($Z7-$U7)/5) -> 22.605087 | X7: =W7+(($Z7-$U7)/5) -> 22.80435 | Y7: =X7+(($Z7-$U7)/5) -> 23.003613 | Z7: 23.202876 | AA7: =Z7+(($AE7-$Z7)/5) -> 23.376649 | AB7: =AA7+(($AE7-$Z7)/5) -> 23.550422 | AC7: =AB7+(($AE7-$Z7)/5) -> 23.724195 | AD7: =AC7+(($AE7-$Z7)/5) -> 23.897967 | AE7: 24.07174 | AF7: =AE7+(($AJ7-$AE7)/5) -> 24.214418 | AG7: =AF7+(($AJ7-$AE7)/5) -> 24.357096 | AH7: =AG7+(($AJ7-$AE7)/5) -> 24.499774 | AI7: =AH7+(($AJ7-$AE7)/5) -> 24.642452 | AJ7: 24.785131 | AK7: 4.3862802 | AL7: 0.66379677
A8: =VLOOKUP(B8,'Country codes'!$A$1:$B$28,2,FALSE) -> DE | B8: Germany | C8: Reference Scenario 2020 (REF2020) | D8: Passenger Transport activity (Gpkm) | E8: Buses and coaches | F8: 51.469981 | G8: =F8+(($K8-$F8)/5) -> 53.929947 | H8: =G8+(($K8-$F8)/5) -> 56.389914 | I8: =H8+(($K8-$F8)/5) -> 58.84988 | J8: =I8+(($K8-$F8)/5) -> 61.309847 | K8: 63.769813 | L8: =K8+(($P8-$K8)/5) -> 64.707826 | M8: =L8+(($P8-$K8)/5) -> 65.645839 | N8: =M8+(($P8-$K8)/5) -> 66.583852 | O8: =N8+(($P8-$K8)/5) -> 67.521864 | P8: 68.459877 | Q8: =P8+(($U8-$P8)/5) -> 68.446436 | R8: =Q8+(($U8-$P8)/5) -> 68.432994 | S8: =R8+(($U8-$P8)/5) -> 68.419553 | T8: =S8+(($U8-$P8)/5) -> 68.406112 | U8: 68.39267 | V8: =U8+(($Z8-$U8)/5) -> 68.834 | W8: =V8+(($Z8-$U8)/5) -> 69.27533 | X8: =W8+(($Z8-$U8)/5) -> 69.71666 | Y8: =X8+(($Z8-$U8)/5) -> 70.15799 | Z8: 70.599319 | AA8: =Z8+(($AE8-$Z8)/5) -> 70.899279 | AB8: =AA8+(($AE8-$Z8)/5) -> 71.199238 | AC8: =AB8+(($AE8-$Z8)/5) -> 71.499198 | AD8: =AC8+(($AE8-$Z8)/5) -> 71.799157 | AE8: 72.099116 | AF8: =AE8+(($AJ8-$AE8)/5) -> 72.167603 | AG8: =AF8+(($AJ8-$AE8)/5) -> 72.236089 | AH8: =AG8+(($AJ8-$AE8)/5) -> 72.304575 | AI8: =AH8+(($AJ8-$AE8)/5) -> 72.373062 | AJ8: 72.441548 | AK8: 2.8935642 | AL8: 0.28306068
A9: =VLOOKUP(B9,'Country codes'!$A$1:$B$28,2,FALSE) -> DK | B9: Denmark | C9: Reference Scenario 2020 (REF2020) | D9: Passenger Transport activity (Gpkm) | E9: Buses and coaches | F9: 6.9601549 | G9: =F9+(($K9-$F9)/5) -> 7.13219 | H9: =G9+(($K9-$F9)/5) -> 7.3042251 | I9: =H9+(($K9-$F9)/5) -> 7.4762601 | J9: =I9+(($K9-$F9)/5) -> 7.6482952 | K9: 7.8203302 | L9: =K9+(($P9-$K9)/5) -> 7.9194407 | M9: =L9+(($P9-$K9)/5) -> 8.0185512 | N9: =M9+(($P9-$K9)/5) -> 8.1176616 | O9: =N9+(($P9-$K9)/5) -> 8.2167721 | P9: 8.3158826 | Q9: =P9+(($U9-$P9)/5) -> 8.3485093 | R9: =Q9+(($U9-$P9)/5) -> 8.3811361 | S9: =R9+(($U9-$P9)/5) -> 8.4137628 | T9: =S9+(($U9-$P9)/5) -> 8.4463896 | U9: 8.4790164 | V9: =U9+(($Z9-$U9)/5) -> 8.5052652 | W9: =V9+(($Z9-$U9)/5) -> 8.5315141 | X9: =W9+(($Z9-$U9)/5) -> 8.557763 | Y9: =X9+(($Z9-$U9)/5) -> 8.5840119 | Z9: 8.6102607 | AA9: =Z9+(($AE9-$Z9)/5) -> 8.635854 | AB9: =AA9+(($AE9-$Z9)/5) -> 8.6614473 | AC9: =AB9+(($AE9-$Z9)/5) -> 8.6870406 | AD9: =AC9+(($AE9-$Z9)/5) -> 8.712634 | AE9: 8.7382273 | AF9: =AE9+(($AJ9-$AE9)/5) -> 8.762344 | AG9: =AF9+(($AJ9-$AE9)/5) -> 8.7864608 | AH9: =AG9+(($AJ9-$AE9)/5) -> 8.8105775 | AI9: =AH9+(($AJ9-$AE9)/5) -> 8.8346943 | AJ9: 8.8588111 | AK9: 1.7955853 | AL9: 0.3167271
A10: =VLOOKUP(B10,'Country codes'!$A$1:$B$28,2,FALSE) -> EE | B10: Estonia | C10: Reference Scenario 2020 (REF2020) | D10: Passenger Transport activity (Gpkm) | E10: Buses and coaches | F10: 2.6579004 | G10: =F10+(($K10-$F10)/5) -> 2.7621203 | H10: =G10+(($K10-$F10)/5) -> 2.8663401 | I10: =H10+(($K10-$F10)/5) -> 2.97056 | J10: =I10+(($K10-$F10)/5) -> 3.0747798 | K10: 3.1789997 | L10: =K10+(($P10-$K10)/5) -> 3.2493215 | M10: =L10+(($P10-$K10)/5) -> 3.3196432 | N10: =M10+(($P10-$K10)/5) -> 3.389965 | O10: =N10+(($P10-$K10)/5) -> 3.4602868 | P10: 3.5306086 | Q10: =P10+(($U10-$P10)/5) -> 3.5712312 | R10: =Q10+(($U10-$P10)/5) -> 3.6118538 | S10: =R10+(($U10-$P10)/5) -> 3.6524764 | T10: =S10+(($U10-$P10)/5) -> 3.693099 | U10: 3.7337216 | V10: =U10+(($Z10-$U10)/5) -> 3.7625663 | W10: =V10+(($Z10-$U10)/5) -> 3.7914111 | X10: =W10+(($Z10-$U10)/5) -> 3.8202558 | Y10: =X10+(($Z10-$U10)/5) -> 3.8491005 | Z10: 3.8779452 | AA10: =Z10+(($AE10-$Z10)/5) -> 3.8955684 | AB10: =AA10+(($AE10-$Z10)/5) -> 3.9131916 | AC10: =AB10+(($AE10-$Z10)/5) -> 3.9308148 | AD10: =AC10+(($AE10-$Z10)/5) -> 3.948438 | AE10: 3.9660612 | AF10: =AE10+(($AJ10-$AE10)/5) -> 3.9811575 | AG10: =AF10+(($AJ10-$AE10)/5) -> 3.9962539 | AH10: =AG10+(($AJ10-$AE10)/5) -> 4.0113503 | AI10: =AH10+(($AJ10-$AE10)/5) -> 4.0264466 | AJ10: 4.041543 | AK10: 2.8800311 | AL10: 0.67807
A11: =VLOOKUP(B11,'Country codes'!$A$1:$B$28,2,FALSE) -> ES | B11: Spain | C11: Reference Scenario 2020 (REF2020) | D11: Passenger Transport activity (Gpkm) | E11: Buses and coaches | F11: 17.726383 | G11: =F11+(($K11-$F11)/5) -> 22.762734 | H11: =G11+(($K11-$F11)/5) -> 27.799085 | I11: =H11+(($K11-$F11)/5) -> 32.835435 | J11: =I11+(($K11-$F11)/5) -> 37.871786 | K11: 42.908137 | L11: =K11+(($P11-$K11)/5) -> 43.244516 | M11: =L11+(($P11-$K11)/5) -> 43.580895 | N11: =M11+(($P11-$K11)/5) -> 43.917274 | O11: =N11+(($P11-$K11)/5) -> 44.253652 | P11: 44.590031 | Q11: =P11+(($U11-$P11)/5) -> 44.92222 | R11: =Q11+(($U11-$P11)/5) -> 45.254409 | S11: =R11+(($U11-$P11)/5) -> 45.586598 | T11: =S11+(($U11-$P11)/5) -> 45.918787 | U11: 46.250976 | V11: =U11+(($Z11-$U11)/5) -> 46.745236 | W11: =V11+(($Z11-$U11)/5) -> 47.239495 | X11: =W11+(($Z11-$U11)/5) -> 47.733755 | Y11: =X11+(($Z11-$U11)/5) -> 48.228014 | Z11: 48.722274 | AA11: =Z11+(($AE11-$Z11)/5) -> 49.202957 | AB11: =AA11+(($AE11-$Z11)/5) -> 49.683641 | AC11: =AB11+(($AE11-$Z11)/5) -> 50.164324 | AD11: =AC11+(($AE11-$Z11)/5) -> 50.645008 | AE11: 51.125691 | AF11: =AE11+(($AJ11-$AE11)/5) -> 51.583946 | AG11: =AF11+(($AJ11-$AE11)/5) -> 52.0422 | AH11: =AG11+(($AJ11-$AE11)/5) -> 52.500455 | AI11: =AH11+(($AJ11-$AE11)/5) -> 52.958709 | AJ11: 53.416964 | AK11: 9.6634148 | AL11: 0.90718037
A12: =VLOOKUP(B12,'Country codes'!$A$1:$B$28,2,FALSE) -> FI | B12: Finland | C12: Reference Scenario 2020 (REF2020) | D12: Passenger Transport activity (Gpkm) | E12: Buses and coaches | F12: 6.9603372 | G12: =F12+(($K12-$F12)/5) -> 7.1891861 | H12: =G12+(($K12-$F12)/5) -> 7.418035 | I12: =H12+(($K12-$F12)/5) -> 7.6468839 | J12: =I12+(($K12-$F12)/5) -> 7.8757328 | K12: 8.1045817 | L12: =K12+(($P12-$K12)/5) -> 8.1860617 | M12: =L12+(($P12-$K12)/5) -> 8.2675417 | N12: =M12+(($P12-$K12)/5) -> 8.3490218 | O12: =N12+(($P12-$K12)/5) -> 8.4305018 | P12: 8.5119818 | Q12: =P12+(($U12-$P12)/5) -> 8.5385865 | R12: =Q12+(($U12-$P12)/5) -> 8.5651912 | S12: =R12+(($U12-$P12)/5) -> 8.5917958 | T12: =S12+(($U12-$P12)/5) -> 8.6184005 | U12: 8.6450052 | V12: =U12+(($Z12-$U12)/5) -> 8.6808252 | W12: =V12+(($Z12-$U12)/5) -> 8.7166452 | X12: =W12+(($Z12-$U12)/5) -> 8.7524652 | Y12: =X12+(($Z12-$U12)/5) -> 8.7882853 | Z12: 8.8241053 | AA12: =Z12+(($AE12-$Z12)/5) -> 8.8367596 | AB12: =AA12+(($AE12-$Z12)/5) -> 8.8494139 | AC12: =AB12+(($AE12-$Z12)/5) -> 8.8620682 | AD12: =AC12+(($AE12-$Z12)/5) -> 8.8747225 | AE12: 8.8873769 | AF12: =AE12+(($AJ12-$AE12)/5) -> 8.8979901 | AG12: =AF12+(($AJ12-$AE12)/5) -> 8.9086033 | AH12: =AG12+(($AJ12-$AE12)/5) -> 8.9192166 | AI12: =AH12+(($AJ12-$AE12)/5) -> 8.9298298 | AJ12: 8.940443 | AK12: 2.0328554 | AL12: 0.24585347
A13: =VLOOKUP(B13,'Country codes'!$A$1:$B$28,2,FALSE) -> FR | B13: France | C13: Reference Scenario 2020 (REF2020) | D13: Passenger Transport activity (Gpkm) | E13: Buses and coaches | F13: 27.118644 | G13: =F13+(($K13-$F13)/5) -> 31.840448 | H13: =G13+(($K13-$F13)/5) -> 36.562252 | I13: =H13+(($K13-$F13)/5) -> 41.284056 | J13: =I13+(($K13-$F13)/5) -> 46.00586 | K13: 50.727664 | L13: =K13+(($P13-$K13)/5) -> 50.966192 | M13: =L13+(($P13-$K13)/5) -> 51.204721 | N13: =M13+(($P13-$K13)/5) -> 51.443249 | O13: =N13+(($P13-$K13)/5) -> 51.681778 | P13: 51.920306 | Q13: =P13+(($U13-$P13)/5) -> 51.906047 | R13: =Q13+(($U13-$P13)/5) -> 51.891787 | S13: =R13+(($U13-$P13)/5) -> 51.877527 | T13: =S13+(($U13-$P13)/5) -> 51.863268 | U13: 51.849008 | V13: =U13+(($Z13-$U13)/5) -> 52.023302 | W13: =V13+(($Z13-$U13)/5) -> 52.197597 | X13: =W13+(($Z13-$U13)/5) -> 52.371891 | Y13: =X13+(($Z13-$U13)/5) -> 52.546185 | Z13: 52.72048 | AA13: =Z13+(($AE13-$Z13)/5) -> 52.953167 | AB13: =AA13+(($AE13-$Z13)/5) -> 53.185855 | AC13: =AB13+(($AE13-$Z13)/5) -> 53.418543 | AD13: =AC13+(($AE13-$Z13)/5) -> 53.651231 | AE13: 53.883918 | AF13: =AE13+(($AJ13-$AE13)/5) -> 54.05316 | AG13: =AF13+(($AJ13-$AE13)/5) -> 54.222401 | AH13: =AG13+(($AJ13-$AE13)/5) -> 54.391643 | AI13: =AH13+(($AJ13-$AE13)/5) -> 54.560884 | AJ13: 54.730126 | AK13: 6.7104442 | AL13: 0.26386917
A14: =VLOOKUP(B14,'Country codes'!$A$1:$B$28,2,FALSE) -> GR | B14: Greece | C14: Reference Scenario 2020 (REF2020) | D14: Passenger Transport activity (Gpkm) | E14: Buses and coaches | F14: 15.610714 | G14: =F14+(($K14-$F14)/5) -> 16.621124 | H14: =G14+(($K14-$F14)/5) -> 17.631534 | I14: =H14+(($K14-$F14)/5) -> 18.641944 | J14: =I14+(($K14-$F14)/5) -> 19.652354 | K14: 20.662764 | L14: =K14+(($P14-$K14)/5) -> 20.877095 | M14: =L14+(($P14-$K14)/5) -> 21.091426 | N14: =M14+(($P14-$K14)/5) -> 21.305757 | O14: =N14+(($P14-$K14)/5) -> 21.520088 | P14: 21.734419 | Q14: =P14+(($U14-$P14)/5) -> 21.830324 | R14: =Q14+(($U14-$P14)/5) -> 21.926229 | S14: =R14+(($U14-$P14)/5) -> 22.022133 | T14: =S14+(($U14-$P14)/5) -> 22.118038 | U14: 22.213942 | V14: =U14+(($Z14-$U14)/5) -> 22.477195 | W14: =V14+(($Z14-$U14)/5) -> 22.740448 | X14: =W14+(($Z14-$U14)/5) -> 23.003701 | Y14: =X14+(($Z14-$U14)/5) -> 23.266954 | Z14: 23.530206 | AA14: =Z14+(($AE14-$Z14)/5) -> 23.62592 | AB14: =AA14+(($AE14-$Z14)/5) -> 23.721634 | AC14: =AB14+(($AE14-$Z14)/5) -> 23.817348 | AD14: =AC14+(($AE14-$Z14)/5) -> 23.913062 | AE14: 24.008776 | AF14: =AE14+(($AJ14-$AE14)/5) -> 24.040431 | AG14: =AF14+(($AJ14-$AE14)/5) -> 24.072086 | AH14: =AG14+(($AJ14-$AE14)/5) -> 24.10374 | AI14: =AH14+(($AJ14-$AE14)/5) -> 24.135395 | AJ14: 24.16705 | AK14: 3.3647667 | AL14: 0.53187437
... A29: =VLOOKUP(B29,'Country codes'!$A$1:$B$28,2,FALSE) -> SK | B29: Slovakia | C29: Reference Scenario 2020 (REF2020) | D29: Passenger Transport activity (Gpkm) | E29: Buses and coaches | F29: 4.5222415 | G29: =F29+(($K29-$F29)/5) -> 4.8404409 | H29: =G29+(($K29-$F29)/5) -> 5.1586403 | I29: =H29+(($K29-$F29)/5) -> 5.4768397 | J29: =I29+(($K29-$F29)/5) -> 5.7950391 | K29: 6.1132384 | L29: =K29+(($P29-$K29)/5) -> 6.2427484 | M29: =L29+(($P29-$K29)/5) -> 6.3722583 | N29: =M29+(($P29-$K29)/5) -> 6.5017683 | O29: =N29+(($P29-$K29)/5) -> 6.6312783 | P29: 6.7607882 | Q29: =P29+(($U29-$P29)/5) -> 6.8096149 | R29: =Q29+(($U29-$P29)/5) -> 6.8584416 | S29: =R29+(($U29-$P29)/5) -> 6.9072683 | T29: =S29+(($U29-$P29)/5) -> 6.956095 | U29: 7.0049217 | V29: =U29+(($Z29-$U29)/5) -> 7.0906466 | W29: =V29+(($Z29-$U29)/5) -> 7.1763716 | X29: =W29+(($Z29-$U29)/5) -> 7.2620965 | Y29: =X29+(($Z29-$U29)/5) -> 7.3478214 | Z29: 7.4335464 | AA29: =Z29+(($AE29-$Z29)/5) -> 7.4672966 | AB29: =AA29+(($AE29-$Z29)/5) -> 7.5010469 | AC29: =AB29+(($AE29-$Z29)/5) -> 7.5347972 | AD29: =AC29+(($AE29-$Z29)/5) -> 7.5685475 | AE29: 7.6022977 | AF29: =AE29+(($AJ29-$AE29)/5) -> 7.6228141 | AG29: =AF29+(($AJ29-$AE29)/5) -> 7.6433304 | AH29: =AG29+(($AJ29-$AE29)/5) -> 7.6638468 | AI29: =AH29+(($AJ29-$AE29)/5) -> 7.6843631 | AJ29: 7.7048795 | AK29: 4.1032667 | AL29: 0.65571217

Sheet Passenger cars
A1: Source: JRC-IDEES 2021
A2: Passenger activity (Gveh-km)
A3: Country | B3: TECHNOLOGY | C3: 2018 | D3: 2019 | E3: 2020 | F3: 2021
A4: =LEFT(B4,2) -> AT | B4: ATEPTGSLVP00 | C4: 20.588355 | D4: 20.39351 | E4: 18.398723 | F4: 19.384641
A5: =LEFT(B5,2) -> AT | B5: ATEPTDSLVP00 | C5: 43.845246 | D5: 41.948177 | E5: 37.593802 | F5: 38.268939
A6: =LEFT(B6,2) -> AT | B6: ATEPTNGSVP00 | C6: 0.072901037 | D6: 0.071712921 | E6: 0.063128695 | F6: 0.062015322
A7: =LEFT(B7,2) -> AT | B7: ATEPTLPGVP00 | C7: 0.07363282 | D7: 0.053981466 | E7: 0.033488922 | F7: 0.033846471
A8: =LEFT(B8,2) -> AT | B8: ATEPTDSLVPHB | C8: 0.035139727 | D8: 0.089080544 | E8: 0.18604674 | F8: 0.36949933
A9: =LEFT(B9,2) -> AT | B9: ATEPTGSLVPHB | C9: 0.27562872 | D9: 0.35479063 | E9: 0.45654059 | F9: 0.72152407
A10: =LEFT(B10,2) -> AT | B10: ATEPTGSLVPPH | C10: 0.064415996 | D10: 0.087381031 | E10: 0.1483365 | F10: 0.29600542
A11: =LEFT(B11,2) -> AT | B11: ATEPTELCVPBT | C11: 0.31194983 | D11: 0.44189342 | E11: 0.57826772 | F11: 1.1380044
A12: =LEFT(B12,2) -> AT | B12: ATEPTHY2VPFC | C12: 0 | D12: 0 | E12: 0 | F12: 0
A13: =LEFT(B13,2) -> BG | B13: BGEPTGSLVP00 | C13: 6.2594925 | D13: 6.3171362 | E13: 6.1412191 | F13: 6.7090343
A14: =LEFT(B14,2) -> BG | B14: BGEPTDSLVP00 | C14: 18.140397 | D14: 19.318801 | E14: 18.976009 | F14: 21.532247
A15: =LEFT(B15,2) -> BG | B15: BGEPTNGSVP00 | C15: 0.76490588 | D15: 0.81575758 | E15: 0.83464014 | F15: 0.81640378
... A246: =LEFT(B246,2) -> SE | B246: SEEPTHY2VPFC | C246: 0 | D246: 0 | E246: 0 | F246: 0
A248: Demand projections (Gveh-km)
A249: Country | B249: 2018 | C249: 2019 | D249: 2020 | E249: 2021 | F249: 2022 | G249: 2023 | H249: 2024 | I249: 2025 | J249: 2026 | K249: 2027 | L249: 2028 | M249: 2029 | N249: 2030 | O249: 2031 | P249: 2032 | Q249: 2033 | R249: 2034 | S249: 2035 | T249: 2036 | U249: 2037 | V249: 2038 | W249: 2039 | X249: 2040 | Y249: 2041 | Z249: 2042 | AA249: 2043 | AB249: 2044 | AC249: 2045 | AD249: 2046 | AE249: 2047 | AF249: 2048 | AG249: 2049 | AH249: 2050 | AI249: 2051 | AJ249: 2052 | AK249: 2053 | AL249: 2054 | AM249: 2055 | AN249: 2056 | AO249: 2057 | AP249: 2058 | AQ249: 2059 | AR249: 2060 | AS249: 2061 | AT249: 2062 | AU249: 2063 | AV249: 2064 | AW249: 2065 | AX249: 2066 | AY249: 2067 | AZ249: 2068 | BA249: 2069 | BB249: 2070
A250: AT | B250: 65.26727 | C250: 63.440527 | D250: 57.458335 | E250: 60.274475 | F250: =E250*('Passenger cars EU Ref'!H3/'Passenger cars EU Ref'!G3) -> 62.753026 | G250: =F250*('Passenger cars EU Ref'!I3/'Passenger cars EU Ref'!H3) -> 65.231576 | H250: =G250*('Passenger cars EU Ref'!J3/'Passenger cars EU Ref'!I3) -> 67.710127 | I250: =H250*('Passenger cars EU Ref'!K3/'Passenger cars EU Ref'!J3) -> 70.188678 | J250: =I250*('Passenger cars EU Ref'!L3/'Passenger cars EU Ref'!K3) -> 70.950277 | K250: =J250*('Passenger cars EU Ref'!M3/'Passenger cars EU Ref'!L3) -> 71.711876 | L250: =K250*('Passenger cars EU Ref'!N3/'Passenger cars EU Ref'!M3) -> 72.473476 | M250: =L250*('Passenger cars EU Ref'!O3/'Passenger cars EU Ref'!N3) -> 73.235075 | ... AH250: =AG250*('Passenger cars EU Ref'!AJ3/'Passenger cars EU Ref'!AI3) -> 80.715303 | AI250: =AH250 -> 80.715303 | AJ250: =AI250 -> 80.715303 | AK250: =AJ250 -> 80.715303 | AL250: =AK250 -> 80.715303 | AM250: =AL250 -> 80.715303 | AN250: =AM250 -> 80.715303 | AO250: =AN250 -> 80.715303 | AP250: =AO250 -> 80.715303 | ... BB250: =BA250 -> 80.715303
A251: BE | B251: 87.727873 | C251: 86.933117 | D251: 74.638905 | E251: 78.262958 | F251: =E251*('Passenger cars EU Ref'!H4/'Passenger cars EU Ref'!G4) -> 80.390816 | G251: =F251*('Passenger cars EU Ref'!I4/'Passenger cars EU Ref'!H4) -> 82.518673 | H251: =G251*('Passenger cars EU Ref'!J4/'Passenger cars EU Ref'!I4) -> 84.64653 | I251: =H251*('Passenger cars EU Ref'!K4/'Passenger cars EU Ref'!J4) -> 86.774387 | J251: =I251*('Passenger cars EU Ref'!L4/'Passenger cars EU Ref'!K4) -> 87.40419 | K251: =J251*('Passenger cars EU Ref'!M4/'Passenger cars EU Ref'!L4) -> 88.033994 | L251: =K251*('Passenger cars EU Ref'!N4/'Passenger cars EU Ref'!M4) -> 88.663797 | M251: =L251*('Passenger cars EU Ref'!O4/'Passenger cars EU Ref'!N4) -> 89.293601 | ... AH251: =AG251*('Passenger cars EU Ref'!AJ4/'Passenger cars EU Ref'!AI4) -> 94.199526 | AI251: =AH251 -> 94.199526 | AJ251: =AI251 -> 94.199526 | AK251: =AJ251 -> 94.199526 | AL251: =AK251 -> 94.199526 | AM251: =AL251 -> 94.199526 | AN251: =AM251 -> 94.199526 | AO251: =AN251 -> 94.199526 | AP251: =AO251 -> 94.199526 | ... BB251: =BA251 -> 94.199526
A252: BG | B252: 31.528346 | C252: 32.626025 | D252: 31.629519 | E252: 34.963436 | F252: =E252*('Passenger cars EU Ref'!H5/'Passenger cars EU Ref'!G5) -> 35.881205 | G252: =F252*('Passenger cars EU Ref'!I5/'Passenger cars EU Ref'!H5) -> 36.798975 | H252: =G252*('Passenger cars EU Ref'!J5/'Passenger cars EU Ref'!I5) -> 37.716744 | I252: =H252*('Passenger cars EU Ref'!K5/'Passenger cars EU Ref'!J5) -> 38.634514 | J252: =I252*('Passenger cars EU Ref'!L5/'Passenger cars EU Ref'!K5) -> 39.223127 | K252: =J252*('Passenger cars EU Ref'!M5/'Passenger cars EU Ref'!L5) -> 39.81174 | L252: =K252*('Passenger cars EU Ref'!N5/'Passenger cars EU Ref'!M5) -> 40.400354 | M252: =L252*('Passenger cars EU Ref'!O5/'Passenger cars EU Ref'!N5) -> 40.988967 | ... AH252: =AG252*('Passenger cars EU Ref'!AJ5/'Passenger cars EU Ref'!AI5) -> 45.500385 | AI252: =AH252 -> 45.500385 | AJ252: =AI252 -> 45.500385 | AK252: =AJ252 -> 45.500385 | AL252: =AK252 -> 45.500385 | AM252: =AL252 -> 45.500385 | AN252: =AM252 -> 45.500385 | AO252: =AN252 -> 45.500385 | AP252: =AO252 -> 45.500385 | ... BB252: =BA252 -> 45.500385
A253: CY | B253: 6.1879352 | C253: 6.4227633 | D253: 5.937099 | E253: 6.1002852 | F253: =E253*('Passenger cars EU Ref'!H6/'Passenger cars EU Ref'!G6) -> 6.4186009 | G253: =F253*('Passenger cars EU Ref'!I6/'Passenger cars EU Ref'!H6) -> 6.7369166 | H253: =G253*('Passenger cars EU Ref'!J6/'Passenger cars EU Ref'!I6) -> 7.0552323 | I253: =H253*('Passenger cars EU Ref'!K6/'Passenger cars EU Ref'!J6) -> 7.373548 | J253: =I253*('Passenger cars EU Ref'!L6/'Passenger cars EU Ref'!K6) -> 7.5917136 | K253: =J253*('Passenger cars EU Ref'!M6/'Passenger cars EU Ref'!L6) -> 7.8098792 | L253: =K253*('Passenger cars EU Ref'!N6/'Passenger cars EU Ref'!M6) -> 8.0280448 | M253: =L253*('Passenger cars EU Ref'!O6/'Passenger cars EU Ref'!N6) -> 8.2462104 | ... AH253: =AG253*('Passenger cars EU Ref'!AJ6/'Passenger cars EU Ref'!AI6) -> 10.512319 | AI253: =AH253 -> 10.512319 | AJ253: =AI253 -> 10.512319 | AK253: =AJ253 -> 10.512319 | AL253: =AK253 -> 10.512319 | AM253: =AL253 -> 10.512319 | AN253: =AM253 -> 10.512319 | AO253: =AN253 -> 10.512319 | AP253: =AO253 -> 10.512319 | ... BB253: =BA253 -> 10.512319
A254: CZ | B254: 57.267208 | C254: 59.490438 | D254: 57.707178 | E254: 63.680661 | F254: =E254*('Passenger cars EU Ref'!H7/'Passenger cars EU Ref'!G7) -> 65.763573 | G254: =F254*('Passenger cars EU Ref'!I7/'Passenger cars EU Ref'!H7) -> 67.846484 | H254: =G254*('Passenger cars EU Ref'!J7/'Passenger cars EU Ref'!I7) -> 69.929395 | I254: =H254*('Passenger cars EU Ref'!K7/'Passenger cars EU Ref'!J7) -> 72.012306 | J254: =I254*('Passenger cars EU Ref'!L7/'Passenger cars EU Ref'!K7) -> 73.693256 | K254: =J254*('Passenger cars EU Ref'!M7/'Passenger cars EU Ref'!L7) -> 75.374205 | L254: =K254*('Passenger cars EU Ref'!N7/'Passenger cars EU Ref'!M7) -> 77.055154 | M254: =L254*('Passenger cars EU Ref'!O7/'Passenger cars EU Ref'!N7) -> 78.736103 | ... AH254: =AG254*('Passenger cars EU Ref'!AJ7/'Passenger cars EU Ref'!AI7) -> 99.001381 | AI254: =AH254 -> 99.001381 | AJ254: =AI254 -> 99.001381 | AK254: =AJ254 -> 99.001381 | AL254: =AK254 -> 99.001381 | AM254: =AL254 -> 99.001381 | AN254: =AM254 -> 99.001381 | AO254: =AN254 -> 99.001381 | AP254: =AO254 -> 99.001381 | ... BB254: =BA254 -> 99.001381
A255: DE | B255: 533.14506 | C255: 538.94233 | D255: 481.54875 | E255: 484.59404 | F255: =E255*('Passenger cars EU Ref'!H8/'Passenger cars EU Ref'!G8) -> 490.66987 | G255: =F255*('Passenger cars EU Ref'!I8/'Passenger cars EU Ref'!H8) -> 496.74569 | H255: =G255*('Passenger cars EU Ref'!J8/'Passenger cars EU Ref'!I8) -> 502.82151 | I255: =H255*('Passenger cars EU Ref'!K8/'Passenger cars EU Ref'!J8) -> 508.89733 | J255: =I255*('Passenger cars EU Ref'!L8/'Passenger cars EU Ref'!K8) -> 515.7518 | K255: =J255*('Passenger cars EU Ref'!M8/'Passenger cars EU Ref'!L8) -> 522.60628 | L255: =K255*('Passenger cars EU Ref'!N8/'Passenger cars EU Ref'!M8) -> 529.46075 | M255: =L255*('Passenger cars EU Ref'!O8/'Passenger cars EU Ref'!N8) -> 536.31522 | ... AH255: =AG255*('Passenger cars EU Ref'!AJ8/'Passenger cars EU Ref'!AI8) -> 553.17542 | AI255: =AH255 -> 553.17542 | AJ255: =AI255 -> 553.17542 | AK255: =AJ255 -> 553.17542 | AL255: =AK255 -> 553.17542 | AM255: =AL255 -> 553.17542 | AN255: =AM255 -> 553.17542 | AO255: =AN255 -> 553.17542 | AP255: =AO255 -> 553.17542 | ... BB255: =BA255 -> 553.17542
A256: DK | B256: 39.168912 | C256: 39.87045 | D256: 37.402046 | E256: 39.118343 | F256: =E256*('Passenger cars EU Ref'!H9/'Passenger cars EU Ref'!G9) -> 39.879646 | G256: =F256*('Passenger cars EU Ref'!I9/'Passenger cars EU Ref'!H9) -> 40.64095 | H256: =G256*('Passenger cars EU Ref'!J9/'Passenger cars EU Ref'!I9) -> 41.402254 | I256: =H256*('Passenger cars EU Ref'!K9/'Passenger cars EU Ref'!J9) -> 42.163558 | J256: =I256*('Passenger cars EU Ref'!L9/'Passenger cars EU Ref'!K9) -> 42.793901 | K256: =J256*('Passenger cars EU Ref'!M9/'Passenger cars EU Ref'!L9) -> 43.424245 | L256: =K256*('Passenger cars EU Ref'!N9/'Passenger cars EU Ref'!M9) -> 44.054589 | M256: =L256*('Passenger cars EU Ref'!O9/'Passenger cars EU Ref'!N9) -> 44.684933 | ... AH256: =AG256*('Passenger cars EU Ref'!AJ9/'Passenger cars EU Ref'!AI9) -> 48.26408 | AI256: =AH256 -> 48.26408 | AJ256: =AI256 -> 48.26408 | AK256: =AJ256 -> 48.26408 | AL256: =AK256 -> 48.26408 | AM256: =AL256 -> 48.26408 | AN256: =AM256 -> 48.26408 | AO256: =AN256 -> 48.26408 | AP256: =AO256 -> 48.26408 | ... BB256: =BA256 -> 48.26408
A257: EE | B257: 7.7970738 | C257: 8.0535158 | D257: 7.8291595 | E257: 8.066945 | F257: =E257*('Passenger cars EU Ref'!H10/'Passenger cars EU Ref'!G10) -> 8.2317822 | G257: =F257*('Passenger cars EU Ref'!I10/'Passenger cars EU Ref'!H10) -> 8.3966193 | H257: =G257*('Passenger cars EU Ref'!J10/'Passenger cars EU Ref'!I10) -> 8.5614565 | I257: =H257*('Passenger cars EU Ref'!K10/'Passenger cars EU Ref'!J10) -> 8.7262936 | J257: =I257*('Passenger cars EU Ref'!L10/'Passenger cars EU Ref'!K10) -> 8.8987612 | K257: =J257*('Passenger cars EU Ref'!M10/'Passenger cars EU Ref'!L10) -> 9.0712288 | L257: =K257*('Passenger cars EU Ref'!N10/'Passenger cars EU Ref'!M10) -> 9.2436964 | M257: =L257*('Passenger cars EU Ref'!O10/'Passenger cars EU Ref'!N10) -> 9.4161639 | ... AH257: =AG257*('Passenger cars EU Ref'!AJ10/'Passenger cars EU Ref'!AI10) -> 11.029854 | AI257: =AH257 -> 11.029854 | AJ257: =AI257 -> 11.029854 | AK257: =AJ257 -> 11.029854 | AL257: =AK257 -> 11.029854 | AM257: =AL257 -> 11.029854 | AN257: =AM257 -> 11.029854 | AO257: =AN257 -> 11.029854 | AP257: =AO257 -> 11.029854 | ... BB257: =BA257 -> 11.029854
A258: ES | B258: 254.67255 | C258: 274.90666 | D258: 223.54686 | E258: 232.90644 | F258: =E258*('Passenger cars EU Ref'!H11/'Passenger cars EU Ref'!G11) -> 252.2675 | G258: =F258*('Passenger cars EU Ref'!I11/'Passenger cars EU Ref'!H11) -> 271.62855 | H258: =G258*('Passenger cars EU Ref'!J11/'Passenger cars EU Ref'!I11) -> 290.9896 | I258: =H258*('Passenger cars EU Ref'!K11/'Passenger cars EU Ref'!J11) -> 310.35065 | J258: =I258*('Passenger cars EU Ref'!L11/'Passenger cars EU Ref'!K11) -> 314.39067 | K258: =J258*('Passenger cars EU Ref'!M11/'Passenger cars EU Ref'!L11) -> 318.43068 | L258: =K258*('Passenger cars EU Ref'!N11/'Passenger cars EU Ref'!M11) -> 322.4707 | M258: =L258*('Passenger cars EU Ref'!O11/'Passenger cars EU Ref'!N11) -> 326.51071 | ... AH258: =AG258*('Passenger cars EU Ref'!AJ11/'Passenger cars EU Ref'!AI11) -> 416.18747 | AI258: =AH258 -> 416.18747 | AJ258: =AI258 -> 416.18747 | AK258: =AJ258 -> 416.18747 | AL258: =AK258 -> 416.18747 | AM258: =AL258 -> 416.18747 | AN258: =AM258 -> 416.18747 | AO258: =AN258 -> 416.18747 | AP258: =AO258 -> 416.18747 | ... BB258: =BA258 -> 416.18747
A259: FI | B259: 40.718 | C259: 40.718 | D259: 39.170184 | E259: 38.771 | F259: =E259*('Passenger cars EU Ref'!H12/'Passenger cars EU Ref'!G12) -> 39.266487 | G259: =F259*('Passenger cars EU Ref'!I12/'Passenger cars EU Ref'!H12) -> 39.761974 | H259: =G259*('Passenger cars EU Ref'!J12/'Passenger cars EU Ref'!I12) -> 40.257461 | I259: =H259*('Passenger cars EU Ref'!K12/'Passenger cars EU Ref'!J12) -> 40.752948 | J259: =I259*('Passenger cars EU Ref'!L12/'Passenger cars EU Ref'!K12) -> 40.904215 | K259: =J259*('Passenger cars EU Ref'!M12/'Passenger cars EU Ref'!L12) -> 41.055483 | L259: =K259*('Passenger cars EU Ref'!N12/'Passenger cars EU Ref'!M12) -> 41.20675 | M259: =L259*('Passenger cars EU Ref'!O12/'Passenger cars EU Ref'!N12) -> 41.358017 | ... AH259: =AG259*('Passenger cars EU Ref'!AJ12/'Passenger cars EU Ref'!AI12) -> 41.940127 | AI259: =AH259 -> 41.940127 | AJ259: =AI259 -> 41.940127 | AK259: =AJ259 -> 41.940127 | AL259: =AK259 -> 41.940127 | AM259: =AL259 -> 41.940127 | AN259: =AM259 -> 41.940127 | AO259: =AN259 -> 41.940127 | AP259: =AO259 -> 41.940127 | ... BB259: =BA259 -> 41.940127
A260: FR | B260: 416.59009 | C260: 425.86864 | D260: 357.17176 | E260: 408.64946 | F260: =E260*('Passenger cars EU Ref'!H13/'Passenger cars EU Ref'!G13) -> 433.5686 | G260: =F260*('Passenger cars EU Ref'!I13/'Passenger cars EU Ref'!H13) -> 458.48775 | H260: =G260*('Passenger cars EU Ref'!J13/'Passenger cars EU Ref'!I13) -> 483.4069 | I260: =H260*('Passenger cars EU Ref'!K13/'Passenger cars EU Ref'!J13) -> 508.32604 | J260: =I260*('Passenger cars EU Ref'!L13/'Passenger cars EU Ref'!K13) -> 511.68564 | K260: =J260*('Passenger cars EU Ref'!M13/'Passenger cars EU Ref'!L13) -> 515.04523 | L260: =K260*('Passenger cars EU Ref'!N13/'Passenger cars EU Ref'!M13) -> 518.40482 | M260: =L260*('Passenger cars EU Ref'!O13/'Passenger cars EU Ref'!N13) -> 521.76442 | ... AH260: =AG260*('Passenger cars EU Ref'!AJ13/'Passenger cars EU Ref'!AI13) -> 571.20099 | AI260: =AH260 -> 571.20099 | AJ260: =AI260 -> 571.20099 | AK260: =AJ260 -> 571.20099 | AL260: =AK260 -> 571.20099 | AM260: =AL260 -> 571.20099 | AN260: =AM260 -> 571.20099 | AO260: =AN260 -> 571.20099 | AP260: =AO260 -> 571.20099 | ... BB260: =BA260 -> 571.20099
A261: GR | B261: 42.110363 | C261: 42.966749 | D261: 39.952169 | E261: 40.908732 | F261: =E261*('Passenger cars EU Ref'!H14/'Passenger cars EU Ref'!G14) -> 42.053895 | G261: =F261*('Passenger cars EU Ref'!I14/'Passenger cars EU Ref'!H14) -> 43.199059 | H261: =G261*('Passenger cars EU Ref'!J14/'Passenger cars EU Ref'!I14) -> 44.344222 | I261: =H261*('Passenger cars EU Ref'!K14/'Passenger cars EU Ref'!J14) -> 45.489385 | J261: =I261*('Passenger cars EU Ref'!L14/'Passenger cars EU Ref'!K14) -> 45.947852 | K261: =J261*('Passenger cars EU Ref'!M14/'Passenger cars EU Ref'!L14) -> 46.406318 | L261: =K261*('Passenger cars EU Ref'!N14/'Passenger cars EU Ref'!M14) -> 46.864784 | M261: =L261*('Passenger cars EU Ref'!O14/'Passenger cars EU Ref'!N14) -> 47.32325 | ... AH261: =AG261*('Passenger cars EU Ref'!AJ14/'Passenger cars EU Ref'!AI14) -> 49.70193 | AI261: =AH261 -> 49.70193 | AJ261: =AI261 -> 49.70193 | AK261: =AJ261 -> 49.70193 | AL261: =AK261 -> 49.70193 | AM261: =AL261 -> 49.70193 | AN261: =AM261 -> 49.70193 | AO261: =AN261 -> 49.70193 | AP261: =AO261 -> 49.70193 | ... BB261: =BA261 -> 49.70193
... A276: SK | B276: 15.527162 | C276: 15.546006 | D276: 14.391781 | E276: 14.732507 | F276: =E276*('Passenger cars EU Ref'!H29/'Passenger cars EU Ref'!G29) -> 15.349864 | G276: =F276*('Passenger cars EU Ref'!I29/'Passenger cars EU Ref'!H29) -> 15.967221 | H276: =G276*('Passenger cars EU Ref'!J29/'Passenger cars EU Ref'!I29) -> 16.584579 | I276: =H276*('Passenger cars EU Ref'!K29/'Passenger cars EU Ref'!J29) -> 17.201936 | J276: =I276*('Passenger cars EU Ref'!L29/'Passenger cars EU Ref'!K29) -> 17.784854 | K276: =J276*('Passenger cars EU Ref'!M29/'Passenger cars EU Ref'!L29) -> 18.367771 | L276: =K276*('Passenger cars EU Ref'!N29/'Passenger cars EU Ref'!M29) -> 18.950689 | M276: =L276*('Passenger cars EU Ref'!O29/'Passenger cars EU Ref'!N29) -> 19.533607 | ... AH276: =AG276*('Passenger cars EU Ref'!AJ29/'Passenger cars EU Ref'!AI29) -> 23.576833 | AI276: =AH276 -> 23.576833 | AJ276: =AI276 -> 23.576833 | AK276: =AJ276 -> 23.576833 | AL276: =AK276 -> 23.576833 | AM276: =AL276 -> 23.576833 | AN276: =AM276 -> 23.576833 | AO276: =AN276 -> 23.576833 | AP276: =AO276 -> 23.576833 | ... BB276: =BA276 -> 23.576833
A277: Grand Total | B277: 2593.6863 | C277: 2651.5191 | D277: 2317.824 | E277: 2423.9573 | F277: =SUM(F250:F276) -> 2533.0266 | G277: =SUM(G250:G276) -> 2642.0958 | H277: =SUM(H250:H276) -> 2751.1651 | I277: =SUM(I250:I276) -> 2860.2343 | J277: =SUM(J250:J276) -> 2896.5807 | K277: =SUM(K250:K276) -> 2932.9271 | L277: =SUM(L250:L276) -> 2969.2735 | M277: =SUM(M250:M276) -> 3005.6198 | ... AH277: =SUM(AH250:AH276) -> 3412.8996 | AI277: =AH277 -> 3412.8996 | AJ277: =AI277 -> 3412.8996 | AK277: =AJ277 -> 3412.8996 | AL277: =AK277 -> 3412.8996 | AM277: =AL277 -> 3412.8996 | AN277: =AM277 -> 3412.8996 | AO277: =AN277 -> 3412.8996 | AP277: =AO277 -> 3412.8996 | ... BB277: =BA277 -> 3412.8996

Sheet Passenger cars EU Ref
A1: Source: interpolation from EU Reference Scenario 2020 projections
A2: country | B2: YEAR | F2: 2020 | G2: 2021 | H2: 2022 | I2: 2023 | J2: 2024 | K2: 2025 | L2: 2026 | M2: 2027 | N2: 2028 | O2: 2029 | P2: 2030 | Q2: 2031 | R2: 2032 | S2: 2033 | T2: 2034 | U2: 2035 | V2: 2036 | W2: 2037 | X2: 2038 | Y2: 2039 | Z2: 2040 | AA2: 2041 | AB2: 2042 | AC2: 2043 | AD2: 2044 | AE2: 2045 | AF2: 2046 | AG2: 2047 | AH2: 2048 | AI2: 2049 | AJ2: 2050 | AK2: '20-'30 | AL2: '30-'50
A3: =VLOOKUP(B3,'Country codes'!$A$1:$B$28,2,FALSE) -> AT | B3: Austria | C3: Reference Scenario 2020 (REF2020) | D3: Passenger Transport activity (Gpkm) | E3: Passenger cars | F3: 70.041283 | G3: =F3+(($K3-$F3)/5) -> 73.04497 | H3: =G3+(($K3-$F3)/5) -> 76.048657 | I3: =H3+(($K3-$F3)/5) -> 79.052344 | J3: =I3+(($K3-$F3)/5) -> 82.056031 | K3: 85.059718 | L3: =K3+(($P3-$K3)/5) -> 85.982679 | M3: =L3+(($P3-$K3)/5) -> 86.905641 | N3: =M3+(($P3-$K3)/5) -> 87.828602 | O3: =N3+(($P3-$K3)/5) -> 88.751563 | P3: 89.674524 | Q3: =P3+(($U3-$P3)/5) -> 89.943704 | R3: =Q3+(($U3-$P3)/5) -> 90.212885 | S3: =R3+(($U3-$P3)/5) -> 90.482065 | T3: =S3+(($U3-$P3)/5) -> 90.751245 | U3: 91.020425 | V3: =U3+(($Z3-$U3)/5) -> 91.537832 | W3: =V3+(($Z3-$U3)/5) -> 92.055238 | X3: =W3+(($Z3-$U3)/5) -> 92.572644 | Y3: =X3+(($Z3-$U3)/5) -> 93.09005 | Z3: 93.607456 | AA3: =Z3+(($AE3-$Z3)/5) -> 93.97458 | AB3: =AA3+(($AE3-$Z3)/5) -> 94.341703 | AC3: =AB3+(($AE3-$Z3)/5) -> 94.708827 | AD3: =AC3+(($AE3-$Z3)/5) -> 95.07595 | AE3: 95.443074 | AF3: =AE3+(($AJ3-$AE3)/5) -> 95.917788 | AG3: =AF3+(($AJ3-$AE3)/5) -> 96.392502 | AH3: =AG3+(($AJ3-$AE3)/5) -> 96.867217 | AI3: =AH3+(($AJ3-$AE3)/5) -> 97.341931 | AJ3: 97.816645 | AK3: 2.5018015 | AL3: 0.43548571
A4: =VLOOKUP(B4,'Country codes'!$A$1:$B$28,2,FALSE) -> BE | B4: Belgium | C4: Reference Scenario 2020 (REF2020) | D4: Passenger Transport activity (Gpkm) | E4: Passenger cars | F4: 88.482483 | G4: =F4+(($K4-$F4)/5) -> 90.95543 | H4: =G4+(($K4-$F4)/5) -> 93.428378 | I4: =H4+(($K4-$F4)/5) -> 95.901325 | J4: =I4+(($K4-$F4)/5) -> 98.374272 | K4: 100.84722 | L4: =K4+(($P4-$K4)/5) -> 101.57916 | M4: =L4+(($P4-$K4)/5) -> 102.31111 | N4: =M4+(($P4-$K4)/5) -> 103.04305 | O4: =N4+(($P4-$K4)/5) -> 103.77499 | P4: 104.50694 | Q4: =P4+(($U4-$P4)/5) -> 104.79538 | R4: =Q4+(($U4-$P4)/5) -> 105.08383 | S4: =R4+(($U4-$P4)/5) -> 105.37227 | T4: =S4+(($U4-$P4)/5) -> 105.66072 | U4: 105.94916 | V4: =U4+(($Z4-$U4)/5) -> 106.13538 | W4: =V4+(($Z4-$U4)/5) -> 106.32159 | X4: =W4+(($Z4-$U4)/5) -> 106.50781 | Y4: =X4+(($Z4-$U4)/5) -> 106.69402 | Z4: 106.88024 | AA4: =Z4+(($AE4-$Z4)/5) -> 107.12525 | AB4: =AA4+(($AE4-$Z4)/5) -> 107.37027 | AC4: =AB4+(($AE4-$Z4)/5) -> 107.61529 | AD4: =AC4+(($AE4-$Z4)/5) -> 107.86031 | AE4: 108.10532 | AF4: =AE4+(($AJ4-$AE4)/5) -> 108.37957 | AG4: =AF4+(($AJ4-$AE4)/5) -> 108.65381 | AH4: =AG4+(($AJ4-$AE4)/5) -> 108.92806 | AI4: =AH4+(($AJ4-$AE4)/5) -> 109.2023 | AJ4: 109.47655 | AK4: 1.6784181 | AL4: 0.23255453
A5: =VLOOKUP(B5,'Country codes'!$A$1:$B$28,2,FALSE) -> BG | B5: Bulgaria | C5: Reference Scenario 2020 (REF2020) | D5: Passenger Transport activity (Gpkm) | E5: Passenger cars | F5: 52.103317 | G5: =F5+(($K5-$F5)/5) -> 53.507867 | H5: =G5+(($K5-$F5)/5) -> 54.912417 | I5: =H5+(($K5-$F5)/5) -> 56.316967 | J5: =I5+(($K5-$F5)/5) -> 57.721516 | K5: 59.126066 | L5: =K5+(($P5-$K5)/5) -> 60.026877 | M5: =L5+(($P5-$K5)/5) -> 60.927688 | N5: =M5+(($P5-$K5)/5) -> 61.828499 | O5: =N5+(($P5-$K5)/5) -> 62.729309 | P5: 63.63012 | Q5: =P5+(($U5-$P5)/5) -> 63.963012 | R5: =Q5+(($U5-$P5)/5) -> 64.295904 | S5: =R5+(($U5-$P5)/5) -> 64.628796 | T5: =S5+(($U5-$P5)/5) -> 64.961688 | U5: 65.29458 | V5: =U5+(($Z5-$U5)/5) -> 65.382457 | W5: =V5+(($Z5-$U5)/5) -> 65.470334 | X5: =W5+(($Z5-$U5)/5) -> 65.558211 | Y5: =X5+(($Z5-$U5)/5) -> 65.646088 | Z5: 65.733965 | AA5: =Z5+(($AE5-$Z5)/5) -> 66.08675 | AB5: =AA5+(($AE5-$Z5)/5) -> 66.439536 | AC5: =AB5+(($AE5-$Z5)/5) -> 66.792321 | AD5: =AC5+(($AE5-$Z5)/5) -> 67.145107 | AE5: 67.497892 | AF5: =AE5+(($AJ5-$AE5)/5) -> 67.925026 | AG5: =AF5+(($AJ5-$AE5)/5) -> 68.35216 | AH5: =AG5+(($AJ5-$AE5)/5) -> 68.779294 | AI5: =AH5+(($AJ5-$AE5)/5) -> 69.206427 | AJ5: 69.633561 | AK5: 2.0186887 | AL5: 0.45181616
A6: =VLOOKUP(B6,'Country codes'!$A$1:$B$28,2,FALSE) -> CY | B6: Cyprus | C6: Reference Scenario 2020 (REF2020) | D6: Passenger Transport activity (Gpkm) | E6: Passenger cars | F6: 5.5391158 | G6: =F6+(($K6-$F6)/5) -> 5.8440617 | H6: =G6+(($K6-$F6)/5) -> 6.1490075 | I6: =H6+(($K6-$F6)/5) -> 6.4539533 | J6: =I6+(($K6-$F6)/5) -> 6.7588991 | K6: 7.0638449 | L6: =K6+(($P6-$K6)/5) -> 7.2728472 | M6: =L6+(($P6-$K6)/5) -> 7.4818494 | N6: =M6+(($P6-$K6)/5) -> 7.6908516 | O6: =N6+(($P6-$K6)/5) -> 7.8998539 | P6: 8.1088561 | Q6: =P6+(($U6-$P6)/5) -> 8.2018342 | R6: =Q6+(($U6-$P6)/5) -> 8.2948123 | S6: =R6+(($U6-$P6)/5) -> 8.3877904 | T6: =S6+(($U6-$P6)/5) -> 8.4807685 | U6: 8.5737466 | V6: =U6+(($Z6-$U6)/5) -> 8.6527051 | W6: =V6+(($Z6-$U6)/5) -> 8.7316636 | X6: =W6+(($Z6-$U6)/5) -> 8.8106221 | Y6: =X6+(($Z6-$U6)/5) -> 8.8895806 | Z6: 8.9685391 | AA6: =Z6+(($AE6-$Z6)/5) -> 9.0775553 | AB6: =AA6+(($AE6-$Z6)/5) -> 9.1865715 | AC6: =AB6+(($AE6-$Z6)/5) -> 9.2955876 | AD6: =AC6+(($AE6-$Z6)/5) -> 9.4046038 | AE6: 9.5136199 | AF6: =AE6+(($AJ6-$AE6)/5) -> 9.6250523 | AG6: =AF6+(($AJ6-$AE6)/5) -> 9.7364846 | AH6: =AG6+(($AJ6-$AE6)/5) -> 9.847917 | AI6: =AH6+(($AJ6-$AE6)/5) -> 9.9593493 | AJ6: 10.070782 | AK6: 3.8847777 | AL6: 1.0892977
A7: =VLOOKUP(B7,'Country codes'!$A$1:$B$28,2,FALSE) -> CZ | B7: Czechia | C7: Reference Scenario 2020 (REF2020) | D7: Passenger Transport activity (Gpkm) | E7: Passenger cars | F7: 68.374196 | G7: =F7+(($K7-$F7)/5) -> 70.686251 | H7: =G7+(($K7-$F7)/5) -> 72.998305 | I7: =H7+(($K7-$F7)/5) -> 75.31036 | J7: =I7+(($K7-$F7)/5) -> 77.622415 | K7: 79.93447 | L7: =K7+(($P7-$K7)/5) -> 81.800343 | M7: =L7+(($P7-$K7)/5) -> 83.666215 | N7: =M7+(($P7-$K7)/5) -> 85.532088 | O7: =N7+(($P7-$K7)/5) -> 87.397961 | P7: 89.263833 | Q7: =P7+(($U7-$P7)/5) -> 90.521307 | R7: =Q7+(($U7-$P7)/5) -> 91.778781 | S7: =R7+(($U7-$P7)/5) -> 93.036255 | T7: =S7+(($U7-$P7)/5) -> 94.293729 | U7: 95.551202 | V7: =U7+(($Z7-$U7)/5) -> 96.607193 | W7: =V7+(($Z7-$U7)/5) -> 97.663184 | X7: =W7+(($Z7-$U7)/5) -> 98.719175 | Y7: =X7+(($Z7-$U7)/5) -> 99.775165 | Z7: 100.83116 | AA7: =Z7+(($AE7-$Z7)/5) -> 101.66274 | AB7: =AA7+(($AE7-$Z7)/5) -> 102.49433 | AC7: =AB7+(($AE7-$Z7)/5) -> 103.32591 | AD7: =AC7+(($AE7-$Z7)/5) -> 104.1575 | AE7: 104.98909 | AF7: =AE7+(($AJ7-$AE7)/5) -> 105.9698 | AG7: =AF7+(($AJ7-$AE7)/5) -> 106.95051 | AH7: =AG7+(($AJ7-$AE7)/5) -> 107.93122 | AI7: =AH7+(($AJ7-$AE7)/5) -> 108.91193 | AJ7: 109.89265 | AK7: 2.701865 | AL7: 1.0449597
A8: =VLOOKUP(B8,'Country codes'!$A$1:$B$28,2,FALSE) -> DE | B8: Germany | C8: Reference Scenario 2020 (REF2020) | D8: Passenger Transport activity (Gpkm) | E8: Passenger cars | F8: 874.67935 | G8: =F8+(($K8-$F8)/5) -> 885.78529 | H8: =G8+(($K8-$F8)/5) -> 896.89124 | I8: =H8+(($K8-$F8)/5) -> 907.99718 | J8: =I8+(($K8-$F8)/5) -> 919.10312 | K8: 930.20906 | L8: =K8+(($P8-$K8)/5) -> 942.73829 | M8: =L8+(($P8-$K8)/5) -> 955.26752 | N8: =M8+(($P8-$K8)/5) -> 967.79676 | O8: =N8+(($P8-$K8)/5) -> 980.32599 | P8: 992.85522 | Q8: =P8+(($U8-$P8)/5) -> 993.14644 | R8: =Q8+(($U8-$P8)/5) -> 993.43766 | S8: =R8+(($U8-$P8)/5) -> 993.72888 | T8: =S8+(($U8-$P8)/5) -> 994.0201 | U8: 994.31132 | V8: =U8+(($Z8-$U8)/5) -> 995.88339 | W8: =V8+(($Z8-$U8)/5) -> 997.45547 | X8: =W8+(($Z8-$U8)/5) -> 999.02755 | Y8: =X8+(($Z8-$U8)/5) -> 1000.5996 | Z8: 1002.1717 | AA8: =Z8+(($AE8-$Z8)/5) -> 1000.2802 | AB8: =AA8+(($AE8-$Z8)/5) -> 998.3887 | AC8: =AB8+(($AE8-$Z8)/5) -> 996.4972 | AD8: =AC8+(($AE8-$Z8)/5) -> 994.6057 | AE8: 992.7142 | AF8: =AE8+(($AJ8-$AE8)/5) -> 996.40028 | AG8: =AF8+(($AJ8-$AE8)/5) -> 1000.0864 | AH8: =AG8+(($AJ8-$AE8)/5) -> 1003.7724 | AI8: =AH8+(($AJ8-$AE8)/5) -> 1007.4585 | AJ8: 1011.1446 | AK8: 1.2753388 | AL8: 0.091308604
A9: =VLOOKUP(B9,'Country codes'!$A$1:$B$28,2,FALSE) -> DK | B9: Denmark | C9: Reference Scenario 2020 (REF2020) | D9: Passenger Transport activity (Gpkm) | E9: Passenger cars | F9: 59.945371 | G9: =F9+(($K9-$F9)/5) -> 61.135156 | H9: =G9+(($K9-$F9)/5) -> 62.324942 | I9: =H9+(($K9-$F9)/5) -> 63.514727 | J9: =I9+(($K9-$F9)/5) -> 64.704512 | K9: 65.894297 | L9: =K9+(($P9-$K9)/5) -> 66.879415 | M9: =L9+(($P9-$K9)/5) -> 67.864532 | N9: =M9+(($P9-$K9)/5) -> 68.84965 | O9: =N9+(($P9-$K9)/5) -> 69.834768 | P9: 70.819886 | Q9: =P9+(($U9-$P9)/5) -> 71.152938 | R9: =Q9+(($U9-$P9)/5) -> 71.48599 | S9: =R9+(($U9-$P9)/5) -> 71.819043 | T9: =S9+(($U9-$P9)/5) -> 72.152095 | U9: 72.485148 | V9: =U9+(($Z9-$U9)/5) -> 72.688651 | W9: =V9+(($Z9-$U9)/5) -> 72.892155 | X9: =W9+(($Z9-$U9)/5) -> 73.095659 | Y9: =X9+(($Z9-$U9)/5) -> 73.299163 | Z9: 73.502667 | AA9: =Z9+(($AE9-$Z9)/5) -> 73.696277 | AB9: =AA9+(($AE9-$Z9)/5) -> 73.889887 | AC9: =AB9+(($AE9-$Z9)/5) -> 74.083497 | AD9: =AC9+(($AE9-$Z9)/5) -> 74.277107 | AE9: 74.470717 | AF9: =AE9+(($AJ9-$AE9)/5) -> 74.662244 | AG9: =AF9+(($AJ9-$AE9)/5) -> 74.853771 | AH9: =AG9+(($AJ9-$AE9)/5) -> 75.045298 | AI9: =AH9+(($AJ9-$AE9)/5) -> 75.236825 | AJ9: 75.428352 | AK9: 1.6810347 | AL9: 0.31571428
A10: =VLOOKUP(B10,'Country codes'!$A$1:$B$28,2,FALSE) -> EE | B10: Estonia | C10: Reference Scenario 2020 (REF2020) | D10: Passenger Transport activity (Gpkm) | E10: Passenger cars | F10: 12.613557 | G10: =F10+(($K10-$F10)/5) -> 12.876675 | H10: =G10+(($K10-$F10)/5) -> 13.139792 | I10: =H10+(($K10-$F10)/5) -> 13.402909 | J10: =I10+(($K10-$F10)/5) -> 13.666027 | K10: 13.929144 | L10: =K10+(($P10-$K10)/5) -> 14.204442 | M10: =L10+(($P10-$K10)/5) -> 14.479739 | N10: =M10+(($P10-$K10)/5) -> 14.755037 | O10: =N10+(($P10-$K10)/5) -> 15.030334 | P10: 15.305631 | Q10: =P10+(($U10-$P10)/5) -> 15.509852 | R10: =Q10+(($U10-$P10)/5) -> 15.714072 | S10: =R10+(($U10-$P10)/5) -> 15.918292 | T10: =S10+(($U10-$P10)/5) -> 16.122513 | U10: 16.326733 | V10: =U10+(($Z10-$U10)/5) -> 16.485697 | W10: =V10+(($Z10-$U10)/5) -> 16.644662 | X10: =W10+(($Z10-$U10)/5) -> 16.803626 | Y10: =X10+(($Z10-$U10)/5) -> 16.96259 | Z10: 17.121554 | AA10: =Z10+(($AE10-$Z10)/5) -> 17.158483 | AB10: =AA10+(($AE10-$Z10)/5) -> 17.195412 | AC10: =AB10+(($AE10-$Z10)/5) -> 17.232341 | AD10: =AC10+(($AE10-$Z10)/5) -> 17.269269 | AE10: 17.306198 | AF10: =AE10+(($AJ10-$AE10)/5) -> 17.366189 | AG10: =AF10+(($AJ10-$AE10)/5) -> 17.426179 | AH10: =AG10+(($AJ10-$AE10)/5) -> 17.486169 | AI10: =AH10+(($AJ10-$AE10)/5) -> 17.54616 | AJ10: 17.60615 | AK10: 1.9533188 | AL10: 0.70259395
A11: =VLOOKUP(B11,'Country codes'!$A$1:$B$28,2,FALSE) -> ES | B11: Spain | C11: Reference Scenario 2020 (REF2020) | D11: Passenger Transport activity (Gpkm) | E11: Passenger cars | F11: 234.41382 | G11: =F11+(($K11-$F11)/5) -> 255.66691 | H11: =G11+(($K11-$F11)/5) -> 276.91999 | I11: =H11+(($K11-$F11)/5) -> 298.17307 | J11: =I11+(($K11-$F11)/5) -> 319.42616 | K11: 340.67924 | L11: =K11+(($P11-$K11)/5) -> 345.11406 | M11: =L11+(($P11-$K11)/5) -> 349.54888 | N11: =M11+(($P11-$K11)/5) -> 353.9837 | O11: =N11+(($P11-$K11)/5) -> 358.41852 | P11: 362.85334 | Q11: =P11+(($U11-$P11)/5) -> 367.70172 | R11: =Q11+(($U11-$P11)/5) -> 372.55009 | S11: =R11+(($U11-$P11)/5) -> 377.39846 | T11: =S11+(($U11-$P11)/5) -> 382.24684 | U11: 387.09521 | V11: =U11+(($Z11-$U11)/5) -> 391.29672 | W11: =V11+(($Z11-$U11)/5) -> 395.49824 | X11: =W11+(($Z11-$U11)/5) -> 399.69975 | Y11: =X11+(($Z11-$U11)/5) -> 403.90126 | Z11: 408.10277 | AA11: =Z11+(($AE11-$Z11)/5) -> 412.75097 | AB11: =AA11+(($AE11-$Z11)/5) -> 417.39917 | AC11: =AB11+(($AE11-$Z11)/5) -> 422.04737 | AD11: =AC11+(($AE11-$Z11)/5) -> 426.69557 | AE11: 431.34377 | AF11: =AE11+(($AJ11-$AE11)/5) -> 436.44678 | AG11: =AF11+(($AJ11-$AE11)/5) -> 441.54979 | AH11: =AG11+(($AJ11-$AE11)/5) -> 446.6528 | AI11: =AH11+(($AJ11-$AE11)/5) -> 451.75581 | AJ11: 456.85882 | AK11: 4.465958 | AL11: 1.158538
A12: =VLOOKUP(B12,'Country codes'!$A$1:$B$28,2,FALSE) -> FI | B12: Finland | C12: Reference Scenario 2020 (REF2020) | D12: Passenger Transport activity (Gpkm) | E12: Passenger cars | F12: 64.357892 | G12: =F12+(($K12-$F12)/5) -> 65.191023 | H12: =G12+(($K12-$F12)/5) -> 66.024154 | I12: =H12+(($K12-$F12)/5) -> 66.857284 | J12: =I12+(($K12-$F12)/5) -> 67.690415 | K12: 68.523546 | L12: =K12+(($P12-$K12)/5) -> 68.777892 | M12: =L12+(($P12-$K12)/5) -> 69.032239 | N12: =M12+(($P12-$K12)/5) -> 69.286585 | O12: =N12+(($P12-$K12)/5) -> 69.540931 | P12: 69.795278 | Q12: =P12+(($U12-$P12)/5) -> 69.801696 | R12: =Q12+(($U12-$P12)/5) -> 69.808115 | S12: =R12+(($U12-$P12)/5) -> 69.814533 | T12: =S12+(($U12-$P12)/5) -> 69.820952 | U12: 69.827371 | V12: =U12+(($Z12-$U12)/5) -> 69.717799 | W12: =V12+(($Z12-$U12)/5) -> 69.608227 | X12: =W12+(($Z12-$U12)/5) -> 69.498655 | Y12: =X12+(($Z12-$U12)/5) -> 69.389082 | Z12: 69.27951 | AA12: =Z12+(($AE12-$Z12)/5) -> 69.38106 | AB12: =AA12+(($AE12-$Z12)/5) -> 69.48261 | AC12: =AB12+(($AE12-$Z12)/5) -> 69.584159 | AD12: =AC12+(($AE12-$Z12)/5) -> 69.685709 | AE12: 69.787259 | AF12: =AE12+(($AJ12-$AE12)/5) -> 69.93375 | AG12: =AF12+(($AJ12-$AE12)/5) -> 70.080241 | AH12: =AG12+(($AJ12-$AE12)/5) -> 70.226731 | AI12: =AH12+(($AJ12-$AE12)/5) -> 70.373222 | AJ12: 70.519713 | AK12: 0.81436586 | AL12: 0.051643022
A13: =VLOOKUP(B13,'Country codes'!$A$1:$B$28,2,FALSE) -> FR | B13: France | C13: Reference Scenario 2020 (REF2020) | D13: Passenger Transport activity (Gpkm) | E13: Passenger cars | F13: 565.00093 | G13: =F13+(($K13-$F13)/5) -> 601.69164 | H13: =G13+(($K13-$F13)/5) -> 638.38236 | I13: =H13+(($K13-$F13)/5) -> 675.07308 | J13: =I13+(($K13-$F13)/5) -> 711.7638 | K13: 748.45451 | L13: =K13+(($P13-$K13)/5) -> 753.40115 | M13: =L13+(($P13-$K13)/5) -> 758.34778 | N13: =M13+(($P13-$K13)/5) -> 763.29442 | O13: =N13+(($P13-$K13)/5) -> 768.24105 | P13: 773.18769 | Q13: =P13+(($U13-$P13)/5) -> 776.79973 | R13: =Q13+(($U13-$P13)/5) -> 780.41178 | S13: =R13+(($U13-$P13)/5) -> 784.02383 | T13: =S13+(($U13-$P13)/5) -> 787.63588 | U13: 791.24793 | V13: =U13+(($Z13-$U13)/5) -> 794.79142 | W13: =V13+(($Z13-$U13)/5) -> 798.3349 | X13: =W13+(($Z13-$U13)/5) -> 801.87839 | Y13: =X13+(($Z13-$U13)/5) -> 805.42187 | Z13: 808.96536 | AA13: =Z13+(($AE13-$Z13)/5) -> 812.39368 | AB13: =AA13+(($AE13-$Z13)/5) -> 815.82199 | AC13: =AB13+(($AE13-$Z13)/5) -> 819.25031 | AD13: =AC13+(($AE13-$Z13)/5) -> 822.67863 | AE13: 826.10694 | AF13: =AE13+(($AJ13-$AE13)/5) -> 829.09175 | AG13: =AF13+(($AJ13-$AE13)/5) -> 832.07656 | AH13: =AG13+(($AJ13-$AE13)/5) -> 835.06138 | AI13: =AH13+(($AJ13-$AE13)/5) -> 838.04619 | AJ13: 841.031 | AK13: 3.1866652 | AL13: 0.42141897
A14: =VLOOKUP(B14,'Country codes'!$A$1:$B$28,2,FALSE) -> GR | B14: Greece | C14: Reference Scenario 2020 (REF2020) | D14: Passenger Transport activity (Gpkm) | E14: Passenger cars | F14: 97.007873 | G14: =F14+(($K14-$F14)/5) -> 99.801633 | H14: =G14+(($K14-$F14)/5) -> 102.59539 | I14: =H14+(($K14-$F14)/5) -> 105.38915 | J14: =I14+(($K14-$F14)/5) -> 108.18291 | K14: 110.97667 | L14: =K14+(($P14-$K14)/5) -> 112.09515 | M14: =L14+(($P14-$K14)/5) -> 113.21364 | N14: =M14+(($P14-$K14)/5) -> 114.33212 | O14: =N14+(($P14-$K14)/5) -> 115.4506 | P14: 116.56908 | Q14: =P14+(($U14-$P14)/5) -> 117.21484 | R14: =Q14+(($U14-$P14)/5) -> 117.86059 | S14: =R14+(($U14-$P14)/5) -> 118.50634 | T14: =S14+(($U14-$P14)/5) -> 119.1521 | U14: 119.79785 | V14: =U14+(($Z14-$U14)/5) -> 119.56801 | W14: =V14+(($Z14-$U14)/5) -> 119.33816 | X14: =W14+(($Z14-$U14)/5) -> 119.10832 | Y14: =X14+(($Z14-$U14)/5) -> 118.87847 | Z14: 118.64862 | AA14: =Z14+(($AE14-$Z14)/5) -> 118.74381 | AB14: =AA14+(($AE14-$Z14)/5) -> 118.83899 | AC14: =AB14+(($AE14-$Z14)/5) -> 118.93418 | AD14: =AC14+(($AE14-$Z14)/5) -> 119.02936 | AE14: 119.12455 | AF14: =AE14+(($AJ14-$AE14)/5) -> 119.55037 | AG14: =AF14+(($AJ14-$AE14)/5) -> 119.9762 | AH14: =AG14+(($AJ14-$AE14)/5) -> 120.40202 | AI14: =AH14+(($AJ14-$AE14)/5) -> 120.82784 | AJ14: 121.25367 | AK14: 1.8538945 | AL14: 0.19719768
... A29: =VLOOKUP(B29,'Country codes'!$A$1:$B$28,2,FALSE) -> SK | B29: Slovakia | C29: Reference Scenario 2020 (REF2020) | D29: Passenger Transport activity (Gpkm) | E29: Passenger cars | F29: 25.720904 | G29: =F29+(($K29-$F29)/5) -> 26.845864 | H29: =G29+(($K29-$F29)/5) -> 27.970825 | I29: =H29+(($K29-$F29)/5) -> 29.095785 | J29: =I29+(($K29-$F29)/5) -> 30.220746 | K29: 31.345706 | L29: =K29+(($P29-$K29)/5) -> 32.40791 | M29: =L29+(($P29-$K29)/5) -> 33.470114 | N29: =M29+(($P29-$K29)/5) -> 34.532318 | O29: =N29+(($P29-$K29)/5) -> 35.594522 | P29: 36.656727 | Q29: =P29+(($U29-$P29)/5) -> 37.145271 | R29: =Q29+(($U29-$P29)/5) -> 37.633815 | S29: =R29+(($U29-$P29)/5) -> 38.122359 | T29: =S29+(($U29-$P29)/5) -> 38.610903 | U29: 39.099447 | V29: =U29+(($Z29-$U29)/5) -> 39.352251 | W29: =V29+(($Z29-$U29)/5) -> 39.605055 | X29: =W29+(($Z29-$U29)/5) -> 39.857858 | Y29: =X29+(($Z29-$U29)/5) -> 40.110662 | Z29: 40.363466 | AA29: =Z29+(($AE29-$Z29)/5) -> 40.59573 | AB29: =AA29+(($AE29-$Z29)/5) -> 40.827995 | AC29: =AB29+(($AE29-$Z29)/5) -> 41.06026 | AD29: =AC29+(($AE29-$Z29)/5) -> 41.292525 | AE29: 41.52479 | AF29: =AE29+(($AJ29-$AE29)/5) -> 41.812265 | AG29: =AF29+(($AJ29-$AE29)/5) -> 42.099741 | AH29: =AG29+(($AJ29-$AE29)/5) -> 42.387217 | AI29: =AH29+(($AJ29-$AE29)/5) -> 42.674693 | AJ29: 42.962169 | AK29: 3.6064386 | AL29: 0.79677237

Sheet Shipping
A1: Source: JRC-IDEES 2021 (International & domestic)
A2: Shipping activity (domestic and international) Gtkm
A3: Country | B3: 2018 | C3: 2019 | D3: 2020 | E3: 2021 | F3: 2022 | G3: 2023 | H3: 2024 | I3: 2025 | J3: 2026 | K3: 2027 | L3: 2028 | M3: 2029 | N3: 2030 | O3: 2031 | P3: 2032 | Q3: 2033 | R3: 2034 | S3: 2035 | T3: 2036 | U3: 2037 | V3: 2038 | W3: 2039 | X3: 2040 | Y3: 2041 | Z3: 2042 | AA3: 2043 | AB3: 2044 | AC3: 2045 | AD3: 2046 | AE3: 2047 | AF3: 2048 | AG3: 2049 | AH3: 2050 | AI3: 2051 | AJ3: 2052 | AK3: 2053 | AL3: 2054 | AM3: 2055 | AN3: 2056 | AO3: 2057 | AP3: 2058 | AQ3: 2059 | AR3: 2060 | AS3: 2061 | AT3: 2062 | AU3: 2063 | AV3: 2064 | AW3: 2065 | AX3: 2066 | AY3: 2067 | AZ3: 2068 | BA3: 2069 | BB3: 2070
A4: AT | B4: 1.489 | C4: 1.715 | D4: 1.606 | E4: 1.506 | F4: =E4*('Shipping EU Ref'!H36/'Shipping EU Ref'!G36) -> 1.5500435 | G4: =F4*('Shipping EU Ref'!I36/'Shipping EU Ref'!H36) -> 1.594087 | H4: =G4*('Shipping EU Ref'!J36/'Shipping EU Ref'!I36) -> 1.6381304 | I4: =H4*('Shipping EU Ref'!K36/'Shipping EU Ref'!J36) -> 1.6821739 | J4: =I4*('Shipping EU Ref'!L36/'Shipping EU Ref'!K36) -> 1.7141934 | K4: =J4*('Shipping EU Ref'!M36/'Shipping EU Ref'!L36) -> 1.7462129 | L4: =K4*('Shipping EU Ref'!N36/'Shipping EU Ref'!M36) -> 1.7782324 | M4: =L4*('Shipping EU Ref'!O36/'Shipping EU Ref'!N36) -> 1.810252 | ... AH4: =AG4*('Shipping EU Ref'!AJ36/'Shipping EU Ref'!AI36) -> 2.1733749 | AI4: =AH4 -> 2.1733749 | AJ4: =AI4 -> 2.1733749 | AK4: =AJ4 -> 2.1733749 | AL4: =AK4 -> 2.1733749 | AM4: =AL4 -> 2.1733749 | AN4: =AM4 -> 2.1733749 | AO4: =AN4 -> 2.1733749 | AP4: =AO4 -> 2.1733749 | ... BB4: =BA4 -> 2.1733749
A5: BE | B5: 932.70806 | C5: 964.99288 | D5: 935.43405 | E5: 1004.5389 | F5: =E5*('Shipping EU Ref'!H4/'Shipping EU Ref'!G4) -> 1090.8667 | G5: =F5*('Shipping EU Ref'!I4/'Shipping EU Ref'!H4) -> 1177.1945 | H5: =G5*('Shipping EU Ref'!J4/'Shipping EU Ref'!I4) -> 1263.5223 | I5: =H5*('Shipping EU Ref'!K4/'Shipping EU Ref'!J4) -> 1349.8501 | J5: =I5*('Shipping EU Ref'!L4/'Shipping EU Ref'!K4) -> 1348.8455 | K5: =J5*('Shipping EU Ref'!M4/'Shipping EU Ref'!L4) -> 1347.841 | L5: =K5*('Shipping EU Ref'!N4/'Shipping EU Ref'!M4) -> 1346.8364 | M5: =L5*('Shipping EU Ref'!O4/'Shipping EU Ref'!N4) -> 1345.8318 | ... AH5: =AG5*('Shipping EU Ref'!AJ4/'Shipping EU Ref'!AI4) -> 1612.8078 | AI5: =AH5 -> 1612.8078 | AJ5: =AI5 -> 1612.8078 | AK5: =AJ5 -> 1612.8078 | AL5: =AK5 -> 1612.8078 | AM5: =AL5 -> 1612.8078 | AN5: =AM5 -> 1612.8078 | AO5: =AN5 -> 1612.8078 | AP5: =AO5 -> 1612.8078 | ... BB5: =BA5 -> 1612.8078
A6: BG | B6: 52.325022 | C6: 56.782292 | D6: 44.780079 | E6: 51.196573 | F6: =E6*('Shipping EU Ref'!H5/'Shipping EU Ref'!G5) -> 55.718817 | G6: =F6*('Shipping EU Ref'!I5/'Shipping EU Ref'!H5) -> 60.241061 | H6: =G6*('Shipping EU Ref'!J5/'Shipping EU Ref'!I5) -> 64.763305 | I6: =H6*('Shipping EU Ref'!K5/'Shipping EU Ref'!J5) -> 69.285549 | J6: =I6*('Shipping EU Ref'!L5/'Shipping EU Ref'!K5) -> 71.322424 | K6: =J6*('Shipping EU Ref'!M5/'Shipping EU Ref'!L5) -> 73.3593 | L6: =K6*('Shipping EU Ref'!N5/'Shipping EU Ref'!M5) -> 75.396175 | M6: =L6*('Shipping EU Ref'!O5/'Shipping EU Ref'!N5) -> 77.43305 | ... AH6: =AG6*('Shipping EU Ref'!AJ5/'Shipping EU Ref'!AI5) -> 111.74457 | AI6: =AH6 -> 111.74457 | AJ6: =AI6 -> 111.74457 | AK6: =AJ6 -> 111.74457 | AL6: =AK6 -> 111.74457 | AM6: =AL6 -> 111.74457 | AN6: =AM6 -> 111.74457 | AO6: =AN6 -> 111.74457 | AP6: =AO6 -> 111.74457 | ... BB6: =BA6 -> 111.74457
A7: CY | B7: 11.135353 | C7: 11.334407 | D7: 11.090021 | E7: 10.778926 | F7: =E7*('Shipping EU Ref'!H6/'Shipping EU Ref'!G6) -> 11.671719 | G7: =F7*('Shipping EU Ref'!I6/'Shipping EU Ref'!H6) -> 12.564513 | H7: =G7*('Shipping EU Ref'!J6/'Shipping EU Ref'!I6) -> 13.457306 | I7: =H7*('Shipping EU Ref'!K6/'Shipping EU Ref'!J6) -> 14.3501 | J7: =I7*('Shipping EU Ref'!L6/'Shipping EU Ref'!K6) -> 14.586924 | K7: =J7*('Shipping EU Ref'!M6/'Shipping EU Ref'!L6) -> 14.823748 | L7: =K7*('Shipping EU Ref'!N6/'Shipping EU Ref'!M6) -> 15.060572 | M7: =L7*('Shipping EU Ref'!O6/'Shipping EU Ref'!N6) -> 15.297395 | ... AH7: =AG7*('Shipping EU Ref'!AJ6/'Shipping EU Ref'!AI6) -> 22.187162 | AI7: =AH7 -> 22.187162 | AJ7: =AI7 -> 22.187162 | AK7: =AJ7 -> 22.187162 | AL7: =AK7 -> 22.187162 | AM7: =AL7 -> 22.187162 | AN7: =AM7 -> 22.187162 | AO7: =AN7 -> 22.187162 | AP7: =AO7 -> 22.187162 | ... BB7: =BA7 -> 22.187162
A8: CZ | B8: 0.023 | C8: 0.032 | D8: 0.018 | E8: 0.022 | F8: =E8*('Shipping EU Ref'!H40/'Shipping EU Ref'!G40) -> 0.022689981 | G8: =F8*('Shipping EU Ref'!I40/'Shipping EU Ref'!H40) -> 0.023379962 | H8: =G8*('Shipping EU Ref'!J40/'Shipping EU Ref'!I40) -> 0.024069942 | I8: =H8*('Shipping EU Ref'!K40/'Shipping EU Ref'!J40) -> 0.024759923 | J8: =I8*('Shipping EU Ref'!L40/'Shipping EU Ref'!K40) -> 0.024966883 | K8: =J8*('Shipping EU Ref'!M40/'Shipping EU Ref'!L40) -> 0.025173843 | L8: =K8*('Shipping EU Ref'!N40/'Shipping EU Ref'!M40) -> 0.025380803 | M8: =L8*('Shipping EU Ref'!O40/'Shipping EU Ref'!N40) -> 0.025587763 | ... AH8: =AG8*('Shipping EU Ref'!AJ40/'Shipping EU Ref'!AI40) -> 0.033577487 | AI8: =AH8 -> 0.033577487 | AJ8: =AI8 -> 0.033577487 | AK8: =AJ8 -> 0.033577487 | AL8: =AK8 -> 0.033577487 | AM8: =AL8 -> 0.033577487 | AN8: =AM8 -> 0.033577487 | AO8: =AN8 -> 0.033577487 | AP8: =AO8 -> 0.033577487 | ... BB8: =BA8 -> 0.033577487
A9: DE | B9: 1005.9166 | C9: 1027.4856 | D9: 949.73768 | E9: 950.67506 | F9: =E9*('Shipping EU Ref'!H8/'Shipping EU Ref'!G8) -> 1030.8896 | G9: =F9*('Shipping EU Ref'!I8/'Shipping EU Ref'!H8) -> 1111.1042 | H9: =G9*('Shipping EU Ref'!J8/'Shipping EU Ref'!I8) -> 1191.3187 | I9: =H9*('Shipping EU Ref'!K8/'Shipping EU Ref'!J8) -> 1271.5333 | J9: =I9*('Shipping EU Ref'!L8/'Shipping EU Ref'!K8) -> 1290.5076 | K9: =J9*('Shipping EU Ref'!M8/'Shipping EU Ref'!L8) -> 1309.482 | L9: =K9*('Shipping EU Ref'!N8/'Shipping EU Ref'!M8) -> 1328.4563 | M9: =L9*('Shipping EU Ref'!O8/'Shipping EU Ref'!N8) -> 1347.4306 | ... AH9: =AG9*('Shipping EU Ref'!AJ8/'Shipping EU Ref'!AI8) -> 1765.3262 | AI9: =AH9 -> 1765.3262 | AJ9: =AI9 -> 1765.3262 | AK9: =AJ9 -> 1765.3262 | AL9: =AK9 -> 1765.3262 | AM9: =AL9 -> 1765.3262 | AN9: =AM9 -> 1765.3262 | AO9: =AN9 -> 1765.3262 | AP9: =AO9 -> 1765.3262 | ... BB9: =BA9 -> 1765.3262
A10: DK | B10: 89.954541 | C10: 101.1059 | D10: 101.35016 | E10: 105.10073 | F10: =E10*('Shipping EU Ref'!H9/'Shipping EU Ref'!G9) -> 114.58752 | G10: =F10*('Shipping EU Ref'!I9/'Shipping EU Ref'!H9) -> 124.07432 | H10: =G10*('Shipping EU Ref'!J9/'Shipping EU Ref'!I9) -> 133.56111 | I10: =H10*('Shipping EU Ref'!K9/'Shipping EU Ref'!J9) -> 143.04791 | J10: =I10*('Shipping EU Ref'!L9/'Shipping EU Ref'!K9) -> 145.49281 | K10: =J10*('Shipping EU Ref'!M9/'Shipping EU Ref'!L9) -> 147.93772 | L10: =K10*('Shipping EU Ref'!N9/'Shipping EU Ref'!M9) -> 150.38262 | M10: =L10*('Shipping EU Ref'!O9/'Shipping EU Ref'!N9) -> 152.82753 | ... AH10: =AG10*('Shipping EU Ref'!AJ9/'Shipping EU Ref'!AI9) -> 223.11949 | AI10: =AH10 -> 223.11949 | AJ10: =AI10 -> 223.11949 | AK10: =AJ10 -> 223.11949 | AL10: =AK10 -> 223.11949 | AM10: =AL10 -> 223.11949 | AN10: =AM10 -> 223.11949 | AO10: =AN10 -> 223.11949 | AP10: =AO10 -> 223.11949 | ... BB10: =BA10 -> 223.11949
A11: EE | B11: 65.454076 | C11: 73.167724 | D11: 77.392034 | E11: 77.478119 | F11: =E11*('Shipping EU Ref'!H10/'Shipping EU Ref'!G10) -> 84.940379 | G11: =F11*('Shipping EU Ref'!I10/'Shipping EU Ref'!H10) -> 92.402639 | H11: =G11*('Shipping EU Ref'!J10/'Shipping EU Ref'!I10) -> 99.864899 | I11: =H11*('Shipping EU Ref'!K10/'Shipping EU Ref'!J10) -> 107.32716 | J11: =I11*('Shipping EU Ref'!L10/'Shipping EU Ref'!K10) -> 108.30734 | K11: =J11*('Shipping EU Ref'!M10/'Shipping EU Ref'!L10) -> 109.28752 | L11: =K11*('Shipping EU Ref'!N10/'Shipping EU Ref'!M10) -> 110.2677 | M11: =L11*('Shipping EU Ref'!O10/'Shipping EU Ref'!N10) -> 111.24788 | ... AH11: =AG11*('Shipping EU Ref'!AJ10/'Shipping EU Ref'!AI10) -> 126.29998 | AI11: =AH11 -> 126.29998 | AJ11: =AI11 -> 126.29998 | AK11: =AJ11 -> 126.29998 | AL11: =AK11 -> 126.29998 | AM11: =AL11 -> 126.29998 | AN11: =AM11 -> 126.29998 | AO11: =AN11 -> 126.29998 | AP11: =AO11 -> 126.29998 | ... BB11: =BA11 -> 126.29998
A12: ES | B12: 1134.9994 | C12: 1245.2245 | D12: 1146.0611 | E12: 1185.7364 | F12: =E12*('Shipping EU Ref'!H11/'Shipping EU Ref'!G11) -> 1279.8753 | G12: =F12*('Shipping EU Ref'!I11/'Shipping EU Ref'!H11) -> 1374.0143 | H12: =G12*('Shipping EU Ref'!J11/'Shipping EU Ref'!I11) -> 1468.1533 | I12: =H12*('Shipping EU Ref'!K11/'Shipping EU Ref'!J11) -> 1562.2922 | J12: =I12*('Shipping EU Ref'!L11/'Shipping EU Ref'!K11) -> 1570.8306 | K12: =J12*('Shipping EU Ref'!M11/'Shipping EU Ref'!L11) -> 1579.3689 | L12: =K12*('Shipping EU Ref'!N11/'Shipping EU Ref'!M11) -> 1587.9072 | M12: =L12*('Shipping EU Ref'!O11/'Shipping EU Ref'!N11) -> 1596.4455 | ... AH12: =AG12*('Shipping EU Ref'!AJ11/'Shipping EU Ref'!AI11) -> 1905.5035 | AI12: =AH12 -> 1905.5035 | AJ12: =AI12 -> 1905.5035 | AK12: =AJ12 -> 1905.5035 | AL12: =AK12 -> 1905.5035 | AM12: =AL12 -> 1905.5035 | AN12: =AM12 -> 1905.5035 | AO12: =AN12 -> 1905.5035 | AP12: =AO12 -> 1905.5035 | ... BB12: =BA12 -> 1905.5035
A13: FI | B13: 188.29057 | C13: 196.29556 | D13: 178.13125 | E13: 166.08485 | F13: =E13*('Shipping EU Ref'!H12/'Shipping EU Ref'!G12) -> 179.41804 | G13: =F13*('Shipping EU Ref'!I12/'Shipping EU Ref'!H12) -> 192.75124 | H13: =G13*('Shipping EU Ref'!J12/'Shipping EU Ref'!I12) -> 206.08443 | I13: =H13*('Shipping EU Ref'!K12/'Shipping EU Ref'!J12) -> 219.41762 | J13: =I13*('Shipping EU Ref'!L12/'Shipping EU Ref'!K12) -> 219.23699 | K13: =J13*('Shipping EU Ref'!M12/'Shipping EU Ref'!L12) -> 219.05636 | L13: =K13*('Shipping EU Ref'!N12/'Shipping EU Ref'!M12) -> 218.87572 | M13: =L13*('Shipping EU Ref'!O12/'Shipping EU Ref'!N12) -> 218.69509 | ... AH13: =AG13*('Shipping EU Ref'!AJ12/'Shipping EU Ref'!AI12) -> 247.55398 | AI13: =AH13 -> 247.55398 | AJ13: =AI13 -> 247.55398 | AK13: =AJ13 -> 247.55398 | AL13: =AK13 -> 247.55398 | AM13: =AL13 -> 247.55398 | AN13: =AM13 -> 247.55398 | AO13: =AN13 -> 247.55398 | AP13: =AO13 -> 247.55398 | ... BB13: =BA13 -> 247.55398
A14: FR | B14: 613.87144 | C14: 608.6424 | D14: 546.92461 | E14: 576.16488 | F14: =E14*('Shipping EU Ref'!H13/'Shipping EU Ref'!G13) -> 623.13785 | G14: =F14*('Shipping EU Ref'!I13/'Shipping EU Ref'!H13) -> 670.11081 | H14: =G14*('Shipping EU Ref'!J13/'Shipping EU Ref'!I13) -> 717.08378 | I14: =H14*('Shipping EU Ref'!K13/'Shipping EU Ref'!J13) -> 764.05675 | J14: =I14*('Shipping EU Ref'!L13/'Shipping EU Ref'!K13) -> 769.06975 | K14: =J14*('Shipping EU Ref'!M13/'Shipping EU Ref'!L13) -> 774.08275 | L14: =K14*('Shipping EU Ref'!N13/'Shipping EU Ref'!M13) -> 779.09575 | M14: =L14*('Shipping EU Ref'!O13/'Shipping EU Ref'!N13) -> 784.10875 | ... AH14: =AG14*('Shipping EU Ref'!AJ13/'Shipping EU Ref'!AI13) -> 873.16293 | AI14: =AH14 -> 873.16293 | AJ14: =AI14 -> 873.16293 | AK14: =AJ14 -> 873.16293 | AL14: =AK14 -> 873.16293 | AM14: =AL14 -> 873.16293 | AN14: =AM14 -> 873.16293 | AO14: =AN14 -> 873.16293 | AP14: =AO14 -> 873.16293 | ... BB14: =BA14 -> 873.16293
A15: GR | B15: 257.42858 | C15: 273.68843 | D15: 264.93622 | E15: 270.12424 | F15: =E15*('Shipping EU Ref'!H14/'Shipping EU Ref'!G14) -> 291.79021 | G15: =F15*('Shipping EU Ref'!I14/'Shipping EU Ref'!H14) -> 313.45618 | H15: =G15*('Shipping EU Ref'!J14/'Shipping EU Ref'!I14) -> 335.12215 | I15: =H15*('Shipping EU Ref'!K14/'Shipping EU Ref'!J14) -> 356.78812 | J15: =I15*('Shipping EU Ref'!L14/'Shipping EU Ref'!K14) -> 357.4105 | K15: =J15*('Shipping EU Ref'!M14/'Shipping EU Ref'!L14) -> 358.03289 | L15: =K15*('Shipping EU Ref'!N14/'Shipping EU Ref'!M14) -> 358.65528 | M15: =L15*('Shipping EU Ref'!O14/'Shipping EU Ref'!N14) -> 359.27767 | ... AH15: =AG15*('Shipping EU Ref'!AJ14/'Shipping EU Ref'!AI14) -> 421.13178 | AI15: =AH15 -> 421.13178 | AJ15: =AI15 -> 421.13178 | AK15: =AJ15 -> 421.13178 | AL15: =AK15 -> 421.13178 | AM15: =AL15 -> 421.13178 | AN15: =AM15 -> 421.13178 | AO15: =AN15 -> 421.13178 | AP15: =AO15 -> 421.13178 | ... BB15: =BA15 -> 421.13178
A16: HR | B16: 47.184516 | C16: 45.126624 | D16: 41.032927 | E16: 44.032013 | F16: =E16*('Shipping EU Ref'!H15/'Shipping EU Ref'!G15) -> 46.941166 | G16: =F16*('Shipping EU Ref'!I15/'Shipping EU Ref'!H15) -> 49.850319 | H16: =G16*('Shipping EU Ref'!J15/'Shipping EU Ref'!I15) -> 52.759473 | I16: =H16*('Shipping EU Ref'!K15/'Shipping EU Ref'!J15) -> 55.668626 | J16: =I16*('Shipping EU Ref'!L15/'Shipping EU Ref'!K15) -> 55.621614 | K16: =J16*('Shipping EU Ref'!M15/'Shipping EU Ref'!L15) -> 55.574602 | L16: =K16*('Shipping EU Ref'!N15/'Shipping EU Ref'!M15) -> 55.527589 | M16: =L16*('Shipping EU Ref'!O15/'Shipping EU Ref'!N15) -> 55.480577 | ... AH16: =AG16*('Shipping EU Ref'!AJ15/'Shipping EU Ref'!AI15) -> 60.71218 | AI16: =AH16 -> 60.71218 | AJ16: =AI16 -> 60.71218 | AK16: =AJ16 -> 60.71218 | AL16: =AK16 -> 60.71218 | AM16: =AL16 -> 60.71218 | AN16: =AM16 -> 60.71218 | AO16: =AN16 -> 60.71218 | AP16: =AO16 -> 60.71218 | ... BB16: =BA16 -> 60.71218
A17: HU | B17: 1.608 | C17: 2.12 | D17: 1.998 | E17: 1.873 | F17: =E17*('Shipping EU Ref'!H49/'Shipping EU Ref'!G49) -> 1.9385948 | G17: =F17*('Shipping EU Ref'!I49/'Shipping EU Ref'!H49) -> 2.0041897 | H17: =G17*('Shipping EU Ref'!J49/'Shipping EU Ref'!I49) -> 2.0697845 | I17: =H17*('Shipping EU Ref'!K49/'Shipping EU Ref'!J49) -> 2.1353794 | J17: =I17*('Shipping EU Ref'!L49/'Shipping EU Ref'!K49) -> 2.1692689 | K17: =J17*('Shipping EU Ref'!M49/'Shipping EU Ref'!L49) -> 2.2031584 | L17: =K17*('Shipping EU Ref'!N49/'Shipping EU Ref'!M49) -> 2.2370479 | M17: =L17*('Shipping EU Ref'!O49/'Shipping EU Ref'!N49) -> 2.2709375 | ... AH17: =AG17*('Shipping EU Ref'!AJ49/'Shipping EU Ref'!AI49) -> 2.8793346 | AI17: =AH17 -> 2.8793346 | AJ17: =AI17 -> 2.8793346 | AK17: =AJ17 -> 2.8793346 | AL17: =AK17 -> 2.8793346 | AM17: =AL17 -> 2.8793346 | AN17: =AM17 -> 2.8793346 | AO17: =AN17 -> 2.8793346 | AP17: =AO17 -> 2.8793346 | ... BB17: =BA17 -> 2.8793346
A18: IE | B18: 55.597251 | C18: 53.510105 | D18: 54.057357 | E18: 58.119263 | F18: =E18*('Shipping EU Ref'!H17/'Shipping EU Ref'!G17) -> 63.875235 | G18: =F18*('Shipping EU Ref'!I17/'Shipping EU Ref'!H17) -> 69.631206 | H18: =G18*('Shipping EU Ref'!J17/'Shipping EU Ref'!I17) -> 75.387178 | I18: =H18*('Shipping EU Ref'!K17/'Shipping EU Ref'!J17) -> 81.143149 | J18: =I18*('Shipping EU Ref'!L17/'Shipping EU Ref'!K17) -> 83.862983 | K18: =J18*('Shipping EU Ref'!M17/'Shipping EU Ref'!L17) -> 86.582818 | L18: =K18*('Shipping EU Ref'!N17/'Shipping EU Ref'!M17) -> 89.302652 | M18: =L18*('Shipping EU Ref'!O17/'Shipping EU Ref'!N17) -> 92.022487 | ... AH18: =AG18*('Shipping EU Ref'!AJ17/'Shipping EU Ref'!AI17) -> 111.20338 | AI18: =AH18 -> 111.20338 | AJ18: =AI18 -> 111.20338 | AK18: =AJ18 -> 111.20338 | AL18: =AK18 -> 111.20338 | AM18: =AL18 -> 111.20338 | AN18: =AM18 -> 111.20338 | AO18: =AN18 -> 111.20338 | AP18: =AO18 -> 111.20338 | ... BB18: =BA18 -> 111.20338
A19: IT | B19: 728.10743 | C19: 780.64251 | D19: 685.20921 | E19: 751.60432 | F19: =E19*('Shipping EU Ref'!H18/'Shipping EU Ref'!G18) -> 815.63635 | G19: =F19*('Shipping EU Ref'!I18/'Shipping EU Ref'!H18) -> 879.66837 | H19: =G19*('Shipping EU Ref'!J18/'Shipping EU Ref'!I18) -> 943.7004 | I19: =H19*('Shipping EU Ref'!K18/'Shipping EU Ref'!J18) -> 1007.7324 | J19: =I19*('Shipping EU Ref'!L18/'Shipping EU Ref'!K18) -> 1011.9546 | K19: =J19*('Shipping EU Ref'!M18/'Shipping EU Ref'!L18) -> 1016.1768 | L19: =K19*('Shipping EU Ref'!N18/'Shipping EU Ref'!M18) -> 1020.3989 | M19: =L19*('Shipping EU Ref'!O18/'Shipping EU Ref'!N18) -> 1024.6211 | ... AH19: =AG19*('Shipping EU Ref'!AJ18/'Shipping EU Ref'!AI18) -> 1148.4023 | AI19: =AH19 -> 1148.4023 | AJ19: =AI19 -> 1148.4023 | AK19: =AJ19 -> 1148.4023 | AL19: =AK19 -> 1148.4023 | AM19: =AL19 -> 1148.4023 | AN19: =AM19 -> 1148.4023 | AO19: =AN19 -> 1148.4023 | AP19: =AO19 -> 1148.4023 | ... BB19: =BA19 -> 1148.4023
A20: LT | B20: 167.45335 | C20: 162.73611 | D20: 165.79006 | E20: 166.20555 | F20: =E20*('Shipping EU Ref'!H19/'Shipping EU Ref'!G19) -> 180.90028 | G20: =F20*('Shipping EU Ref'!I19/'Shipping EU Ref'!H19) -> 195.59501 | H20: =G20*('Shipping EU Ref'!J19/'Shipping EU Ref'!I19) -> 210.28975 | I20: =H20*('Shipping EU Ref'!K19/'Shipping EU Ref'!J19) -> 224.98448 | J20: =I20*('Shipping EU Ref'!L19/'Shipping EU Ref'!K19) -> 228.43333 | K20: =J20*('Shipping EU Ref'!M19/'Shipping EU Ref'!L19) -> 231.88218 | L20: =K20*('Shipping EU Ref'!N19/'Shipping EU Ref'!M19) -> 235.33102 | M20: =L20*('Shipping EU Ref'!O19/'Shipping EU Ref'!N19) -> 238.77987 | ... AH20: =AG20*('Shipping EU Ref'!AJ19/'Shipping EU Ref'!AI19) -> 252.74872 | AI20: =AH20 -> 252.74872 | AJ20: =AI20 -> 252.74872 | AK20: =AJ20 -> 252.74872 | AL20: =AK20 -> 252.74872 | AM20: =AL20 -> 252.74872 | AN20: =AM20 -> 252.74872 | AO20: =AN20 -> 252.74872 | AP20: =AO20 -> 252.74872 | ... BB20: =BA20 -> 252.74872
A21: LU | B21: 0.205 | C21: 0.228 | D21: 0.201 | E21: 0.217 | F21: =E21*('Shipping EU Ref'!H53/'Shipping EU Ref'!G53) -> 0.22576832 | G21: =F21*('Shipping EU Ref'!I53/'Shipping EU Ref'!H53) -> 0.23453663 | H21: =G21*('Shipping EU Ref'!J53/'Shipping EU Ref'!I53) -> 0.24330495 | I21: =H21*('Shipping EU Ref'!K53/'Shipping EU Ref'!J53) -> 0.25207327 | J21: =I21*('Shipping EU Ref'!L53/'Shipping EU Ref'!K53) -> 0.25563319 | K21: =J21*('Shipping EU Ref'!M53/'Shipping EU Ref'!L53) -> 0.25919311 | L21: =K21*('Shipping EU Ref'!N53/'Shipping EU Ref'!M53) -> 0.26275303 | M21: =L21*('Shipping EU Ref'!O53/'Shipping EU Ref'!N53) -> 0.26631296 | ... AH21: =AG21*('Shipping EU Ref'!AJ53/'Shipping EU Ref'!AI53) -> 0.3348964 | AI21: =AH21 -> 0.3348964 | AJ21: =AI21 -> 0.3348964 | AK21: =AJ21 -> 0.3348964 | AL21: =AK21 -> 0.3348964 | AM21: =AL21 -> 0.3348964 | AN21: =AM21 -> 0.3348964 | AO21: =AN21 -> 0.3348964 | AP21: =AO21 -> 0.3348964 | ... BB21: =BA21 -> 0.3348964
A22: LV | B22: 140.94903 | C22: 137.19806 | D22: 82.910206 | E22: 80.528929 | F22: =E22*('Shipping EU Ref'!H21/'Shipping EU Ref'!G21) -> 87.294602 | G22: =F22*('Shipping EU Ref'!I21/'Shipping EU Ref'!H21) -> 94.060276 | H22: =G22*('Shipping EU Ref'!J21/'Shipping EU Ref'!I21) -> 100.82595 | I22: =H22*('Shipping EU Ref'!K21/'Shipping EU Ref'!J21) -> 107.59162 | J22: =I22*('Shipping EU Ref'!L21/'Shipping EU Ref'!K21) -> 108.9213 | K22: =J22*('Shipping EU Ref'!M21/'Shipping EU Ref'!L21) -> 110.25098 | L22: =K22*('Shipping EU Ref'!N21/'Shipping EU Ref'!M21) -> 111.58066 | M22: =L22*('Shipping EU Ref'!O21/'Shipping EU Ref'!N21) -> 112.91034 | ... AH22: =AG22*('Shipping EU Ref'!AJ21/'Shipping EU Ref'!AI21) -> 139.63129 | AI22: =AH22 -> 139.63129 | AJ22: =AI22 -> 139.63129 | AK22: =AJ22 -> 139.63129 | AL22: =AK22 -> 139.63129 | AM22: =AL22 -> 139.63129 | AN22: =AM22 -> 139.63129 | AO22: =AN22 -> 139.63129 | AP22: =AO22 -> 139.63129 | ... BB22: =BA22 -> 139.63129
A23: MT | B23: 6.2527856 | C23: 7.5296814 | D23: 4.8153851 | E23: 3.5906519 | F23: =E23*('Shipping EU Ref'!H22/'Shipping EU Ref'!G22) -> 3.8540795 | G23: =F23*('Shipping EU Ref'!I22/'Shipping EU Ref'!H22) -> 4.1175071 | H23: =G23*('Shipping EU Ref'!J22/'Shipping EU Ref'!I22) -> 4.3809347 | I23: =H23*('Shipping EU Ref'!K22/'Shipping EU Ref'!J22) -> 4.6443623 | J23: =I23*('Shipping EU Ref'!L22/'Shipping EU Ref'!K22) -> 4.7497741 | K23: =J23*('Shipping EU Ref'!M22/'Shipping EU Ref'!L22) -> 4.8551858 | L23: =K23*('Shipping EU Ref'!N22/'Shipping EU Ref'!M22) -> 4.9605976 | M23: =L23*('Shipping EU Ref'!O22/'Shipping EU Ref'!N22) -> 5.0660093 | ... AH23: =AG23*('Shipping EU Ref'!AJ22/'Shipping EU Ref'!AI22) -> 6.0899632 | AI23: =AH23 -> 6.0899632 | AJ23: =AI23 -> 6.0899632 | AK23: =AJ23 -> 6.0899632 | AL23: =AK23 -> 6.0899632 | AM23: =AL23 -> 6.0899632 | AN23: =AM23 -> 6.0899632 | AO23: =AN23 -> 6.0899632 | AP23: =AO23 -> 6.0899632 | ... BB23: =BA23 -> 6.0899632
A24: NL | B24: 2143.5797 | C24: 2113.2044 | D24: 1932.7846 | E24: 2078.5079 | F24: =E24*('Shipping EU Ref'!H23/'Shipping EU Ref'!G23) -> 2246.0463 | G24: =F24*('Shipping EU Ref'!I23/'Shipping EU Ref'!H23) -> 2413.5848 | H24: =G24*('Shipping EU Ref'!J23/'Shipping EU Ref'!I23) -> 2581.1232 | I24: =H24*('Shipping EU Ref'!K23/'Shipping EU Ref'!J23) -> 2748.6617 | J24: =I24*('Shipping EU Ref'!L23/'Shipping EU Ref'!K23) -> 2775.9794 | K24: =J24*('Shipping EU Ref'!M23/'Shipping EU Ref'!L23) -> 2803.2971 | L24: =K24*('Shipping EU Ref'!N23/'Shipping EU Ref'!M23) -> 2830.6148 | M24: =L24*('Shipping EU Ref'!O23/'Shipping EU Ref'!N23) -> 2857.9325 | ... AH24: =AG24*('Shipping EU Ref'!AJ23/'Shipping EU Ref'!AI23) -> 3607.1643 | AI24: =AH24 -> 3607.1643 | AJ24: =AI24 -> 3607.1643 | AK24: =AJ24 -> 3607.1643 | AL24: =AK24 -> 3607.1643 | AM24: =AL24 -> 3607.1643 | AN24: =AM24 -> 3607.1643 | AO24: =AN24 -> 3607.1643 | AP24: =AO24 -> 3607.1643 | ... BB24: =BA24 -> 3607.1643
A25: PL | B25: 275.80684 | C25: 284.04353 | D25: 266.57744 | E25: 288.01597 | F25: =E25*('Shipping EU Ref'!H24/'Shipping EU Ref'!G24) -> 316.01579 | G25: =F25*('Shipping EU Ref'!I24/'Shipping EU Ref'!H24) -> 344.01561 | H25: =G25*('Shipping EU Ref'!J24/'Shipping EU Ref'!I24) -> 372.01544 | I25: =H25*('Shipping EU Ref'!K24/'Shipping EU Ref'!J24) -> 400.01526 | J25: =I25*('Shipping EU Ref'!L24/'Shipping EU Ref'!K24) -> 411.02411 | K25: =J25*('Shipping EU Ref'!M24/'Shipping EU Ref'!L24) -> 422.03296 | L25: =K25*('Shipping EU Ref'!N24/'Shipping EU Ref'!M24) -> 433.04182 | M25: =L25*('Shipping EU Ref'!O24/'Shipping EU Ref'!N24) -> 444.05067 | ... AH25: =AG25*('Shipping EU Ref'!AJ24/'Shipping EU Ref'!AI24) -> 606.30824 | AI25: =AH25 -> 606.30824 | AJ25: =AI25 -> 606.30824 | AK25: =AJ25 -> 606.30824 | AL25: =AK25 -> 606.30824 | AM25: =AL25 -> 606.30824 | AN25: =AM25 -> 606.30824 | AO25: =AN25 -> 606.30824 | AP25: =AO25 -> 606.30824 | ... BB25: =BA25 -> 606.30824
A26: PT | B26: 195.98274 | C26: 180.95879 | D26: 167.19664 | E26: 178.46517 | F26: =E26*('Shipping EU Ref'!H25/'Shipping EU Ref'!G25) -> 192.56124 | G26: =F26*('Shipping EU Ref'!I25/'Shipping EU Ref'!H25) -> 206.65732 | H26: =G26*('Shipping EU Ref'!J25/'Shipping EU Ref'!I25) -> 220.7534 | I26: =H26*('Shipping EU Ref'!K25/'Shipping EU Ref'!J25) -> 234.84948 | J26: =I26*('Shipping EU Ref'!L25/'Shipping EU Ref'!K25) -> 234.60889 | K26: =J26*('Shipping EU Ref'!M25/'Shipping EU Ref'!L25) -> 234.3683 | L26: =K26*('Shipping EU Ref'!N25/'Shipping EU Ref'!M25) -> 234.1277 | M26: =L26*('Shipping EU Ref'!O25/'Shipping EU Ref'!N25) -> 233.88711 | ... AH26: =AG26*('Shipping EU Ref'!AJ25/'Shipping EU Ref'!AI25) -> 257.96501 | AI26: =AH26 -> 257.96501 | AJ26: =AI26 -> 257.96501 | AK26: =AJ26 -> 257.96501 | AL26: =AK26 -> 257.96501 | AM26: =AL26 -> 257.96501 | AN26: =AM26 -> 257.96501 | AO26: =AN26 -> 257.96501 | AP26: =AO26 -> 257.96501 | ... BB26: =BA26 -> 257.96501
A27: RO | B27: 114.32177 | C27: 124.98548 | D27: 106.85473 | E27: 122.67566 | F27: =E27*('Shipping EU Ref'!H26/'Shipping EU Ref'!G26) -> 138.74469 | G27: =F27*('Shipping EU Ref'!I26/'Shipping EU Ref'!H26) -> 154.81372 | H27: =G27*('Shipping EU Ref'!J26/'Shipping EU Ref'!I26) -> 170.88275 | I27: =H27*('Shipping EU Ref'!K26/'Shipping EU Ref'!J26) -> 186.95177 | J27: =I27*('Shipping EU Ref'!L26/'Shipping EU Ref'!K26) -> 195.15185 | K27: =J27*('Shipping EU Ref'!M26/'Shipping EU Ref'!L26) -> 203.35192 | L27: =K27*('Shipping EU Ref'!N26/'Shipping EU Ref'!M26) -> 211.55199 | M27: =L27*('Shipping EU Ref'!O26/'Shipping EU Ref'!N26) -> 219.75207 | ... AH27: =AG27*('Shipping EU Ref'!AJ26/'Shipping EU Ref'!AI26) -> 306.09577 | AI27: =AH27 -> 306.09577 | AJ27: =AI27 -> 306.09577 | AK27: =AJ27 -> 306.09577 | AL27: =AK27 -> 306.09577 | AM27: =AL27 -> 306.09577 | AN27: =AM27 -> 306.09577 | AO27: =AN27 -> 306.09577 | AP27: =AO27 -> 306.09577 | ... BB27: =BA27 -> 306.09577
A28: SE | B28: 105.16231 | C28: 108.52518 | D28: 113.84436 | E28: 95.726454 | F28: =E28*('Shipping EU Ref'!H27/'Shipping EU Ref'!G27) -> 103.96043 | G28: =F28*('Shipping EU Ref'!I27/'Shipping EU Ref'!H27) -> 112.19442 | H28: =G28*('Shipping EU Ref'!J27/'Shipping EU Ref'!I27) -> 120.4284 | I28: =H28*('Shipping EU Ref'!K27/'Shipping EU Ref'!J27) -> 128.66238 | J28: =I28*('Shipping EU Ref'!L27/'Shipping EU Ref'!K27) -> 130.34736 | K28: =J28*('Shipping EU Ref'!M27/'Shipping EU Ref'!L27) -> 132.03235 | L28: =K28*('Shipping EU Ref'!N27/'Shipping EU Ref'!M27) -> 133.71733 | M28: =L28*('Shipping EU Ref'!O27/'Shipping EU Ref'!N27) -> 135.40232 | ... AH28: =AG28*('Shipping EU Ref'!AJ27/'Shipping EU Ref'!AI27) -> 180.12426 | AI28: =AH28 -> 180.12426 | AJ28: =AI28 -> 180.12426 | AK28: =AJ28 -> 180.12426 | AL28: =AK28 -> 180.12426 | AM28: =AL28 -> 180.12426 | AN28: =AM28 -> 180.12426 | AO28: =AN28 -> 180.12426 | AP28: =AO28 -> 180.12426 | ... BB28: =BA28 -> 180.12426
A29: SI | B29: 88.690625 | C29: 80.7032 | D29: 68.717754 | E29: 78.99453 | F29: =E29*('Shipping EU Ref'!H28/'Shipping EU Ref'!G28) -> 86.584884 | G29: =F29*('Shipping EU Ref'!I28/'Shipping EU Ref'!H28) -> 94.175239 | H29: =G29*('Shipping EU Ref'!J28/'Shipping EU Ref'!I28) -> 101.76559 | I29: =H29*('Shipping EU Ref'!K28/'Shipping EU Ref'!J28) -> 109.35595 | J29: =I29*('Shipping EU Ref'!L28/'Shipping EU Ref'!K28) -> 110.03292 | K29: =J29*('Shipping EU Ref'!M28/'Shipping EU Ref'!L28) -> 110.7099 | L29: =K29*('Shipping EU Ref'!N28/'Shipping EU Ref'!M28) -> 111.38688 | M29: =L29*('Shipping EU Ref'!O28/'Shipping EU Ref'!N28) -> 112.06385 | ... AH29: =AG29*('Shipping EU Ref'!AJ28/'Shipping EU Ref'!AI28) -> 119.28834 | AI29: =AH29 -> 119.28834 | AJ29: =AI29 -> 119.28834 | AK29: =AJ29 -> 119.28834 | AL29: =AK29 -> 119.28834 | AM29: =AL29 -> 119.28834 | AN29: =AM29 -> 119.28834 | AO29: =AN29 -> 119.28834 | AP29: =AO29 -> 119.28834 | ... BB29: =BA29 -> 119.28834
A30: SK | B30: 0.778 | C30: 0.937 | D30: 0.834 | E30: 0.839 | F30: =E30*('Shipping EU Ref'!H62/'Shipping EU Ref'!G62) -> 0.85798856 | G30: =F30*('Shipping EU Ref'!I62/'Shipping EU Ref'!H62) -> 0.87697713 | H30: =G30*('Shipping EU Ref'!J62/'Shipping EU Ref'!I62) -> 0.89596569 | I30: =H30*('Shipping EU Ref'!K62/'Shipping EU Ref'!J62) -> 0.91495426 | J30: =I30*('Shipping EU Ref'!L62/'Shipping EU Ref'!K62) -> 0.92477354 | K30: =J30*('Shipping EU Ref'!M62/'Shipping EU Ref'!L62) -> 0.93459281 | L30: =K30*('Shipping EU Ref'!N62/'Shipping EU Ref'!M62) -> 0.94441209 | M30: =L30*('Shipping EU Ref'!O62/'Shipping EU Ref'!N62) -> 0.95423136 | ... AH30: =AG30*('Shipping EU Ref'!AJ62/'Shipping EU Ref'!AI62) -> 1.0730051 | AI30: =AH30 -> 1.0730051 | AJ30: =AI30 -> 1.0730051 | AK30: =AJ30 -> 1.0730051 | AL30: =AK30 -> 1.0730051 | AM30: =AL30 -> 1.0730051 | AN30: =AM30 -> 1.0730051 | AO30: =AN30 -> 1.0730051 | AP30: =AO30 -> 1.0730051 | ... BB30: =BA30 -> 1.0730051

Sheet Shipping EU Ref
A1: Source: interpolation from EU Reference Scenario 2020 projections
A2: Country | B2: YEAR | F2: 2020 | G2: 2021 | H2: 2022 | I2: 2023 | J2: 2024 | K2: 2025 | L2: 2026 | M2: 2027 | N2: 2028 | O2: 2029 | P2: 2030 | Q2: 2031 | R2: 2032 | S2: 2033 | T2: 2034 | U2: 2035 | V2: 2036 | W2: 2037 | X2: 2038 | Y2: 2039 | Z2: 2040 | AA2: 2041 | AB2: 2042 | AC2: 2043 | AD2: 2044 | AE2: 2045 | AF2: 2046 | AG2: 2047 | AH2: 2048 | AI2: 2049 | AJ2: 2050 | AK2: '20-'30 | AL2: '30-'50
A3: =VLOOKUP(B3,'Country codes'!$A$1:$B$28,2,FALSE) -> AT | B3: Austria | C3: Reference Scenario 2020 (REF2020) | D3: Energy Demand (ktoe) | E3: International maritime | F3: 0 | G3: =F3+(($K3-$F3)/5) -> 0 | H3: =G3+(($K3-$F3)/5) -> 0 | I3: =H3+(($K3-$F3)/5) -> 0 | J3: =I3+(($K3-$F3)/5) -> 0 | K3: 0 | L3: =K3+(($P3-$K3)/5) -> 0 | M3: =L3+(($P3-$K3)/5) -> 0 | N3: =M3+(($P3-$K3)/5) -> 0 | O3: =N3+(($P3-$K3)/5) -> 0 | P3: 0 | Q3: =P3+(($U3-$P3)/5) -> 0 | R3: =Q3+(($U3-$P3)/5) -> 0 | S3: =R3+(($U3-$P3)/5) -> 0 | T3: =S3+(($U3-$P3)/5) -> 0 | U3: 0 | V3: =U3+(($Z3-$U3)/5) -> 0 | W3: =V3+(($Z3-$U3)/5) -> 0 | X3: =W3+(($Z3-$U3)/5) -> 0 | Y3: =X3+(($Z3-$U3)/5) -> 0 | Z3: 0 | AA3: =Z3+(($AE3-$Z3)/5) -> 0 | AB3: =AA3+(($AE3-$Z3)/5) -> 0 | AC3: =AB3+(($AE3-$Z3)/5) -> 0 | AD3: =AC3+(($AE3-$Z3)/5) -> 0 | AE3: 0 | AF3: =AE3+(($AJ3-$AE3)/5) -> 0 | AG3: =AF3+(($AJ3-$AE3)/5) -> 0 | AH3: =AG3+(($AJ3-$AE3)/5) -> 0 | AI3: =AH3+(($AJ3-$AE3)/5) -> 0 | AJ3: 0 | AK3: - | AL3: -
A4: =VLOOKUP(B4,'Country codes'!$A$1:$B$28,2,FALSE) -> BE | B4: Belgium | C4: Reference Scenario 2020 (REF2020) | D4: Energy Demand (ktoe) | E4: International maritime | F4: 5387.2179 | G4: =F4+(($K4-$F4)/5) -> 5893.71 | H4: =G4+(($K4-$F4)/5) -> 6400.2021 | I4: =H4+(($K4-$F4)/5) -> 6906.6942 | J4: =I4+(($K4-$F4)/5) -> 7413.1862 | K4: 7919.6783 | L4: =K4+(($P4-$K4)/5) -> 7913.7843 | M4: =L4+(($P4-$K4)/5) -> 7907.8904 | N4: =M4+(($P4-$K4)/5) -> 7901.9964 | O4: =N4+(($P4-$K4)/5) -> 7896.1024 | P4: 7890.2084 | Q4: =P4+(($U4-$P4)/5) -> 7950.2572 | R4: =Q4+(($U4-$P4)/5) -> 8010.3059 | S4: =R4+(($U4-$P4)/5) -> 8070.3547 | T4: =S4+(($U4-$P4)/5) -> 8130.4035 | U4: 8190.4523 | V4: =U4+(($Z4-$U4)/5) -> 8266.3181 | W4: =V4+(($Z4-$U4)/5) -> 8342.184 | X4: =W4+(($Z4-$U4)/5) -> 8418.0499 | Y4: =X4+(($Z4-$U4)/5) -> 8493.9158 | Z4: 8569.7816 | AA4: =Z4+(($AE4-$Z4)/5) -> 8667.6246 | AB4: =AA4+(($AE4-$Z4)/5) -> 8765.4675 | AC4: =AB4+(($AE4-$Z4)/5) -> 8863.3104 | AD4: =AC4+(($AE4-$Z4)/5) -> 8961.1533 | AE4: 9058.9963 | AF4: =AE4+(($AJ4-$AE4)/5) -> 9139.6913 | AG4: =AF4+(($AJ4-$AE4)/5) -> 9220.3864 | AH4: =AG4+(($AJ4-$AE4)/5) -> 9301.0815 | AI4: =AH4+(($AJ4-$AE4)/5) -> 9381.7766 | AJ4: 9462.4717 | AK4: 3.8896763 | AL4: 0.91269526
A5: =VLOOKUP(B5,'Country codes'!$A$1:$B$28,2,FALSE) -> BG | B5: Bulgaria | C5: Reference Scenario 2020 (REF2020) | D5: Energy Demand (ktoe) | E5: International maritime | F5: 52.800224 | G5: =F5+(($K5-$F5)/5) -> 57.916001 | H5: =G5+(($K5-$F5)/5) -> 63.031779 | I5: =H5+(($K5-$F5)/5) -> 68.147557 | J5: =I5+(($K5-$F5)/5) -> 73.263335 | K5: 78.379113 | L5: =K5+(($P5-$K5)/5) -> 80.683323 | M5: =L5+(($P5-$K5)/5) -> 82.987534 | N5: =M5+(($P5-$K5)/5) -> 85.291744 | O5: =N5+(($P5-$K5)/5) -> 87.595954 | P5: 89.900164 | Q5: =P5+(($U5-$P5)/5) -> 91.778115 | R5: =Q5+(($U5-$P5)/5) -> 93.656065 | S5: =R5+(($U5-$P5)/5) -> 95.534016 | T5: =S5+(($U5-$P5)/5) -> 97.411966 | U5: 99.289917 | V5: =U5+(($Z5-$U5)/5) -> 100.87982 | W5: =V5+(($Z5-$U5)/5) -> 102.46973 | X5: =W5+(($Z5-$U5)/5) -> 104.05964 | Y5: =X5+(($Z5-$U5)/5) -> 105.64954 | Z5: 107.23945 | AA5: =Z5+(($AE5-$Z5)/5) -> 109.73449 | AB5: =AA5+(($AE5-$Z5)/5) -> 112.22952 | AC5: =AB5+(($AE5-$Z5)/5) -> 114.72456 | AD5: =AC5+(($AE5-$Z5)/5) -> 117.2196 | AE5: 119.71464 | AF5: =AE5+(($AJ5-$AE5)/5) -> 121.05387 | AG5: =AF5+(($AJ5-$AE5)/5) -> 122.39309 | AH5: =AG5+(($AJ5-$AE5)/5) -> 123.73232 | AI5: =AH5+(($AJ5-$AE5)/5) -> 125.07155 | AJ5: 126.41078 | AK5: 5.4659994 | AL5: 1.7187891
A6: =VLOOKUP(B6,'Country codes'!$A$1:$B$28,2,FALSE) -> CY | B6: Cyprus | C6: Reference Scenario 2020 (REF2020) | D6: Energy Demand (ktoe) | E6: International maritime | F6: 185.97047 | G6: =F6+(($K6-$F6)/5) -> 202.76503 | H6: =G6+(($K6-$F6)/5) -> 219.55959 | I6: =H6+(($K6-$F6)/5) -> 236.35415 | J6: =I6+(($K6-$F6)/5) -> 253.14871 | K6: 269.94327 | L6: =K6+(($P6-$K6)/5) -> 274.39823 | M6: =L6+(($P6-$K6)/5) -> 278.85318 | N6: =M6+(($P6-$K6)/5) -> 283.30813 | O6: =N6+(($P6-$K6)/5) -> 287.76308 | P6: 292.21803 | Q6: =P6+(($U6-$P6)/5) -> 297.26707 | R6: =Q6+(($U6-$P6)/5) -> 302.3161 | S6: =R6+(($U6-$P6)/5) -> 307.36514 | T6: =S6+(($U6-$P6)/5) -> 312.41417 | U6: 317.4632 | V6: =U6+(($Z6-$U6)/5) -> 322.65679 | W6: =V6+(($Z6-$U6)/5) -> 327.85037 | X6: =W6+(($Z6-$U6)/5) -> 333.04396 | Y6: =X6+(($Z6-$U6)/5) -> 338.23754 | Z6: 343.43113 | AA6: =Z6+(($AE6-$Z6)/5) -> 351.51488 | AB6: =AA6+(($AE6-$Z6)/5) -> 359.59863 | AC6: =AB6+(($AE6-$Z6)/5) -> 367.68238 | AD6: =AC6+(($AE6-$Z6)/5) -> 375.76612 | AE6: 383.84987 | AF6: =AE6+(($AJ6-$AE6)/5) -> 390.55353 | AG6: =AF6+(($AJ6-$AE6)/5) -> 397.25719 | AH6: =AG6+(($AJ6-$AE6)/5) -> 403.96085 | AI6: =AH6+(($AJ6-$AE6)/5) -> 410.66451 | AJ6: 417.36817 | AK6: 4.6227911 | AL6: 1.7983212
A7: =VLOOKUP(B7,'Country codes'!$A$1:$B$28,2,FALSE) -> CZ | B7: Czechia | C7: Reference Scenario 2020 (REF2020) | D7: Energy Demand (ktoe) | E7: International maritime | F7: 0 | G7: =F7+(($K7-$F7)/5) -> 0 | H7: =G7+(($K7-$F7)/5) -> 0 | I7: =H7+(($K7-$F7)/5) -> 0 | J7: =I7+(($K7-$F7)/5) -> 0 | K7: 0 | L7: =K7+(($P7-$K7)/5) -> 0 | M7: =L7+(($P7-$K7)/5) -> 0 | N7: =M7+(($P7-$K7)/5) -> 0 | O7: =N7+(($P7-$K7)/5) -> 0 | P7: 0 | Q7: =P7+(($U7-$P7)/5) -> 0 | R7: =Q7+(($U7-$P7)/5) -> 0 | S7: =R7+(($U7-$P7)/5) -> 0 | T7: =S7+(($U7-$P7)/5) -> 0 | U7: 0 | V7: =U7+(($Z7-$U7)/5) -> 0 | W7: =V7+(($Z7-$U7)/5) -> 0 | X7: =W7+(($Z7-$U7)/5) -> 0 | Y7: =X7+(($Z7-$U7)/5) -> 0 | Z7: 0 | AA7: =Z7+(($AE7-$Z7)/5) -> 0 | AB7: =AA7+(($AE7-$Z7)/5) -> 0 | AC7: =AB7+(($AE7-$Z7)/5) -> 0 | AD7: =AC7+(($AE7-$Z7)/5) -> 0 | AE7: 0 | AF7: =AE7+(($AJ7-$AE7)/5) -> 0 | AG7: =AF7+(($AJ7-$AE7)/5) -> 0 | AH7: =AG7+(($AJ7-$AE7)/5) -> 0 | AI7: =AH7+(($AJ7-$AE7)/5) -> 0 | AJ7: 0 | AK7: - | AL7: -
A8: =VLOOKUP(B8,'Country codes'!$A$1:$B$28,2,FALSE) -> DE | B8: Germany | C8: Reference Scenario 2020 (REF2020) | D8: Energy Demand (ktoe) | E8: International maritime | F8: 1758.4251 | G8: =F8+(($K8-$F8)/5) -> 1920.4673 | H8: =G8+(($K8-$F8)/5) -> 2082.5094 | I8: =H8+(($K8-$F8)/5) -> 2244.5516 | J8: =I8+(($K8-$F8)/5) -> 2406.5937 | K8: 2568.6359 | L8: =K8+(($P8-$K8)/5) -> 2606.9661 | M8: =L8+(($P8-$K8)/5) -> 2645.2963 | N8: =M8+(($P8-$K8)/5) -> 2683.6265 | O8: =N8+(($P8-$K8)/5) -> 2721.9568 | P8: 2760.287 | Q8: =P8+(($U8-$P8)/5) -> 2795.79 | R8: =Q8+(($U8-$P8)/5) -> 2831.2929 | S8: =R8+(($U8-$P8)/5) -> 2866.7959 | T8: =S8+(($U8-$P8)/5) -> 2902.2989 | U8: 2937.8018 | V8: =U8+(($Z8-$U8)/5) -> 2982.246 | W8: =V8+(($Z8-$U8)/5) -> 3026.6902 | X8: =W8+(($Z8-$U8)/5) -> 3071.1344 | Y8: =X8+(($Z8-$U8)/5) -> 3115.5786 | Z8: 3160.0228 | AA8: =Z8+(($AE8-$Z8)/5) -> 3202.6734 | AB8: =AA8+(($AE8-$Z8)/5) -> 3245.3241 | AC8: =AB8+(($AE8-$Z8)/5) -> 3287.9747 | AD8: =AC8+(($AE8-$Z8)/5) -> 3330.6254 | AE8: 3373.2761 | AF8: =AE8+(($AJ8-$AE8)/5) -> 3411.8511 | AG8: =AF8+(($AJ8-$AE8)/5) -> 3450.4262 | AH8: =AG8+(($AJ8-$AE8)/5) -> 3489.0013 | AI8: =AH8+(($AJ8-$AE8)/5) -> 3527.5763 | AJ8: 3566.1514 | AK8: 4.6123689 | AL8: 1.2889984
A9: =VLOOKUP(B9,'Country codes'!$A$1:$B$28,2,FALSE) -> DK | B9: Denmark | C9: Reference Scenario 2020 (REF2020) | D9: Energy Demand (ktoe) | E9: International maritime | F9: 544.61571 | G9: =F9+(($K9-$F9)/5) -> 598.65237 | H9: =G9+(($K9-$F9)/5) -> 652.68904 | I9: =H9+(($K9-$F9)/5) -> 706.7257 | J9: =I9+(($K9-$F9)/5) -> 760.76236 | K9: 814.79902 | L9: =K9+(($P9-$K9)/5) -> 828.72518 | M9: =L9+(($P9-$K9)/5) -> 842.65133 | N9: =M9+(($P9-$K9)/5) -> 856.57748 | O9: =N9+(($P9-$K9)/5) -> 870.50364 | P9: 884.42979 | Q9: =P9+(($U9-$P9)/5) -> 898.82594 | R9: =Q9+(($U9-$P9)/5) -> 913.22208 | S9: =R9+(($U9-$P9)/5) -> 927.61823 | T9: =S9+(($U9-$P9)/5) -> 942.01438 | U9: 956.41053 | V9: =U9+(($Z9-$U9)/5) -> 976.66867 | W9: =V9+(($Z9-$U9)/5) -> 996.92682 | X9: =W9+(($Z9-$U9)/5) -> 1017.185 | Y9: =X9+(($Z9-$U9)/5) -> 1037.4431 | Z9: 1057.7013 | AA9: =Z9+(($AE9-$Z9)/5) -> 1078.1559 | AB9: =AA9+(($AE9-$Z9)/5) -> 1098.6106 | AC9: =AB9+(($AE9-$Z9)/5) -> 1119.0652 | AD9: =AC9+(($AE9-$Z9)/5) -> 1139.5199 | AE9: 1159.9745 | AF9: =AE9+(($AJ9-$AE9)/5) -> 1182.1567 | AG9: =AF9+(($AJ9-$AE9)/5) -> 1204.339 | AH9: =AG9+(($AJ9-$AE9)/5) -> 1226.5212 | AI9: =AH9+(($AJ9-$AE9)/5) -> 1248.7035 | AJ9: 1270.8857 | AK9: 4.968096 | AL9: 1.8291591
A10: =VLOOKUP(B10,'Country codes'!$A$1:$B$28,2,FALSE) -> EE | B10: Estonia | C10: Reference Scenario 2020 (REF2020) | D10: Energy Demand (ktoe) | E10: International maritime | F10: 228.31223 | G10: =F10+(($K10-$F10)/5) -> 252.64565 | H10: =G10+(($K10-$F10)/5) -> 276.97907 | I10: =H10+(($K10-$F10)/5) -> 301.31249 | J10: =I10+(($K10-$F10)/5) -> 325.64591 | K10: 349.97933 | L10: =K10+(($P10-$K10)/5) -> 353.17557 | M10: =L10+(($P10-$K10)/5) -> 356.3718 | N10: =M10+(($P10-$K10)/5) -> 359.56804 | O10: =N10+(($P10-$K10)/5) -> 362.76427 | P10: 365.96051 | Q10: =P10+(($U10-$P10)/5) -> 369.61963 | R10: =Q10+(($U10-$P10)/5) -> 373.27876 | S10: =R10+(($U10-$P10)/5) -> 376.93788 | T10: =S10+(($U10-$P10)/5) -> 380.597 | U10: 384.25613 | V10: =U10+(($Z10-$U10)/5) -> 387.75565 | W10: =V10+(($Z10-$U10)/5) -> 391.25517 | X10: =W10+(($Z10-$U10)/5) -> 394.7547 | Y10: =X10+(($Z10-$U10)/5) -> 398.25422 | Z10: 401.75374 | AA10: =Z10+(($AE10-$Z10)/5) -> 403.28936 | AB10: =AA10+(($AE10-$Z10)/5) -> 404.82497 | AC10: =AB10+(($AE10-$Z10)/5) -> 406.36058 | AD10: =AC10+(($AE10-$Z10)/5) -> 407.8962 | AE10: 409.43181 | AF10: =AE10+(($AJ10-$AE10)/5) -> 409.91487 | AG10: =AF10+(($AJ10-$AE10)/5) -> 410.39793 | AH10: =AG10+(($AJ10-$AE10)/5) -> 410.881 | AI10: =AH10+(($AJ10-$AE10)/5) -> 411.36406 | AJ10: 411.84712 | AK10: 4.8311871 | AL10: 0.59238159
A11: =VLOOKUP(B11,'Country codes'!$A$1:$B$28,2,FALSE) -> ES | B11: Spain | C11: Reference Scenario 2020 (REF2020) | D11: Energy Demand (ktoe) | E11: International maritime | F11: 4725.4906 | G11: =F11+(($K11-$F11)/5) -> 5133.0152 | H11: =G11+(($K11-$F11)/5) -> 5540.5398 | I11: =H11+(($K11-$F11)/5) -> 5948.0644 | J11: =I11+(($K11-$F11)/5) -> 6355.589 | K11: 6763.1136 | L11: =K11+(($P11-$K11)/5) -> 6800.0757 | M11: =L11+(($P11-$K11)/5) -> 6837.0377 | N11: =M11+(($P11-$K11)/5) -> 6873.9998 | O11: =N11+(($P11-$K11)/5) -> 6910.9618 | P11: 6947.9239 | Q11: =P11+(($U11-$P11)/5) -> 7000.8132 | R11: =Q11+(($U11-$P11)/5) -> 7053.7025 | S11: =R11+(($U11-$P11)/5) -> 7106.5918 | T11: =S11+(($U11-$P11)/5) -> 7159.4811 | U11: 7212.3704 | V11: =U11+(($Z11-$U11)/5) -> 7275.6863 | W11: =V11+(($Z11-$U11)/5) -> 7339.0021 | X11: =W11+(($Z11-$U11)/5) -> 7402.318 | Y11: =X11+(($Z11-$U11)/5) -> 7465.6339 | Z11: 7528.9498 | AA11: =Z11+(($AE11-$Z11)/5) -> 7600.1358 | AB11: =AA11+(($AE11-$Z11)/5) -> 7671.3218 | AC11: =AB11+(($AE11-$Z11)/5) -> 7742.5078 | AD11: =AC11+(($AE11-$Z11)/5) -> 7813.6937 | AE11: 7884.8797 | AF11: =AE11+(($AJ11-$AE11)/5) -> 7957.6766 | AG11: =AF11+(($AJ11-$AE11)/5) -> 8030.4735 | AH11: =AG11+(($AJ11-$AE11)/5) -> 8103.2703 | AI11: =AH11+(($AJ11-$AE11)/5) -> 8176.0672 | AJ11: 8248.8641 | AK11: 3.9299731 | AL11: 0.86185584
A12: =VLOOKUP(B12,'Country codes'!$A$1:$B$28,2,FALSE) -> FI | B12: Finland | C12: Reference Scenario 2020 (REF2020) | D12: Energy Demand (ktoe) | E12: International maritime | F12: 237.85315 | G12: =F12+(($K12-$F12)/5) -> 258.61458 | H12: =G12+(($K12-$F12)/5) -> 279.37601 | I12: =H12+(($K12-$F12)/5) -> 300.13744 | J12: =I12+(($K12-$F12)/5) -> 320.89886 | K12: 341.66029 | L12: =K12+(($P12-$K12)/5) -> 341.37902 | M12: =L12+(($P12-$K12)/5) -> 341.09775 | N12: =M12+(($P12-$K12)/5) -> 340.81648 | O12: =N12+(($P12-$K12)/5) -> 340.53522 | P12: 340.25395 | Q12: =P12+(($U12-$P12)/5) -> 343.12315 | R12: =Q12+(($U12-$P12)/5) -> 345.99236 | S12: =R12+(($U12-$P12)/5) -> 348.86157 | T12: =S12+(($U12-$P12)/5) -> 351.73078 | U12: 354.59999 | V12: =U12+(($Z12-$U12)/5) -> 357.31301 | W12: =V12+(($Z12-$U12)/5) -> 360.02603 | X12: =W12+(($Z12-$U12)/5) -> 362.73905 | Y12: =X12+(($Z12-$U12)/5) -> 365.45208 | Z12: 368.1651 | AA12: =Z12+(($AE12-$Z12)/5) -> 370.60724 | AB12: =AA12+(($AE12-$Z12)/5) -> 373.04939 | AC12: =AB12+(($AE12-$Z12)/5) -> 375.49154 | AD12: =AC12+(($AE12-$Z12)/5) -> 377.93369 | AE12: 380.37583 | AF12: =AE12+(($AJ12-$AE12)/5) -> 381.39508 | AG12: =AF12+(($AJ12-$AE12)/5) -> 382.41433 | AH12: =AG12+(($AJ12-$AE12)/5) -> 383.43357 | AI12: =AH12+(($AJ12-$AE12)/5) -> 384.45282 | AJ12: 385.47207 | AK12: 3.6452554 | AL12: 0.62583263
A13: =VLOOKUP(B13,'Country codes'!$A$1:$B$28,2,FALSE) -> FR | B13: France | C13: Reference Scenario 2020 (REF2020) | D13: Energy Demand (ktoe) | E13: International maritime | F13: 1223.0686 | G13: =F13+(($K13-$F13)/5) -> 1331.6326 | H13: =G13+(($K13-$F13)/5) -> 1440.1965 | I13: =H13+(($K13-$F13)/5) -> 1548.7605 | J13: =I13+(($K13-$F13)/5) -> 1657.3244 | K13: 1765.8884 | L13: =K13+(($P13-$K13)/5) -> 1777.4744 | M13: =L13+(($P13-$K13)/5) -> 1789.0605 | N13: =M13+(($P13-$K13)/5) -> 1800.6465 | O13: =N13+(($P13-$K13)/5) -> 1812.2326 | P13: 1823.8186 | Q13: =P13+(($U13-$P13)/5) -> 1831.8011 | R13: =Q13+(($U13-$P13)/5) -> 1839.7836 | S13: =R13+(($U13-$P13)/5) -> 1847.7661 | T13: =S13+(($U13-$P13)/5) -> 1855.7486 | U13: 1863.7311 | V13: =U13+(($Z13-$U13)/5) -> 1875.2563 | W13: =V13+(($Z13-$U13)/5) -> 1886.7816 | X13: =W13+(($Z13-$U13)/5) -> 1898.3069 | Y13: =X13+(($Z13-$U13)/5) -> 1909.8322 | Z13: 1921.3575 | AA13: =Z13+(($AE13-$Z13)/5) -> 1933.4044 | AB13: =AA13+(($AE13-$Z13)/5) -> 1945.4513 | AC13: =AB13+(($AE13-$Z13)/5) -> 1957.4982 | AD13: =AC13+(($AE13-$Z13)/5) -> 1969.5451 | AE13: 1981.592 | AF13: =AE13+(($AJ13-$AE13)/5) -> 1988.8845 | AG13: =AF13+(($AJ13-$AE13)/5) -> 1996.177 | AH13: =AG13+(($AJ13-$AE13)/5) -> 2003.4696 | AI13: =AH13+(($AJ13-$AE13)/5) -> 2010.7621 | AJ13: 2018.0546 | AK13: 4.0765966 | AL13: 0.50729015
A14: =VLOOKUP(B14,'Country codes'!$A$1:$B$28,2,FALSE) -> GR | B14: Greece | C14: Reference Scenario 2020 (REF2020) | D14: Energy Demand (ktoe) | E14: International maritime | F14: 1505.088 | G14: =F14+(($K14-$F14)/5) -> 1636.3342 | H14: =G14+(($K14-$F14)/5) -> 1767.5803 | I14: =H14+(($K14-$F14)/5) -> 1898.8264 | J14: =I14+(($K14-$F14)/5) -> 2030.0726 | K14: 2161.3187 | L14: =K14+(($P14-$K14)/5) -> 2165.089 | M14: =L14+(($P14-$K14)/5) -> 2168.8592 | N14: =M14+(($P14-$K14)/5) -> 2172.6295 | O14: =N14+(($P14-$K14)/5) -> 2176.3997 | P14: 2180.17 | Q14: =P14+(($U14-$P14)/5) -> 2194.2199 | R14: =Q14+(($U14-$P14)/5) -> 2208.2699 | S14: =R14+(($U14-$P14)/5) -> 2222.3199 | T14: =S14+(($U14-$P14)/5) -> 2236.3699 | U14: 2250.4199 | V14: =U14+(($Z14-$U14)/5) -> 2274.2993 | W14: =V14+(($Z14-$U14)/5) -> 2298.1788 | X14: =W14+(($Z14-$U14)/5) -> 2322.0583 | Y14: =X14+(($Z14-$U14)/5) -> 2345.9377 | Z14: 2369.8172 | AA14: =Z14+(($AE14-$Z14)/5) -> 2390.217 | AB14: =AA14+(($AE14-$Z14)/5) -> 2410.6168 | AC14: =AB14+(($AE14-$Z14)/5) -> 2431.0166 | AD14: =AC14+(($AE14-$Z14)/5) -> 2451.4164 | AE14: 2471.8162 | AF14: =AE14+(($AJ14-$AE14)/5) -> 2487.6717 | AG14: =AF14+(($AJ14-$AE14)/5) -> 2503.5273 | AH14: =AG14+(($AJ14-$AE14)/5) -> 2519.3829 | AI14: =AH14+(($AJ14-$AE14)/5) -> 2535.2384 | AJ14: 2551.094 | AK14: 3.7750247 | AL14: 0.78869115
A15: =VLOOKUP(B15,'Country codes'!$A$1:$B$28,2,FALSE) -> HR | B15: Croatia | C15: Reference Scenario 2020 (REF2020) | D15: Energy Demand (ktoe) | E15: International maritime | F15: 3.3747279 | G15: =F15+(($K15-$F15)/5) -> 3.6134662 | H15: =G15+(($K15-$F15)/5) -> 3.8522044 | I15: =H15+(($K15-$F15)/5) -> 4.0909427 | J15: =I15+(($K15-$F15)/5) -> 4.329681 | K15: 4.5684192 | L15: =K15+(($P15-$K15)/5) -> 4.5645612 | M15: =L15+(($P15-$K15)/5) -> 4.5607032 | N15: =M15+(($P15-$K15)/5) -> 4.5568452 | O15: =N15+(($P15-$K15)/5) -> 4.5529871 | P15: 4.5491291 | Q15: =P15+(($U15-$P15)/5) -> 4.5856257 | R15: =Q15+(($U15-$P15)/5) -> 4.6221223 | S15: =R15+(($U15-$P15)/5) -> 4.6586189 | T15: =S15+(($U15-$P15)/5) -> 4.6951155 | U15: 4.7316121 | V15: =U15+(($Z15-$U15)/5) -> 4.7687867 | W15: =V15+(($Z15-$U15)/5) -> 4.8059613 | X15: =W15+(($Z15-$U15)/5) -> 4.8431359 | Y15: =X15+(($Z15-$U15)/5) -> 4.8803105 | Z15: 4.9174851 | AA15: =Z15+(($AE15-$Z15)/5) -> 4.9366715 | AB15: =AA15+(($AE15-$Z15)/5) -> 4.9558579 | AC15: =AB15+(($AE15-$Z15)/5) -> 4.9750443 | AD15: =AC15+(($AE15-$Z15)/5) -> 4.9942307 | AE15: 5.0134171 | AF15: =AE15+(($AJ15-$AE15)/5) -> 5.0071969 | AG15: =AF15+(($AJ15-$AE15)/5) -> 5.0009767 | AH15: =AG15+(($AJ15-$AE15)/5) -> 4.9947565 | AI15: =AH15+(($AJ15-$AE15)/5) -> 4.9885363 | AJ15: 4.9823161 | AK15: 3.0312456 | AL15: 0.45583101
A16: =VLOOKUP(B16,'Country codes'!$A$1:$B$28,2,FALSE) -> HU | B16: Hungary | C16: Reference Scenario 2020 (REF2020) | D16: Energy Demand (ktoe) | E16: International maritime | F16: 0 | G16: =F16+(($K16-$F16)/5) -> 0 | H16: =G16+(($K16-$F16)/5) -> 0 | I16: =H16+(($K16-$F16)/5) -> 0 | J16: =I16+(($K16-$F16)/5) -> 0 | K16: 0 | L16: =K16+(($P16-$K16)/5) -> 0 | M16: =L16+(($P16-$K16)/5) -> 0 | N16: =M16+(($P16-$K16)/5) -> 0 | O16: =N16+(($P16-$K16)/5) -> 0 | P16: 0 | Q16: =P16+(($U16-$P16)/5) -> 0 | R16: =Q16+(($U16-$P16)/5) -> 0 | S16: =R16+(($U16-$P16)/5) -> 0 | T16: =S16+(($U16-$P16)/5) -> 0 | U16: 0 | V16: =U16+(($Z16-$U16)/5) -> 0 | W16: =V16+(($Z16-$U16)/5) -> 0 | X16: =W16+(($Z16-$U16)/5) -> 0 | Y16: =X16+(($Z16-$U16)/5) -> 0 | Z16: 0 | AA16: =Z16+(($AE16-$Z16)/5) -> 0 | AB16: =AA16+(($AE16-$Z16)/5) -> 0 | AC16: =AB16+(($AE16-$Z16)/5) -> 0 | AD16: =AC16+(($AE16-$Z16)/5) -> 0 | AE16: 0 | AF16: =AE16+(($AJ16-$AE16)/5) -> 0 | AG16: =AF16+(($AJ16-$AE16)/5) -> 0 | AH16: =AG16+(($AJ16-$AE16)/5) -> 0 | AI16: =AH16+(($AJ16-$AE16)/5) -> 0 | AJ16: 0 | AK16: - | AL16: -
A17: =VLOOKUP(B17,'Country codes'!$A$1:$B$28,2,FALSE) -> IE | B17: Ireland | C17: Reference Scenario 2020 (REF2020) | D17: Energy Demand (ktoe) | E17: International maritime | F17: 117.26721 | G17: =F17+(($K17-$F17)/5) -> 130.15767 | H17: =G17+(($K17-$F17)/5) -> 143.04812 | I17: =H17+(($K17-$F17)/5) -> 155.93858 | J17: =I17+(($K17-$F17)/5) -> 168.82904 | K17: 181.71949 | L17: =K17+(($P17-$K17)/5) -> 187.81054 | M17: =L17+(($P17-$K17)/5) -> 193.90159 | N17: =M17+(($P17-$K17)/5) -> 199.99264 | O17: =N17+(($P17-$K17)/5) -> 206.08369 | P17: 212.17474 | Q17: =P17+(($U17-$P17)/5) -> 214.96933 | R17: =Q17+(($U17-$P17)/5) -> 217.76393 | S17: =R17+(($U17-$P17)/5) -> 220.55853 | T17: =S17+(($U17-$P17)/5) -> 223.35312 | U17: 226.14772 | V17: =U17+(($Z17-$U17)/5) -> 228.81336 | W17: =V17+(($Z17-$U17)/5) -> 231.479 | X17: =W17+(($Z17-$U17)/5) -> 234.14464 | Y17: =X17+(($Z17-$U17)/5) -> 236.81029 | Z17: 239.47593 | AA17: =Z17+(($AE17-$Z17)/5) -> 240.90328 | AB17: =AA17+(($AE17-$Z17)/5) -> 242.33064 | AC17: =AB17+(($AE17-$Z17)/5) -> 243.75799 | AD17: =AC17+(($AE17-$Z17)/5) -> 245.18535 | AE17: 246.6127 | AF17: =AE17+(($AJ17-$AE17)/5) -> 247.09799 | AG17: =AF17+(($AJ17-$AE17)/5) -> 247.58328 | AH17: =AG17+(($AJ17-$AE17)/5) -> 248.06857 | AI17: =AH17+(($AJ17-$AE17)/5) -> 248.55387 | AJ17: 249.03916 | AK17: 6.1088744 | AL17: 0.80421641
A18: =VLOOKUP(B18,'Country codes'!$A$1:$B$28,2,FALSE) -> IT | B18: Italy | C18: Reference Scenario 2020 (REF2020) | D18: Energy Demand (ktoe) | E18: International maritime | F18: 1599.1011 | G18: =F18+(($K18-$F18)/5) -> 1748.0217 | H18: =G18+(($K18-$F18)/5) -> 1896.9424 | I18: =H18+(($K18-$F18)/5) -> 2045.863 | J18: =I18+(($K18-$F18)/5) -> 2194.7836 | K18: 2343.7042 | L18: =K18+(($P18-$K18)/5) -> 2353.5238 | M18: =L18+(($P18-$K18)/5) -> 2363.3434 | N18: =M18+(($P18-$K18)/5) -> 2373.1629 | O18: =N18+(($P18-$K18)/5) -> 2382.9825 | P18: 2392.8021 | Q18: =P18+(($U18-$P18)/5) -> 2406.7511 | R18: =Q18+(($U18-$P18)/5) -> 2420.7001 | S18: =R18+(($U18-$P18)/5) -> 2434.649 | T18: =S18+(($U18-$P18)/5) -> 2448.598 | U18: 2462.547 | V18: =U18+(($Z18-$U18)/5) -> 2480.0712 | W18: =V18+(($Z18-$U18)/5) -> 2497.5954 | X18: =W18+(($Z18-$U18)/5) -> 2515.1196 | Y18: =X18+(($Z18-$U18)/5) -> 2532.6438 | Z18: 2550.168 | AA18: =Z18+(($AE18-$Z18)/5) -> 2561.1182 | AB18: =AA18+(($AE18-$Z18)/5) -> 2572.0684 | AC18: =AB18+(($AE18-$Z18)/5) -> 2583.0186 | AD18: =AC18+(($AE18-$Z18)/5) -> 2593.9687 | AE18: 2604.9189 | AF18: =AE18+(($AJ18-$AE18)/5) -> 2618.1078 | AG18: =AF18+(($AJ18-$AE18)/5) -> 2631.2966 | AH18: =AG18+(($AJ18-$AE18)/5) -> 2644.4854 | AI18: =AH18+(($AJ18-$AE18)/5) -> 2657.6743 | AJ18: 2670.8631 | AK18: 4.1125504 | AL18: 0.55119637
A19: =VLOOKUP(B19,'Country codes'!$A$1:$B$28,2,FALSE) -> LT | B19: Lithuania | C19: Reference Scenario 2020 (REF2020) | D19: Energy Demand (ktoe) | E19: International maritime | F19: 121.52575 | G19: =F19+(($K19-$F19)/5) -> 133.31229 | H19: =G19+(($K19-$F19)/5) -> 145.09883 | I19: =H19+(($K19-$F19)/5) -> 156.88537 | J19: =I19+(($K19-$F19)/5) -> 168.67192 | K19: 180.45846 | L19: =K19+(($P19-$K19)/5) -> 183.22475 | M19: =L19+(($P19-$K19)/5) -> 185.99105 | N19: =M19+(($P19-$K19)/5) -> 188.75735 | O19: =N19+(($P19-$K19)/5) -> 191.52364 | P19: 194.28994 | Q19: =P19+(($U19-$P19)/5) -> 194.97817 | R19: =Q19+(($U19-$P19)/5) -> 195.66641 | S19: =R19+(($U19-$P19)/5) -> 196.35464 | T19: =S19+(($U19-$P19)/5) -> 197.04288 | U19: 197.73112 | V19: =U19+(($Z19-$U19)/5) -> 198.91774 | W19: =V19+(($Z19-$U19)/5) -> 200.10436 | X19: =W19+(($Z19-$U19)/5) -> 201.29098 | Y19: =X19+(($Z19-$U19)/5) -> 202.4776 | Z19: 203.66422 | AA19: =Z19+(($AE19-$Z19)/5) -> 203.81126 | AB19: =AA19+(($AE19-$Z19)/5) -> 203.9583 | AC19: =AB19+(($AE19-$Z19)/5) -> 204.10533 | AD19: =AC19+(($AE19-$Z19)/5) -> 204.25237 | AE19: 204.39941 | AF19: =AE19+(($AJ19-$AE19)/5) -> 204.06512 | AG19: =AF19+(($AJ19-$AE19)/5) -> 203.73083 | AH19: =AG19+(($AJ19-$AE19)/5) -> 203.39654 | AI19: =AH19+(($AJ19-$AE19)/5) -> 203.06225 | AJ19: 202.72796 | AK19: 4.8040825 | AL19: 0.21279309
A20: =VLOOKUP(B20,'Country codes'!$A$1:$B$28,2,FALSE) -> LU | B20: Luxembourg | C20: Reference Scenario 2020 (REF2020) | D20: Energy Demand (ktoe) | E20: International maritime | F20: 0 | G20: =F20+(($K20-$F20)/5) -> 0 | H20: =G20+(($K20-$F20)/5) -> 0 | I20: =H20+(($K20-$F20)/5) -> 0 | J20: =I20+(($K20-$F20)/5) -> 0 | K20: 0 | L20: =K20+(($P20-$K20)/5) -> 0 | M20: =L20+(($P20-$K20)/5) -> 0 | N20: =M20+(($P20-$K20)/5) -> 0 | O20: =N20+(($P20-$K20)/5) -> 0 | P20: 0 | Q20: =P20+(($U20-$P20)/5) -> 0 | R20: =Q20+(($U20-$P20)/5) -> 0 | S20: =R20+(($U20-$P20)/5) -> 0 | T20: =S20+(($U20-$P20)/5) -> 0 | U20: 0 | V20: =U20+(($Z20-$U20)/5) -> 0 | W20: =V20+(($Z20-$U20)/5) -> 0 | X20: =W20+(($Z20-$U20)/5) -> 0 | Y20: =X20+(($Z20-$U20)/5) -> 0 | Z20: 0 | AA20: =Z20+(($AE20-$Z20)/5) -> 0 | AB20: =AA20+(($AE20-$Z20)/5) -> 0 | AC20: =AB20+(($AE20-$Z20)/5) -> 0 | AD20: =AC20+(($AE20-$Z20)/5) -> 0 | AE20: 0 | AF20: =AE20+(($AJ20-$AE20)/5) -> 0 | AG20: =AF20+(($AJ20-$AE20)/5) -> 0 | AH20: =AG20+(($AJ20-$AE20)/5) -> 0 | AI20: =AH20+(($AJ20-$AE20)/5) -> 0 | AJ20: 0 | AK20: - | AL20: -
A21: =VLOOKUP(B21,'Country codes'!$A$1:$B$28,2,FALSE) -> LV | B21: Latvia | C21: Reference Scenario 2020 (REF2020) | D21: Energy Demand (ktoe) | E21: International maritime | F21: 188.95701 | G21: =F21+(($K21-$F21)/5) -> 206.28842 | H21: =G21+(($K21-$F21)/5) -> 223.61983 | I21: =H21+(($K21-$F21)/5) -> 240.95125 | J21: =I21+(($K21-$F21)/5) -> 258.28266 | K21: 275.61408 | L21: =K21+(($P21-$K21)/5) -> 279.02027 | M21: =L21+(($P21-$K21)/5) -> 282.42647 | N21: =M21+(($P21-$K21)/5) -> 285.83267 | O21: =N21+(($P21-$K21)/5) -> 289.23887 | P21: 292.64506 | Q21: =P21+(($U21-$P21)/5) -> 296.52293 | R21: =Q21+(($U21-$P21)/5) -> 300.4008 | S21: =R21+(($U21-$P21)/5) -> 304.27867 | T21: =S21+(($U21-$P21)/5) -> 308.15654 | U21: 312.03441 | V21: =U21+(($Z21-$U21)/5) -> 316.18846 | W21: =V21+(($Z21-$U21)/5) -> 320.34251 | X21: =W21+(($Z21-$U21)/5) -> 324.49656 | Y21: =X21+(($Z21-$U21)/5) -> 328.65061 | Z21: 332.80467 | AA21: =Z21+(($AE21-$Z21)/5) -> 336.454 | AB21: =AA21+(($AE21-$Z21)/5) -> 340.10334 | AC21: =AB21+(($AE21-$Z21)/5) -> 343.75267 | AD21: =AC21+(($AE21-$Z21)/5) -> 347.40201 | AE21: 351.05134 | AF21: =AE21+(($AJ21-$AE21)/5) -> 352.37889 | AG21: =AF21+(($AJ21-$AE21)/5) -> 353.70644 | AH21: =AG21+(($AJ21-$AE21)/5) -> 355.03399 | AI21: =AH21+(($AJ21-$AE21)/5) -> 356.36154 | AJ21: 357.68909 | AK21: 4.4714975 | AL21: 1.0085704
A22: =VLOOKUP(B22,'Country codes'!$A$1:$B$28,2,FALSE) -> MT | B22: Malta | C22: Reference Scenario 2020 (REF2020) | D22: Energy Demand (ktoe) | E22: International maritime | F22: 1601.3184 | G22: =F22+(($K22-$F22)/5) -> 1728.1002 | H22: =G22+(($K22-$F22)/5) -> 1854.882 | I22: =H22+(($K22-$F22)/5) -> 1981.6638 | J22: =I22+(($K22-$F22)/5) -> 2108.4456 | K22: 2235.2274 | L22: =K22+(($P22-$K22)/5) -> 2285.9597 | M22: =L22+(($P22-$K22)/5) -> 2336.692 | N22: =M22+(($P22-$K22)/5) -> 2387.4243 | O22: =N22+(($P22-$K22)/5) -> 2438.1566 | P22: 2488.8889 | Q22: =P22+(($U22-$P22)/5) -> 2520.8727 | R22: =Q22+(($U22-$P22)/5) -> 2552.8564 | S22: =R22+(($U22-$P22)/5) -> 2584.8402 | T22: =S22+(($U22-$P22)/5) -> 2616.8239 | U22: 2648.8077 | V22: =U22+(($Z22-$U22)/5) -> 2670.3786 | W22: =V22+(($Z22-$U22)/5) -> 2691.9496 | X22: =W22+(($Z22-$U22)/5) -> 2713.5205 | Y22: =X22+(($Z22-$U22)/5) -> 2735.0915 | Z22: 2756.6624 | AA22: =Z22+(($AE22-$Z22)/5) -> 2780.7042 | AB22: =AA22+(($AE22-$Z22)/5) -> 2804.746 | AC22: =AB22+(($AE22-$Z22)/5) -> 2828.7879 | AD22: =AC22+(($AE22-$Z22)/5) -> 2852.8297 | AE22: 2876.8715 | AF22: =AE22+(($AJ22-$AE22)/5) -> 2887.6898 | AG22: =AF22+(($AJ22-$AE22)/5) -> 2898.508 | AH22: =AG22+(($AJ22-$AE22)/5) -> 2909.3262 | AI22: =AH22+(($AJ22-$AE22)/5) -> 2920.1444 | AJ22: 2930.9626 | AK22: 4.508781 | AL22: 0.82082306
A23: =VLOOKUP(B23,'Country codes'!$A$1:$B$28,2,FALSE) -> NL | B23: Netherlands | C23: Reference Scenario 2020 (REF2020) | D23: Energy Demand (ktoe) | E23: International maritime | F23: 8509.4456 | G23: =F23+(($K23-$F23)/5) -> 9255.4854 | H23: =G23+(($K23-$F23)/5) -> 10001.525 | I23: =H23+(($K23-$F23)/5) -> 10747.565 | J23: =I23+(($K23-$F23)/5) -> 11493.605 | K23: 12239.645 | L23: =K23+(($P23-$K23)/5) -> 12361.289 | M23: =L23+(($P23-$K23)/5) -> 12482.933 | N23: =M23+(($P23-$K23)/5) -> 12604.578 | O23: =N23+(($P23-$K23)/5) -> 12726.222 | P23: 12847.866 | Q23: =P23+(($U23-$P23)/5) -> 12932.902 | R23: =Q23+(($U23-$P23)/5) -> 13017.937 | S23: =R23+(($U23-$P23)/5) -> 13102.972 | T23: =S23+(($U23-$P23)/5) -> 13188.008 | U23: 13273.043 | V23: =U23+(($Z23-$U23)/5) -> 13432.566 | W23: =V23+(($Z23-$U23)/5) -> 13592.089 | X23: =W23+(($Z23-$U23)/5) -> 13751.612 | Y23: =X23+(($Z23-$U23)/5) -> 13911.135 | Z23: 14070.657 | AA23: =Z23+(($AE23-$Z23)/5) -> 14260.331 | AB23: =AA23+(($AE23-$Z23)/5) -> 14450.005 | AC23: =AB23+(($AE23-$Z23)/5) -> 14639.679 | AD23: =AC23+(($AE23-$Z23)/5) -> 14829.353 | AE23: 15019.027 | AF23: =AE23+(($AJ23-$AE23)/5) -> 15227.724 | AG23: =AF23+(($AJ23-$AE23)/5) -> 15436.421 | AH23: =AG23+(($AJ23-$AE23)/5) -> 15645.118 | AI23: =AH23+(($AJ23-$AE23)/5) -> 15853.815 | AJ23: 16062.511 | AK23: 4.2060595 | AL23: 1.1228084
A24: =VLOOKUP(B24,'Country codes'!$A$1:$B$28,2,FALSE) -> PL | B24: Poland | C24: Reference Scenario 2020 (REF2020) | D24: Energy Demand (ktoe) | E24: International maritime | F24: 186.65621 | G24: =F24+(($K24-$F24)/5) -> 206.75627 | H24: =G24+(($K24-$F24)/5) -> 226.85633 | I24: =H24+(($K24-$F24)/5) -> 246.9564 | J24: =I24+(($K24-$F24)/5) -> 267.05646 | K24: 287.15652 | L24: =K24+(($P24-$K24)/5) -> 295.05938 | M24: =L24+(($P24-$K24)/5) -> 302.96224 | N24: =M24+(($P24-$K24)/5) -> 310.86509 | O24: =N24+(($P24-$K24)/5) -> 318.76795 | P24: 326.67081 | Q24: =P24+(($U24-$P24)/5) -> 334.26661 | R24: =Q24+(($U24-$P24)/5) -> 341.86242 | S24: =R24+(($U24-$P24)/5) -> 349.45822 | T24: =S24+(($U24-$P24)/5) -> 357.05402 | U24: 364.64982 | V24: =U24+(($Z24-$U24)/5) -> 370.21766 | W24: =V24+(($Z24-$U24)/5) -> 375.78551 | X24: =W24+(($Z24-$U24)/5) -> 381.35335 | Y24: =X24+(($Z24-$U24)/5) -> 386.92119 | Z24: 392.48903 | AA24: =Z24+(($AE24-$Z24)/5) -> 398.26844 | AB24: =AA24+(($AE24-$Z24)/5) -> 404.04784 | AC24: =AB24+(($AE24-$Z24)/5) -> 409.82725 | AD24: =AC24+(($AE24-$Z24)/5) -> 415.60666 | AE24: 421.38606 | AF24: =AE24+(($AJ24-$AE24)/5) -> 424.15821 | AG24: =AF24+(($AJ24-$AE24)/5) -> 426.93036 | AH24: =AG24+(($AJ24-$AE24)/5) -> 429.70251 | AI24: =AH24+(($AJ24-$AE24)/5) -> 432.47466 | AJ24: 435.2468 | AK24: 5.7564318 | AL24: 1.445144
A25: =VLOOKUP(B25,'Country codes'!$A$1:$B$28,2,FALSE) -> PT | B25: Portugal | C25: Reference Scenario 2020 (REF2020) | D25: Energy Demand (ktoe) | E25: International maritime | F25: 544.16357 | G25: =F25+(($K25-$F25)/5) -> 590.83032 | H25: =G25+(($K25-$F25)/5) -> 637.49708 | I25: =H25+(($K25-$F25)/5) -> 684.16383 | J25: =I25+(($K25-$F25)/5) -> 730.83058 | K25: 777.49734 | L25: =K25+(($P25-$K25)/5) -> 776.70083 | M25: =L25+(($P25-$K25)/5) -> 775.90433 | N25: =M25+(($P25-$K25)/5) -> 775.10782 | O25: =N25+(($P25-$K25)/5) -> 774.31132 | P25: 773.51481 | Q25: =P25+(($U25-$P25)/5) -> 776.69518 | R25: =Q25+(($U25-$P25)/5) -> 779.87556 | S25: =R25+(($U25-$P25)/5) -> 783.05593 | T25: =S25+(($U25-$P25)/5) -> 786.2363 | U25: 789.41667 | V25: =U25+(($Z25-$U25)/5) -> 793.07993 | W25: =V25+(($Z25-$U25)/5) -> 796.74318 | X25: =W25+(($Z25-$U25)/5) -> 800.40644 | Y25: =X25+(($Z25-$U25)/5) -> 804.06969 | Z25: 807.73295 | AA25: =Z25+(($AE25-$Z25)/5) -> 812.75894 | AB25: =AA25+(($AE25-$Z25)/5) -> 817.78493 | AC25: =AB25+(($AE25-$Z25)/5) -> 822.81092 | AD25: =AC25+(($AE25-$Z25)/5) -> 827.83692 | AE25: 832.86291 | AF25: =AE25+(($AJ25-$AE25)/5) -> 837.09514 | AG25: =AF25+(($AJ25-$AE25)/5) -> 841.32738 | AH25: =AG25+(($AJ25-$AE25)/5) -> 845.55961 | AI25: =AH25+(($AJ25-$AE25)/5) -> 849.79185 | AJ25: 854.02409 | AK25: 3.5795255 | AL25: 0.49630039
A26: =VLOOKUP(B26,'Country codes'!$A$1:$B$28,2,FALSE) -> RO | B26: Romania | C26: Reference Scenario 2020 (REF2020) | D26: Energy Demand (ktoe) | E26: International maritime | F26: 23.420207 | G26: =F26+(($K26-$F26)/5) -> 26.950381 | H26: =G26+(($K26-$F26)/5) -> 30.480555 | I26: =H26+(($K26-$F26)/5) -> 34.010729 | J26: =I26+(($K26-$F26)/5) -> 37.540903 | K26: 41.071078 | L26: =K26+(($P26-$K26)/5) -> 42.872536 | M26: =L26+(($P26-$K26)/5) -> 44.673994 | N26: =M26+(($P26-$K26)/5) -> 46.475453 | O26: =N26+(($P26-$K26)/5) -> 48.276911 | P26: 50.07837 | Q26: =P26+(($U26-$P26)/5) -> 51.208451 | R26: =Q26+(($U26-$P26)/5) -> 52.338533 | S26: =R26+(($U26-$P26)/5) -> 53.468615 | T26: =S26+(($U26-$P26)/5) -> 54.598697 | U26: 55.728778 | V26: =U26+(($Z26-$U26)/5) -> 56.775457 | W26: =V26+(($Z26-$U26)/5) -> 57.822135 | X26: =W26+(($Z26-$U26)/5) -> 58.868813 | Y26: =X26+(($Z26-$U26)/5) -> 59.915491 | Z26: 60.96217 | AA26: =Z26+(($AE26-$Z26)/5) -> 61.836552 | AB26: =AA26+(($AE26-$Z26)/5) -> 62.710935 | AC26: =AB26+(($AE26-$Z26)/5) -> 63.585318 | AD26: =AC26+(($AE26-$Z26)/5) -> 64.459701 | AE26: 65.334084 | AF26: =AE26+(($AJ26-$AE26)/5) -> 65.716386 | AG26: =AF26+(($AJ26-$AE26)/5) -> 66.098688 | AH26: =AG26+(($AJ26-$AE26)/5) -> 66.48099 | AI26: =AH26+(($AJ26-$AE26)/5) -> 66.863292 | AJ26: 67.245594 | AK26: 7.8961492 | AL26: 1.4847258
A27: =VLOOKUP(B27,'Country codes'!$A$1:$B$28,2,FALSE) -> SE | B27: Sweden | C27: Reference Scenario 2020 (REF2020) | D27: Energy Demand (ktoe) | E27: International maritime | F27: 1681.5445 | G27: =F27+(($K27-$F27)/5) -> 1839.7959 | H27: =G27+(($K27-$F27)/5) -> 1998.0473 | I27: =H27+(($K27-$F27)/5) -> 2156.2986 | J27: =I27+(($K27-$F27)/5) -> 2314.55 | K27: 2472.8014 | L27: =K27+(($P27-$K27)/5) -> 2505.1857 | M27: =L27+(($P27-$K27)/5) -> 2537.5699 | N27: =M27+(($P27-$K27)/5) -> 2569.9542 | O27: =N27+(($P27-$K27)/5) -> 2602.3384 | P27: 2634.7227 | Q27: =P27+(($U27-$P27)/5) -> 2675.7244 | R27: =Q27+(($U27-$P27)/5) -> 2716.7262 | S27: =R27+(($U27-$P27)/5) -> 2757.7279 | T27: =S27+(($U27-$P27)/5) -> 2798.7297 | U27: 2839.7314 | V27: =U27+(($Z27-$U27)/5) -> 2886.0959 | W27: =V27+(($Z27-$U27)/5) -> 2932.4603 | X27: =W27+(($Z27-$U27)/5) -> 2978.8247 | Y27: =X27+(($Z27-$U27)/5) -> 3025.1891 | Z27: 3071.5536 | AA27: =Z27+(($AE27-$Z27)/5) -> 3111.7882 | AB27: =AA27+(($AE27-$Z27)/5) -> 3152.0228 | AC27: =AB27+(($AE27-$Z27)/5) -> 3192.2574 | AD27: =AC27+(($AE27-$Z27)/5) -> 3232.492 | AE27: 3272.7266 | AF27: =AE27+(($AJ27-$AE27)/5) -> 3310.5539 | AG27: =AF27+(($AJ27-$AE27)/5) -> 3348.3812 | AH27: =AG27+(($AJ27-$AE27)/5) -> 3386.2085 | AI27: =AH27+(($AJ27-$AE27)/5) -> 3424.0358 | AJ27: 3461.863 | AK27: 4.5930083 | AL27: 1.3745055
A28: =VLOOKUP(B28,'Country codes'!$A$1:$B$28,2,FALSE) -> SI | B28: Slovenia | C28: Reference Scenario 2020 (REF2020) | D28: Energy Demand (ktoe) | E28: International maritime | F28: 109.41562 | G28: =F28+(($K28-$F28)/5) -> 121.04664 | H28: =G28+(($K28-$F28)/5) -> 132.67766 | I28: =H28+(($K28-$F28)/5) -> 144.30868 | J28: =I28+(($K28-$F28)/5) -> 155.93969 | K28: 167.57071 | L28: =K28+(($P28-$K28)/5) -> 168.60807 | M28: =L28+(($P28-$K28)/5) -> 169.64543 | N28: =M28+(($P28-$K28)/5) -> 170.68279 | O28: =N28+(($P28-$K28)/5) -> 171.72015 | P28: 172.75751 | Q28: =P28+(($U28-$P28)/5) -> 173.73825 | R28: =Q28+(($U28-$P28)/5) -> 174.71899 | S28: =R28+(($U28-$P28)/5) -> 175.69973 | T28: =S28+(($U28-$P28)/5) -> 176.68047 | U28: 177.66121 | V28: =U28+(($Z28-$U28)/5) -> 178.25065 | W28: =V28+(($Z28-$U28)/5) -> 178.84008 | X28: =W28+(($Z28-$U28)/5) -> 179.42952 | Y28: =X28+(($Z28-$U28)/5) -> 180.01895 | Z28: 180.60839 | AA28: =Z28+(($AE28-$Z28)/5) -> 181.01574 | AB28: =AA28+(($AE28-$Z28)/5) -> 181.4231 | AC28: =AB28+(($AE28-$Z28)/5) -> 181.83045 | AD28: =AC28+(($AE28-$Z28)/5) -> 182.23781 | AE28: 182.64516 | AF28: =AE28+(($AJ28-$AE28)/5) -> 182.67424 | AG28: =AF28+(($AJ28-$AE28)/5) -> 182.70331 | AH28: =AG28+(($AJ28-$AE28)/5) -> 182.73239 | AI28: =AH28+(($AJ28-$AE28)/5) -> 182.76146 | AJ28: 182.79054 | AK28: 4.6732629 | AL28: 0.2826584
A29: =VLOOKUP(B29,'Country codes'!$A$1:$B$28,2,FALSE) -> SK | B29: Slovakia | C29: Reference Scenario 2020 (REF2020) | D29: Energy Demand (ktoe) | E29: International maritime | F29: 0 | G29: =F29+(($K29-$F29)/5) -> 0 | H29: =G29+(($K29-$F29)/5) -> 0 | I29: =H29+(($K29-$F29)/5) -> 0 | J29: =I29+(($K29-$F29)/5) -> 0 | K29: 0 | L29: =K29+(($P29-$K29)/5) -> 0 | M29: =L29+(($P29-$K29)/5) -> 0 | N29: =M29+(($P29-$K29)/5) -> 0 | O29: =N29+(($P29-$K29)/5) -> 0 | P29: 0 | Q29: =P29+(($U29-$P29)/5) -> 0 | R29: =Q29+(($U29-$P29)/5) -> 0 | S29: =R29+(($U29-$P29)/5) -> 0 | T29: =S29+(($U29-$P29)/5) -> 0 | U29: 0 | V29: =U29+(($Z29-$U29)/5) -> 0 | W29: =V29+(($Z29-$U29)/5) -> 0 | X29: =W29+(($Z29-$U29)/5) -> 0 | Y29: =X29+(($Z29-$U29)/5) -> 0 | Z29: 0 | AA29: =Z29+(($AE29-$Z29)/5) -> 0 | AB29: =AA29+(($AE29-$Z29)/5) -> 0 | AC29: =AB29+(($AE29-$Z29)/5) -> 0 | AD29: =AC29+(($AE29-$Z29)/5) -> 0 | AE29: 0 | AF29: =AE29+(($AJ29-$AE29)/5) -> 0 | AG29: =AF29+(($AJ29-$AE29)/5) -> 0 | AH29: =AG29+(($AJ29-$AE29)/5) -> 0 | AI29: =AH29+(($AJ29-$AE29)/5) -> 0 | AJ29: 0 | AK29: - | AL29: -
A35: Country | B35: YEAR | F35: 2020 | G35: 2021 | H35: 2022 | I35: 2023 | J35: 2024 | K35: 2025 | L35: 2026 | M35: 2027 | N35: 2028 | O35: 2029 | P35: 2030 | Q35: 2031 | R35: 2032 | S35: 2033 | T35: 2034 | U35: 2035 | V35: 2036 | W35: 2037 | X35: 2038 | Y35: 2039 | Z35: 2040 | AA35: 2041 | AB35: 2042 | AC35: 2043 | AD35: 2044 | AE35: 2045 | AF35: 2046 | AG35: 2047 | AH35: 2048 | AI35: 2049 | AJ35: 2050 | AK35: '20-'30 | AL35: '30-'50
A36: =VLOOKUP(B36,'Country codes'!$A$1:$B$28,2,FALSE) -> AT | B36: Austria | C36: Reference Scenario 2020 (REF2020) | D36: Freight transport activity (Gtkm) | E36: Inland waterways and domestic maritime | F36: 1.882011 | G36: =F36+(($K36-$F36)/5) -> 1.9387092 | H36: =G36+(($K36-$F36)/5) -> 1.9954074 | I36: =H36+(($K36-$F36)/5) -> 2.0521057 | J36: =I36+(($K36-$F36)/5) -> 2.1088039 | K36: 2.1655021 | L36: =K36+(($P36-$K36)/5) -> 2.2067215 | M36: =L36+(($P36-$K36)/5) -> 2.247941 | N36: =M36+(($P36-$K36)/5) -> 2.2891605 | O36: =N36+(($P36-$K36)/5) -> 2.33038 | P36: 2.3715994 | Q36: =P36+(($U36-$P36)/5) -> 2.4153986 | R36: =Q36+(($U36-$P36)/5) -> 2.4591978 | S36: =R36+(($U36-$P36)/5) -> 2.502997 | T36: =S36+(($U36-$P36)/5) -> 2.5467962 | U36: 2.5905954 | V36: =U36+(($Z36-$U36)/5) -> 2.6043391 | W36: =V36+(($Z36-$U36)/5) -> 2.6180827 | X36: =W36+(($Z36-$U36)/5) -> 2.6318264 | Y36: =X36+(($Z36-$U36)/5) -> 2.6455701 | Z36: 2.6593138 | AA36: =Z36+(($AE36-$Z36)/5) -> 2.6731465 | AB36: =AA36+(($AE36-$Z36)/5) -> 2.6869792 | AC36: =AB36+(($AE36-$Z36)/5) -> 2.7008119 | AD36: =AC36+(($AE36-$Z36)/5) -> 2.7146446 | AE36: 2.7284773 | AF36: =AE36+(($AJ36-$AE36)/5) -> 2.7423492 | AG36: =AF36+(($AJ36-$AE36)/5) -> 2.7562211 | AH36: =AG36+(($AJ36-$AE36)/5) -> 2.770093 | AI36: =AH36+(($AJ36-$AE36)/5) -> 2.7839648 | AJ36: 2.7978367 | AK36: 2.3391763 | AL36: 0.82983381
A37: =VLOOKUP(B37,'Country codes'!$A$1:$B$28,2,FALSE) -> BE | B37: Belgium | C37: Reference Scenario 2020 (REF2020) | D37: Freight transport activity (Gtkm) | E37: Inland waterways and domestic maritime | F37: 10.484113 | G37: =F37+(($K37-$F37)/5) -> 10.845148 | H37: =G37+(($K37-$F37)/5) -> 11.206182 | I37: =H37+(($K37-$F37)/5) -> 11.567216 | J37: =I37+(($K37-$F37)/5) -> 11.92825 | K37: 12.289285 | L37: =K37+(($P37-$K37)/5) -> 12.412345 | M37: =L37+(($P37-$K37)/5) -> 12.535405 | N37: =M37+(($P37-$K37)/5) -> 12.658465 | O37: =N37+(($P37-$K37)/5) -> 12.781525 | P37: 12.904585 | Q37: =P37+(($U37-$P37)/5) -> 13.047961 | R37: =Q37+(($U37-$P37)/5) -> 13.191337 | S37: =R37+(($U37-$P37)/5) -> 13.334713 | T37: =S37+(($U37-$P37)/5) -> 13.478089 | U37: 13.621465 | V37: =U37+(($Z37-$U37)/5) -> 13.719777 | W37: =V37+(($Z37-$U37)/5) -> 13.818088 | X37: =W37+(($Z37-$U37)/5) -> 13.916399 | Y37: =X37+(($Z37-$U37)/5) -> 14.01471 | Z37: 14.113022 | AA37: =Z37+(($AE37-$Z37)/5) -> 14.2401 | AB37: =AA37+(($AE37-$Z37)/5) -> 14.367179 | AC37: =AB37+(($AE37-$Z37)/5) -> 14.494258 | AD37: =AC37+(($AE37-$Z37)/5) -> 14.621337 | AE37: 14.748416 | AF37: =AE37+(($AJ37-$AE37)/5) -> 14.868535 | AG37: =AF37+(($AJ37-$AE37)/5) -> 14.988655 | AH37: =AG37+(($AJ37-$AE37)/5) -> 15.108775 | AI37: =AH37+(($AJ37-$AE37)/5) -> 15.228895 | AJ37: 15.349014 | AK37: 2.0989397 | AL37: 0.87111541
A38: =VLOOKUP(B38,'Country codes'!$A$1:$B$28,2,FALSE) -> BG | B38: Bulgaria | C38: Reference Scenario 2020 (REF2020) | D38: Freight transport activity (Gtkm) | E38: Inland waterways and domestic maritime | F38: 4.9119456 | G38: =F38+(($K38-$F38)/5) -> 5.0865652 | H38: =G38+(($K38-$F38)/5) -> 5.2611848 | I38: =H38+(($K38-$F38)/5) -> 5.4358044 | J38: =I38+(($K38-$F38)/5) -> 5.610424 | K38: 5.7850436 | L38: =K38+(($P38-$K38)/5) -> 5.8768257 | M38: =L38+(($P38-$K38)/5) -> 5.9686078 | N38: =M38+(($P38-$K38)/5) -> 6.0603899 | O38: =N38+(($P38-$K38)/5) -> 6.152172 | P38: 6.2439541 | Q38: =P38+(($U38-$P38)/5) -> 6.4014518 | R38: =Q38+(($U38-$P38)/5) -> 6.5589495 | S38: =R38+(($U38-$P38)/5) -> 6.7164472 | T38: =S38+(($U38-$P38)/5) -> 6.873945 | U38: 7.0314427 | V38: =U38+(($Z38-$U38)/5) -> 7.0851894 | W38: =V38+(($Z38-$U38)/5) -> 7.1389361 | X38: =W38+(($Z38-$U38)/5) -> 7.1926828 | Y38: =X38+(($Z38-$U38)/5) -> 7.2464295 | Z38: 7.3001762 | AA38: =Z38+(($AE38-$Z38)/5) -> 7.3950558 | AB38: =AA38+(($AE38-$Z38)/5) -> 7.4899353 | AC38: =AB38+(($AE38-$Z38)/5) -> 7.5848148 | AD38: =AC38+(($AE38-$Z38)/5) -> 7.6796944 | AE38: 7.7745739 | AF38: =AE38+(($AJ38-$AE38)/5) -> 7.8140639 | AG38: =AF38+(($AJ38-$AE38)/5) -> 7.8535539 | AH38: =AG38+(($AJ38-$AE38)/5) -> 7.8930439 | AI38: =AH38+(($AJ38-$AE38)/5) -> 7.9325339 | AJ38: 7.9720239 | AK38: 2.4284533 | AL38: 1.2291161
A39: =VLOOKUP(B39,'Country codes'!$A$1:$B$28,2,FALSE) -> CY | B39: Cyprus | C39: Reference Scenario 2020 (REF2020) | D39: Freight transport activity (Gtkm) | E39: Inland waterways and domestic maritime | F39: 0 | G39: =F39+(($K39-$F39)/5) -> 0 | H39: =G39+(($K39-$F39)/5) -> 0 | I39: =H39+(($K39-$F39)/5) -> 0 | J39: =I39+(($K39-$F39)/5) -> 0 | K39: 0 | L39: =K39+(($P39-$K39)/5) -> 0 | M39: =L39+(($P39-$K39)/5) -> 0 | N39: =M39+(($P39-$K39)/5) -> 0 | O39: =N39+(($P39-$K39)/5) -> 0 | P39: 0 | Q39: =P39+(($U39-$P39)/5) -> 0 | R39: =Q39+(($U39-$P39)/5) -> 0 | S39: =R39+(($U39-$P39)/5) -> 0 | T39: =S39+(($U39-$P39)/5) -> 0 | U39: 0 | V39: =U39+(($Z39-$U39)/5) -> 0 | W39: =V39+(($Z39-$U39)/5) -> 0 | X39: =W39+(($Z39-$U39)/5) -> 0 | Y39: =X39+(($Z39-$U39)/5) -> 0 | Z39: 0 | AA39: =Z39+(($AE39-$Z39)/5) -> 0 | AB39: =AA39+(($AE39-$Z39)/5) -> 0 | AC39: =AB39+(($AE39-$Z39)/5) -> 0 | AD39: =AC39+(($AE39-$Z39)/5) -> 0 | AE39: 0 | AF39: =AE39+(($AJ39-$AE39)/5) -> 0 | AG39: =AF39+(($AJ39-$AE39)/5) -> 0 | AH39: =AG39+(($AJ39-$AE39)/5) -> 0 | AI39: =AH39+(($AJ39-$AE39)/5) -> 0 | AJ39: 0 | AK39: - | AL39: -
A40: =VLOOKUP(B40,'Country codes'!$A$1:$B$28,2,FALSE) -> CZ | B40: Czechia | C40: Reference Scenario 2020 (REF2020) | D40: Freight transport activity (Gtkm) | E40: Inland waterways and domestic maritime | F40: 0.029351257 | G40: =F40+(($K40-$F40)/5) -> 0.030301599 | H40: =G40+(($K40-$F40)/5) -> 0.031251941 | I40: =H40+(($K40-$F40)/5) -> 0.032202283 | J40: =I40+(($K40-$F40)/5) -> 0.033152625 | K40: 0.034102967 | L40: =K40+(($P40-$K40)/5) -> 0.034388022 | M40: =L40+(($P40-$K40)/5) -> 0.034673077 | N40: =M40+(($P40-$K40)/5) -> 0.034958132 | O40: =N40+(($P40-$K40)/5) -> 0.035243188 | P40: 0.035528243 | Q40: =P40+(($U40-$P40)/5) -> 0.03626276 | R40: =Q40+(($U40-$P40)/5) -> 0.036997277 | S40: =R40+(($U40-$P40)/5) -> 0.037731794 | T40: =S40+(($U40-$P40)/5) -> 0.038466312 | U40: 0.039200829 | V40: =U40+(($Z40-$U40)/5) -> 0.039684641 | W40: =V40+(($Z40-$U40)/5) -> 0.040168452 | X40: =W40+(($Z40-$U40)/5) -> 0.040652264 | Y40: =X40+(($Z40-$U40)/5) -> 0.041136075 | Z40: 0.041619887 | AA40: =Z40+(($AE40-$Z40)/5) -> 0.042103529 | AB40: =AA40+(($AE40-$Z40)/5) -> 0.042587172 | AC40: =AB40+(($AE40-$Z40)/5) -> 0.043070814 | AD40: =AC40+(($AE40-$Z40)/5) -> 0.043554457 | AE40: 0.0440381 | AF40: =AE40+(($AJ40-$AE40)/5) -> 0.044480039 | AG40: =AF40+(($AJ40-$AE40)/5) -> 0.044921979 | AH40: =AG40+(($AJ40-$AE40)/5) -> 0.045363918 | AI40: =AH40+(($AJ40-$AE40)/5) -> 0.045805858 | AJ40: 0.046247798 | AK40: 1.9282814 | AL40: 1.3271591
A41: =VLOOKUP(B41,'Country codes'!$A$1:$B$28,2,FALSE) -> DE | B41: Germany | C41: Reference Scenario 2020 (REF2020) | D41: Freight transport activity (Gtkm) | E41: Inland waterways and domestic maritime | F41: 51.657513 | G41: =F41+(($K41-$F41)/5) -> 54.230833 | H41: =G41+(($K41-$F41)/5) -> 56.804153 | I41: =H41+(($K41-$F41)/5) -> 59.377473 | J41: =I41+(($K41-$F41)/5) -> 61.950793 | K41: 64.524113 | L41: =K41+(($P41-$K41)/5) -> 66.281906 | M41: =L41+(($P41-$K41)/5) -> 68.039699 | N41: =M41+(($P41-$K41)/5) -> 69.797492 | O41: =N41+(($P41-$K41)/5) -> 71.555285 | P41: 73.313078 | Q41: =P41+(($U41-$P41)/5) -> 74.281135 | R41: =Q41+(($U41-$P41)/5) -> 75.249191 | S41: =R41+(($U41-$P41)/5) -> 76.217247 | T41: =S41+(($U41-$P41)/5) -> 77.185304 | U41: 78.15336 | V41: =U41+(($Z41-$U41)/5) -> 78.612013 | W41: =V41+(($Z41-$U41)/5) -> 79.070666 | X41: =W41+(($Z41-$U41)/5) -> 79.52932 | Y41: =X41+(($Z41-$U41)/5) -> 79.987973 | Z41: 80.446626 | AA41: =Z41+(($AE41-$Z41)/5) -> 80.977769 | AB41: =AA41+(($AE41-$Z41)/5) -> 81.508912 | AC41: =AB41+(($AE41-$Z41)/5) -> 82.040055 | AD41: =AC41+(($AE41-$Z41)/5) -> 82.571199 | AE41: 83.102342 | AF41: =AE41+(($AJ41-$AE41)/5) -> 83.594335 | AG41: =AF41+(($AJ41-$AE41)/5) -> 84.086329 | AH41: =AG41+(($AJ41-$AE41)/5) -> 84.578322 | AI41: =AH41+(($AJ41-$AE41)/5) -> 85.070315 | AJ41: 85.562309 | AK41: 3.5630414 | AL41: 0.77552097
A42: =VLOOKUP(B42,'Country codes'!$A$1:$B$28,2,FALSE) -> DK | B42: Denmark | C42: Reference Scenario 2020 (REF2020) | D42: Freight transport activity (Gtkm) | E42: Inland waterways and domestic maritime | F42: 2.218973 | G42: =F42+(($K42-$F42)/5) -> 2.3047282 | H42: =G42+(($K42-$F42)/5) -> 2.3904834 | I42: =H42+(($K42-$F42)/5) -> 2.4762387 | J42: =I42+(($K42-$F42)/5) -> 2.5619939 | K42: 2.6477491 | L42: =K42+(($P42-$K42)/5) -> 2.678678 | M42: =L42+(($P42-$K42)/5) -> 2.7096068 | N42: =M42+(($P42-$K42)/5) -> 2.7405357 | O42: =N42+(($P42-$K42)/5) -> 2.7714645 | P42: 2.8023933 | Q42: =P42+(($U42-$P42)/5) -> 2.8398673 | R42: =Q42+(($U42-$P42)/5) -> 2.8773412 | S42: =R42+(($U42-$P42)/5) -> 2.9148151 | T42: =S42+(($U42-$P42)/5) -> 2.952289 | U42: 2.9897629 | V42: =U42+(($Z42-$U42)/5) -> 3.0167971 | W42: =V42+(($Z42-$U42)/5) -> 3.0438313 | X42: =W42+(($Z42-$U42)/5) -> 3.0708655 | Y42: =X42+(($Z42-$U42)/5) -> 3.0978997 | Z42: 3.1249339 | AA42: =Z42+(($AE42-$Z42)/5) -> 3.1481207 | AB42: =AA42+(($AE42-$Z42)/5) -> 3.1713074 | AC42: =AB42+(($AE42-$Z42)/5) -> 3.1944942 | AD42: =AC42+(($AE42-$Z42)/5) -> 3.2176809 | AE42: 3.2408677 | AF42: =AE42+(($AJ42-$AE42)/5) -> 3.2627411 | AG42: =AF42+(($AJ42-$AE42)/5) -> 3.2846146 | AH42: =AG42+(($AJ42-$AE42)/5) -> 3.3064881 | AI42: =AH42+(($AJ42-$AE42)/5) -> 3.3283616 | AJ42: 3.3502351 | AK42: 2.3617513 | AL42: 0.89678067
A43: =VLOOKUP(B43,'Country codes'!$A$1:$B$28,2,FALSE) -> EE | B43: Estonia | C43: Reference Scenario 2020 (REF2020) | D43: Freight transport activity (Gtkm) | E43: Inland waterways and domestic maritime | F43: 0.017036766 | G43: =F43+(($K43-$F43)/5) -> 0.017739921 | H43: =G43+(($K43-$F43)/5) -> 0.018443077 | I43: =H43+(($K43-$F43)/5) -> 0.019146233 | J43: =I43+(($K43-$F43)/5) -> 0.019849388 | K43: 0.020552544 | L43: =K43+(($P43-$K43)/5) -> 0.021055462 | M43: =L43+(($P43-$K43)/5) -> 0.021558379 | N43: =M43+(($P43-$K43)/5) -> 0.022061296 | O43: =N43+(($P43-$K43)/5) -> 0.022564214 | P43: 0.023067131 | Q43: =P43+(($U43-$P43)/5) -> 0.023465129 | R43: =Q43+(($U43-$P43)/5) -> 0.023863128 | S43: =R43+(($U43-$P43)/5) -> 0.024261126 | T43: =S43+(($U43-$P43)/5) -> 0.024659125 | U43: 0.025057123 | V43: =U43+(($Z43-$U43)/5) -> 0.025359071 | W43: =V43+(($Z43-$U43)/5) -> 0.025661019 | X43: =W43+(($Z43-$U43)/5) -> 0.025962968 | Y43: =X43+(($Z43-$U43)/5) -> 0.026264916 | Z43: 0.026566864 | AA43: =Z43+(($AE43-$Z43)/5) -> 0.026798866 | AB43: =AA43+(($AE43-$Z43)/5) -> 0.027030868 | AC43: =AB43+(($AE43-$Z43)/5) -> 0.027262871 | AD43: =AC43+(($AE43-$Z43)/5) -> 0.027494873 | AE43: 0.027726875 | AF43: =AE43+(($AJ43-$AE43)/5) -> 0.027983386 | AG43: =AF43+(($AJ43-$AE43)/5) -> 0.028239896 | AH43: =AG43+(($AJ43-$AE43)/5) -> 0.028496406 | AI43: =AH43+(($AJ43-$AE43)/5) -> 0.028752916 | AJ43: 0.029009427 | AK43: 3.0767325 | AL43: 1.1526531
A44: =VLOOKUP(B44,'Country codes'!$A$1:$B$28,2,FALSE) -> ES | B44: Spain | C44: Reference Scenario 2020 (REF2020) | D44: Freight transport activity (Gtkm) | E44: Inland waterways and domestic maritime | F44: 33.246651 | G44: =F44+(($K44-$F44)/5) -> 34.464961 | H44: =G44+(($K44-$F44)/5) -> 35.683271 | I44: =H44+(($K44-$F44)/5) -> 36.901581 | J44: =I44+(($K44-$F44)/5) -> 38.11989 | K44: 39.3382 | L44: =K44+(($P44-$K44)/5) -> 39.734192 | M44: =L44+(($P44-$K44)/5) -> 40.130183 | N44: =M44+(($P44-$K44)/5) -> 40.526175 | O44: =N44+(($P44-$K44)/5) -> 40.922166 | P44: 41.318157 | Q44: =P44+(($U44-$P44)/5) -> 41.706413 | R44: =Q44+(($U44-$P44)/5) -> 42.094669 | S44: =R44+(($U44-$P44)/5) -> 42.482925 | T44: =S44+(($U44-$P44)/5) -> 42.871181 | U44: 43.259436 | V44: =U44+(($Z44-$U44)/5) -> 43.580525 | W44: =V44+(($Z44-$U44)/5) -> 43.901613 | X44: =W44+(($Z44-$U44)/5) -> 44.222701 | Y44: =X44+(($Z44-$U44)/5) -> 44.543789 | Z44: 44.864878 | AA44: =Z44+(($AE44-$Z44)/5) -> 45.104952 | AB44: =AA44+(($AE44-$Z44)/5) -> 45.345027 | AC44: =AB44+(($AE44-$Z44)/5) -> 45.585102 | AD44: =AC44+(($AE44-$Z44)/5) -> 45.825176 | AE44: 46.065251 | AF44: =AE44+(($AJ44-$AE44)/5) -> 46.321347 | AG44: =AF44+(($AJ44-$AE44)/5) -> 46.577442 | AH44: =AG44+(($AJ44-$AE44)/5) -> 46.833538 | AI44: =AH44+(($AJ44-$AE44)/5) -> 47.089633 | AJ44: 47.345729 | AK44: 2.1972722 | AL44: 0.68319601
A45: =VLOOKUP(B45,'Country codes'!$A$1:$B$28,2,FALSE) -> FI | B45: Finland | C45: Reference Scenario 2020 (REF2020) | D45: Freight transport activity (Gtkm) | E45: Inland waterways and domestic maritime | F45: 2.5925146 | G45: =F45+(($K45-$F45)/5) -> 2.6607959 | H45: =G45+(($K45-$F45)/5) -> 2.7290771 | I45: =H45+(($K45-$F45)/5) -> 2.7973584 | J45: =I45+(($K45-$F45)/5) -> 2.8656396 | K45: 2.9339209 | L45: =K45+(($P45-$K45)/5) -> 2.9815168 | M45: =L45+(($P45-$K45)/5) -> 3.0291127 | N45: =M45+(($P45-$K45)/5) -> 3.0767086 | O45: =N45+(($P45-$K45)/5) -> 3.1243045 | P45: 3.1719004 | Q45: =P45+(($U45-$P45)/5) -> 3.1958043 | R45: =Q45+(($U45-$P45)/5) -> 3.2197082 | S45: =R45+(($U45-$P45)/5) -> 3.2436121 | T45: =S45+(($U45-$P45)/5) -> 3.267516 | U45: 3.2914199 | V45: =U45+(($Z45-$U45)/5) -> 3.3132331 | W45: =V45+(($Z45-$U45)/5) -> 3.3350462 | X45: =W45+(($Z45-$U45)/5) -> 3.3568594 | Y45: =X45+(($Z45-$U45)/5) -> 3.3786725 | Z45: 3.4004857 | AA45: =Z45+(($AE45-$Z45)/5) -> 3.4145099 | AB45: =AA45+(($AE45-$Z45)/5) -> 3.4285342 | AC45: =AB45+(($AE45-$Z45)/5) -> 3.4425584 | AD45: =AC45+(($AE45-$Z45)/5) -> 3.4565826 | AE45: 3.4706069 | AF45: =AE45+(($AJ45-$AE45)/5) -> 3.4974185 | AG45: =AF45+(($AJ45-$AE45)/5) -> 3.5242301 | AH45: =AG45+(($AJ45-$AE45)/5) -> 3.5510417 | AI45: =AH45+(($AJ45-$AE45)/5) -> 3.5778534 | AJ45: 3.604665 | AK45: 2.0375056 | AL45: 0.64153875
A46: =VLOOKUP(B46,'Country codes'!$A$1:$B$28,2,FALSE) -> FR | B46: France | C46: Reference Scenario 2020 (REF2020) | D46: Freight transport activity (Gtkm) | E46: Inland waterways and domestic maritime | F46: 33.840777 | G46: =F46+(($K46-$F46)/5) -> 34.88129 | H46: =G46+(($K46-$F46)/5) -> 35.921803 | I46: =H46+(($K46-$F46)/5) -> 36.962316 | J46: =I46+(($K46-$F46)/5) -> 38.002829 | K46: 39.043343 | L46: =K46+(($P46-$K46)/5) -> 39.287991 | M46: =L46+(($P46-$K46)/5) -> 39.53264 | N46: =M46+(($P46-$K46)/5) -> 39.777288 | O46: =N46+(($P46-$K46)/5) -> 40.021936 | P46: 40.266585 | Q46: =P46+(($U46-$P46)/5) -> 40.49821 | R46: =Q46+(($U46-$P46)/5) -> 40.729836 | S46: =R46+(($U46-$P46)/5) -> 40.961461 | T46: =S46+(($U46-$P46)/5) -> 41.193087 | U46: 41.424712 | V46: =U46+(($Z46-$U46)/5) -> 41.645107 | W46: =V46+(($Z46-$U46)/5) -> 41.865501 | X46: =W46+(($Z46-$U46)/5) -> 42.085895 | Y46: =X46+(($Z46-$U46)/5) -> 42.30629 | Z46: 42.526684 | AA46: =Z46+(($AE46-$Z46)/5) -> 42.55245 | AB46: =AA46+(($AE46-$Z46)/5) -> 42.578215 | AC46: =AB46+(($AE46-$Z46)/5) -> 42.603981 | AD46: =AC46+(($AE46-$Z46)/5) -> 42.629747 | AE46: 42.655512 | AF46: =AE46+(($AJ46-$AE46)/5) -> 42.745233 | AG46: =AF46+(($AJ46-$AE46)/5) -> 42.834953 | AH46: =AG46+(($AJ46-$AE46)/5) -> 42.924674 | AI46: =AH46+(($AJ46-$AE46)/5) -> 43.014395 | AJ46: 43.104115 | AK46: 1.7537556 | AL46: 0.34106285
A47: =VLOOKUP(B47,'Country codes'!$A$1:$B$28,2,FALSE) -> GR | B47: Greece | C47: Reference Scenario 2020 (REF2020) | D47: Freight transport activity (Gtkm) | E47: Inland waterways and domestic maritime | F47: 6.8082782 | G47: =F47+(($K47-$F47)/5) -> 7.0037584 | H47: =G47+(($K47-$F47)/5) -> 7.1992387 | I47: =H47+(($K47-$F47)/5) -> 7.3947189 | J47: =I47+(($K47-$F47)/5) -> 7.5901991 | K47: 7.7856793 | L47: =K47+(($P47-$K47)/5) -> 7.801104 | M47: =L47+(($P47-$K47)/5) -> 7.8165286 | N47: =M47+(($P47-$K47)/5) -> 7.8319533 | O47: =N47+(($P47-$K47)/5) -> 7.8473779 | P47: 7.8628025 | Q47: =P47+(($U47-$P47)/5) -> 7.9375623 | R47: =Q47+(($U47-$P47)/5) -> 8.0123221 | S47: =R47+(($U47-$P47)/5) -> 8.0870818 | T47: =S47+(($U47-$P47)/5) -> 8.1618416 | U47: 8.2366013 | V47: =U47+(($Z47-$U47)/5) -> 8.3079401 | W47: =V47+(($Z47-$U47)/5) -> 8.3792788 | X47: =W47+(($Z47-$U47)/5) -> 8.4506176 | Y47: =X47+(($Z47-$U47)/5) -> 8.5219563 | Z47: 8.5932951 | AA47: =Z47+(($AE47-$Z47)/5) -> 8.6759441 | AB47: =AA47+(($AE47-$Z47)/5) -> 8.7585932 | AC47: =AB47+(($AE47-$Z47)/5) -> 8.8412422 | AD47: =AC47+(($AE47-$Z47)/5) -> 8.9238913 | AE47: 9.0065403 | AF47: =AE47+(($AJ47-$AE47)/5) -> 9.0824221 | AG47: =AF47+(($AJ47-$AE47)/5) -> 9.1583039 | AH47: =AG47+(($AJ47-$AE47)/5) -> 9.2341857 | AI47: =AH47+(($AJ47-$AE47)/5) -> 9.3100674 | AJ47: 9.3859492 | AK47: 1.450457 | AL47: 0.88928437
A48: =VLOOKUP(B48,'Country codes'!$A$1:$B$28,2,FALSE) -> HR | B48: Croatia | C48: Reference Scenario 2020 (REF2020) | D48: Freight transport activity (Gtkm) | E48: Inland waterways and domestic maritime | F48: 1.0391122 | G48: =F48+(($K48-$F48)/5) -> 1.0694753 | H48: =G48+(($K48-$F48)/5) -> 1.0998384 | I48: =H48+(($K48-$F48)/5) -> 1.1302015 | J48: =I48+(($K48-$F48)/5) -> 1.1605646 | K48: 1.1909278 | L48: =K48+(($P48-$K48)/5) -> 1.2110655 | M48: =L48+(($P48-$K48)/5) -> 1.2312032 | N48: =M48+(($P48-$K48)/5) -> 1.2513409 | O48: =N48+(($P48-$K48)/5) -> 1.2714787 | P48: 1.2916164 | Q48: =P48+(($U48-$P48)/5) -> 1.3026429 | R48: =Q48+(($U48-$P48)/5) -> 1.3136694 | S48: =R48+(($U48-$P48)/5) -> 1.3246959 | T48: =S48+(($U48-$P48)/5) -> 1.3357224 | U48: 1.3467489 | V48: =U48+(($Z48-$U48)/5) -> 1.371593 | W48: =V48+(($Z48-$U48)/5) -> 1.3964371 | X48: =W48+(($Z48-$U48)/5) -> 1.4212812 | Y48: =X48+(($Z48-$U48)/5) -> 1.4461253 | Z48: 1.4709693 | AA48: =Z48+(($AE48-$Z48)/5) -> 1.4934387 | AB48: =AA48+(($AE48-$Z48)/5) -> 1.5159082 | AC48: =AB48+(($AE48-$Z48)/5) -> 1.5383776 | AD48: =AC48+(($AE48-$Z48)/5) -> 1.560847 | AE48: 1.5833164 | AF48: =AE48+(($AJ48-$AE48)/5) -> 1.595673 | AG48: =AF48+(($AJ48-$AE48)/5) -> 1.6080295 | AH48: =AG48+(($AJ48-$AE48)/5) -> 1.6203861 | AI48: =AH48+(($AJ48-$AE48)/5) -> 1.6327427 | AJ48: 1.6450993 | AK48: 2.1991096 | AL48: 1.2168759
A49: =VLOOKUP(B49,'Country codes'!$A$1:$B$28,2,FALSE) -> HU | B49: Hungary | C49: Reference Scenario 2020 (REF2020) | D49: Freight transport activity (Gtkm) | E49: Inland waterways and domestic maritime | F49: 1.8415361 | G49: =F49+(($K49-$F49)/5) -> 1.9083696 | H49: =G49+(($K49-$F49)/5) -> 1.9752032 | I49: =H49+(($K49-$F49)/5) -> 2.0420367 | J49: =I49+(($K49-$F49)/5) -> 2.1088703 | K49: 2.1757038 | L49: =K49+(($P49-$K49)/5) -> 2.2102333 | M49: =L49+(($P49-$K49)/5) -> 2.2447628 | N49: =M49+(($P49-$K49)/5) -> 2.2792923 | O49: =N49+(($P49-$K49)/5) -> 2.3138217 | P49: 2.3483512 | Q49: =P49+(($U49-$P49)/5) -> 2.3966831 | R49: =Q49+(($U49-$P49)/5) -> 2.445015 | S49: =R49+(($U49-$P49)/5) -> 2.4933469 | T49: =S49+(($U49-$P49)/5) -> 2.5416788 | U49: 2.5900106 | V49: =U49+(($Z49-$U49)/5) -> 2.6200216 | W49: =V49+(($Z49-$U49)/5) -> 2.6500325 | X49: =W49+(($Z49-$U49)/5) -> 2.6800434 | Y49: =X49+(($Z49-$U49)/5) -> 2.7100544 | Z49: 2.7400653 | AA49: =Z49+(($AE49-$Z49)/5) -> 2.7579023 | AB49: =AA49+(($AE49-$Z49)/5) -> 2.7757394 | AC49: =AB49+(($AE49-$Z49)/5) -> 2.7935764 | AD49: =AC49+(($AE49-$Z49)/5) -> 2.8114134 | AE49: 2.8292505 | AF49: =AE49+(($AJ49-$AE49)/5) -> 2.8501419 | AG49: =AF49+(($AJ49-$AE49)/5) -> 2.8710334 | AH49: =AG49+(($AJ49-$AE49)/5) -> 2.8919249 | AI49: =AH49+(($AJ49-$AE49)/5) -> 2.9128163 | AJ49: 2.9337078 | AK49: 2.4609271 | AL49: 1.1189823
A50: =VLOOKUP(B50,'Country codes'!$A$1:$B$28,2,FALSE) -> IE | B50: Ireland | C50: Reference Scenario 2020 (REF2020) | D50: Freight transport activity (Gtkm) | E50: Inland waterways and domestic maritime | F50: 0.38514665 | G50: =F50+(($K50-$F50)/5) -> 0.39990354 | H50: =G50+(($K50-$F50)/5) -> 0.41466042 | I50: =H50+(($K50-$F50)/5) -> 0.4294173 | J50: =I50+(($K50-$F50)/5) -> 0.44417419 | K50: 0.45893107 | L50: =K50+(($P50-$K50)/5) -> 0.46589009 | M50: =L50+(($P50-$K50)/5) -> 0.47284911 | N50: =M50+(($P50-$K50)/5) -> 0.47980813 | O50: =N50+(($P50-$K50)/5) -> 0.48676716 | P50: 0.49372618 | Q50: =P50+(($U50-$P50)/5) -> 0.50145779 | R50: =Q50+(($U50-$P50)/5) -> 0.50918941 | S50: =R50+(($U50-$P50)/5) -> 0.51692102 | T50: =S50+(($U50-$P50)/5) -> 0.52465264 | U50: 0.53238425 | V50: =U50+(($Z50-$U50)/5) -> 0.54021078 | W50: =V50+(($Z50-$U50)/5) -> 0.54803731 | X50: =W50+(($Z50-$U50)/5) -> 0.55586384 | Y50: =X50+(($Z50-$U50)/5) -> 0.56369037 | Z50: 0.5715169 | AA50: =Z50+(($AE50-$Z50)/5) -> 0.57671833 | AB50: =AA50+(($AE50-$Z50)/5) -> 0.58191975 | AC50: =AB50+(($AE50-$Z50)/5) -> 0.58712118 | AD50: =AC50+(($AE50-$Z50)/5) -> 0.59232261 | AE50: 0.59752403 | AF50: =AE50+(($AJ50-$AE50)/5) -> 0.60163651 | AG50: =AF50+(($AJ50-$AE50)/5) -> 0.60574899 | AH50: =AG50+(($AJ50-$AE50)/5) -> 0.60986147 | AI50: =AH50+(($AJ50-$AE50)/5) -> 0.61397395 | AJ50: 0.61808643 | AK50: 2.5146663 | AL50: 1.1295682
A51: =VLOOKUP(B51,'Country codes'!$A$1:$B$28,2,FALSE) -> IT | B51: Italy | C51: Reference Scenario 2020 (REF2020) | D51: Freight transport activity (Gtkm) | E51: Inland waterways and domestic maritime | F51: 52.225209 | G51: =F51+(($K51-$F51)/5) -> 53.738642 | H51: =G51+(($K51-$F51)/5) -> 55.252074 | I51: =H51+(($K51-$F51)/5) -> 56.765507 | J51: =I51+(($K51-$F51)/5) -> 58.278939 | K51: 59.792372 | L51: =K51+(($P51-$K51)/5) -> 60.013997 | M51: =L51+(($P51-$K51)/5) -> 60.235622 | N51: =M51+(($P51-$K51)/5) -> 60.457248 | O51: =N51+(($P51-$K51)/5) -> 60.678873 | P51: 60.900499 | Q51: =P51+(($U51-$P51)/5) -> 61.314775 | R51: =Q51+(($U51-$P51)/5) -> 61.72905 | S51: =R51+(($U51-$P51)/5) -> 62.143326 | T51: =S51+(($U51-$P51)/5) -> 62.557602 | U51: 62.971878 | V51: =U51+(($Z51-$U51)/5) -> 63.375152 | W51: =V51+(($Z51-$U51)/5) -> 63.778426 | X51: =W51+(($Z51-$U51)/5) -> 64.1817 | Y51: =X51+(($Z51-$U51)/5) -> 64.584974 | Z51: 64.988248 | AA51: =Z51+(($AE51-$Z51)/5) -> 65.242134 | AB51: =AA51+(($AE51-$Z51)/5) -> 65.496021 | AC51: =AB51+(($AE51-$Z51)/5) -> 65.749907 | AD51: =AC51+(($AE51-$Z51)/5) -> 66.003793 | AE51: 66.25768 | AF51: =AE51+(($AJ51-$AE51)/5) -> 66.593317 | AG51: =AF51+(($AJ51-$AE51)/5) -> 66.928954 | AH51: =AG51+(($AJ51-$AE51)/5) -> 67.264591 | AI51: =AH51+(($AJ51-$AE51)/5) -> 67.600228 | AJ51: 67.935865 | AK51: 1.5486293 | AL51: 0.54811036
... A54: =VLOOKUP(B54,'Country codes'!$A$1:$B$28,2,FALSE) -> LV | B54: Latvia | C54: Reference Scenario 2020 (REF2020) | D54: Freight transport activity (Gtkm) | E54: Inland waterways and domestic maritime | F54: 0.052933373 | G54: =F54+(($K54-$F54)/5) -> 0.05481162 | H54: =G54+(($K54-$F54)/5) -> 0.056689867 | I54: =H54+(($K54-$F54)/5) -> 0.058568114 | J54: =I54+(($K54-$F54)/5) -> 0.06044636 | K54: 0.062324607 | L54: =K54+(($P54-$K54)/5) -> 0.06359543 | M54: =L54+(($P54-$K54)/5) -> 0.064866253 | N54: =M54+(($P54-$K54)/5) -> 0.066137076 | O54: =N54+(($P54-$K54)/5) -> 0.067407899 | P54: 0.068678722 | Q54: =P54+(($U54-$P54)/5) -> 0.069827773 | R54: =Q54+(($U54-$P54)/5) -> 0.070976824 | S54: =R54+(($U54-$P54)/5) -> 0.072125874 | T54: =S54+(($U54-$P54)/5) -> 0.073274925 | U54: 0.074423975 | V54: =U54+(($Z54-$U54)/5) -> 0.075497908 | W54: =V54+(($Z54-$U54)/5) -> 0.076571841 | X54: =W54+(($Z54-$U54)/5) -> 0.077645774 | Y54: =X54+(($Z54-$U54)/5) -> 0.078719706 | Z54: 0.079793639 | AA54: =Z54+(($AE54-$Z54)/5) -> 0.080108992 | AB54: =AA54+(($AE54-$Z54)/5) -> 0.080424344 | AC54: =AB54+(($AE54-$Z54)/5) -> 0.080739697 | AD54: =AC54+(($AE54-$Z54)/5) -> 0.081055049 | AE54: 0.081370402 | AF54: =AE54+(($AJ54-$AE54)/5) -> 0.08170921 | AG54: =AF54+(($AJ54-$AE54)/5) -> 0.082048019 | AH54: =AG54+(($AJ54-$AE54)/5) -> 0.082386827 | AI54: =AH54+(($AJ54-$AE54)/5) -> 0.082725635 | AJ54: 0.083064444 | AK54: 2.6382559 | AL54: 0.95542182
