Workbook

Sheet forest biomass
A1: Biomass OAR Forests | B1: Country | C1: NAI | D1: Wood density (stem) | E1: LHV | F1: AF | G1: SUM (GJ/ha/year) | H1: Conversion PJ/1000km²/year | I1: Forested area (1000 sqkm) | J1: total energy (Mtoe) | K1: WOD (PJ)
B2: Austria | C2: 7.19 | D2: 0.41 | E2: 19 | F2: 0.3 | G2: =SUM(C2*D2*E2*F2) -> 16.80303 | H2: =ROUND(SUM(G2*0.1),3) -> 1.68 | I2: =VLOOKUP(B2,'Area of forests'!$A$2:$B$29,2,FALSE) -> 36.301 | J2: =ROUND(I2*H2*23884.6/1000000,3) -> 1.457 | K2: =H2*I2 -> 60.98568
B3: Belgium | C3: 7.99 | D3: 0.4666 | E3: 19 | F3: 0.3 | G3: =SUM(C3*D3*E3*F3) -> 21.250364 | H3: =ROUND(SUM(G3*0.1),3) -> 2.125 | I3: =VLOOKUP(B3,'Area of forests'!$A$2:$B$29,2,FALSE) -> 8.113 | J3: =ROUND(I3*H3*23884.6/1000000,3) -> 0.412 | K3: =H3*I3 -> 17.240125
B4: Bulgaria | C4: 3.65 | D4: 0.5396 | E4: 19 | F4: 0.3 | G4: =SUM(C4*D4*E4*F4) -> 11.226378 | H4: =ROUND(SUM(G4*0.1),3) -> 1.123 | I4: =VLOOKUP(B4,'Area of forests'!$A$2:$B$29,2,FALSE) -> 48.915 | J4: =ROUND(I4*H4*23884.6/1000000,3) -> 1.312 | K4: =H4*I4 -> 54.931545
B5: Croatia | C5: 4.64 | D5: 0.6179 | E5: 19 | F5: 0.3 | G5: =SUM(C5*D5*E5*F5) -> 16.342219 | H5: =ROUND(SUM(G5*0.1),3) -> 1.634 | I5: =VLOOKUP(B5,'Area of forests'!$A$2:$B$29,2,FALSE) -> 27.226 | J5: =ROUND(I5*H5*23884.6/1000000,3) -> 1.063 | K5: =H5*I5 -> 44.487284
B6: Cyprus | C6: 1.13 | D6: 0.5171 | E6: 19 | F6: 0.3 | G6: =SUM(C6*D6*E6*F6) -> 3.3306411 | H6: =ROUND(SUM(G6*0.1),3) -> 0.333 | I6: =VLOOKUP(B6,'Area of forests'!$A$2:$B$29,2,FALSE) -> 2.224 | J6: =ROUND(I6*H6*23884.6/1000000,3) -> 0.018 | K6: =H6*I6 -> 0.740592
B7: Czechia | C7: 7.91 | D7: 0.5118 | E7: 19 | F7: 0.3 | G7: =SUM(C7*D7*E7*F7) -> 23.075527 | H7: =ROUND(SUM(G7*0.1),3) -> 2.308 | I7: =VLOOKUP(B7,'Area of forests'!$A$2:$B$29,2,FALSE) -> 30.234 | J7: =ROUND(I7*H7*23884.6/1000000,3) -> 1.667 | K7: =H7*I7 -> 69.780072
B8: Denmark | C8: 10.68 | D8: 0.5206 | E8: 19 | F8: 0.3 | G8: =SUM(C8*D8*E8*F8) -> 31.692046 | H8: =ROUND(SUM(G8*0.1),3) -> 3.169 | I8: =VLOOKUP(B8,'Area of forests'!$A$2:$B$29,2,FALSE) -> 8.587 | J8: =ROUND(I8*H8*23884.6/1000000,3) -> 0.65 | K8: =H8*I8 -> 27.212203
B9: Estonia | C9: 5.62 | D9: 0.4766 | E9: 19 | F9: 0.3 | G9: =SUM(C9*D9*E9*F9) -> 15.267404 | H9: =ROUND(SUM(G9*0.1),3) -> 1.527 | I9: =VLOOKUP(B9,'Area of forests'!$A$2:$B$29,2,FALSE) -> 26.277 | J9: =ROUND(I9*H9*23884.6/1000000,3) -> 0.958 | K9: =H9*I9 -> 40.124979
B10: Finland | C10: 4.09 | D10: 0.4761 | E10: 19 | F10: 0.3 | G10: =SUM(C10*D10*E10*F10) -> 11.099319 | H10: =ROUND(SUM(G10*0.1),3) -> 1.11 | I10: =VLOOKUP(B10,'Area of forests'!$A$2:$B$29,2,FALSE) -> 220.637 | J10: =ROUND(I10*H10*23884.6/1000000,3) -> 5.85 | K10: =H10*I10 -> 244.90707
B11: France | C11: 5.31 | D11: 0.5314 | E11: 19 | F11: 0.3 | G11: =SUM(C11*D11*E11*F11) -> 16.083884 | H11: =ROUND(SUM(G11*0.1),3) -> 1.608 | I11: =VLOOKUP(B11,'Area of forests'!$A$2:$B$29,2,FALSE) -> 181.93 | J11: =ROUND(I11*H11*23884.6/1000000,3) -> 6.987 | K11: =H11*I11 -> 292.54344
B12: Germany | C12: 10.462806 | D12: 0.4667 | E12: 19 | F12: 0.3 | G12: =SUM(C12*D12*E12*F12) -> 27.833052 | H12: =ROUND(SUM(G12*0.1),3) -> 2.783 | I12: =VLOOKUP(B12,'Area of forests'!$A$2:$B$29,2,FALSE) -> 123.766 | J12: =ROUND(I12*H12*23884.6/1000000,3) -> 8.227 | K12: =H12*I12 -> 344.44078
B13: Greece | C13: 2.94 | D13: 0.5171 | E13: 19 | F13: 0.3 | G13: =SUM(C13*D13*E13*F13) -> 8.6655618 | H13: =ROUND(SUM(G13*0.1),3) -> 0.867 | I13: =VLOOKUP(B13,'Area of forests'!$A$2:$B$29,2,FALSE) -> 53.005 | J13: =ROUND(I13*H13*23884.6/1000000,3) -> 1.098 | K13: =H13*I13 -> 45.955335
... B28: Lithuania | C28: 7.13 | D28: 0.4687 | E28: 19 | F28: 0.3 | G28: =SUM(C28*D28*E28*F28) -> 19.048437 | H28: =ROUND(SUM(G28*0.1),3) -> 1.905 | I28: =VLOOKUP(B28,'Area of forests'!$A$2:$B$29,2,FALSE) -> 25.504 | J28: =ROUND(I28*H28*23884.6/1000000,3) -> 1.16 | K28: =H28*I28 -> 48.58512

Sheet Area of forests
A1: Country | B1: Woodland (1000 sq km)
A2: EU27 | B2: 1695.726
A3: Belgium | B3: 8.113
A4: Bulgaria | B4: 48.915
A5: Czechia | B5: 30.234
A6: Denmark | B6: 8.587
A7: Germany | B7: 123.766
A8: Estonia | B8: 26.277
A9: Ireland | B9: 9.882
A10: Greece | B10: 53.005
A11: Spain | B11: 175.161
A12: France | B12: 181.93
A13: Croatia | B13: 27.226
... A29: Sweden | B29: 279.329
