Workbook

Sheet GHG data from Eurostat
A1: Data extracted on 23/09/2025 14:52:11 from [ESTAT]
A2: Dataset: | B2: Greenhouse gas emissions by source sector [env_air_gge__custom_18145251]
A3: Last updated: | B3: 08/05/2025 23:00
A4: Source | B4: https://ec.europa.eu/eurostat/databrowser/product/page/env_air_gge__custom_18145251
A5: Time frequency | B5: Annual | DV5: =DU11/(77/3) -> -2.3009692
A6: Unit of measure | B6: Million tonnes
A8: TIME | B8: TIME | C8: 2018 | D8: 2018 | E8: 2018 | F8: 2018 | G8: 2018 | H8: 2018 | I8: 2018 | J8: 2018 | K8: 2018 | L8: 2018 | M8: 2018 | N8: 2018 | O8: 2018 | P8: 2018 | Q8: 2018 | R8: 2018 | S8: 2018 | T8: 2018 | U8: 2018 | V8: 2018 | W8: 2018 | X8: 2018 | Y8: 2018 | Z8: 2018 | AA8: 2018 | AB8: 2018 | AC8: 2018 | AD8: 2018 | AE8: 2018 | AF8: 2018 | AG8: 2018 | AH8: 2018 | AI8: 2018 | AJ8: 2018 | AK8: 2018 | AL8: 2018 | AM8: 2018 | AN8: 2018 | AO8: 2018 | AP8: 2018 | AQ8: 2018 | AR8: 2018 | AS8: 2018 | AT8: 2018 | AU8: 2018 | AV8: 2018 | AW8: 2018 | AX8: 2018 | AY8: 2018 | AZ8: 2018 | BA8: 2018 | BB8: 2018 | BC8: 2018 | BD8: 2018 | BE8: 2018 | BF8: 2018 | BG8: 2018 | BH8: 2018 | BI8: 2018 | BJ8: 2018 | BK8: 2018 | BL8: 2018 | BM8: 2018 | BN8: 2018 | BO8: 2018 | BP8: 2018 | BQ8: 2018 | BR8: 2018 | BS8: 2018 | BT8: 2018 | BU8: 2018 | BV8: 2018 | BW8: 2018 | BX8: 2018 | BY8: 2018 | BZ8: 2018 | CA8: 2018 | CB8: 2018 | CC8: 2018 | CD8: 2018 | CE8: 2018 | CF8: 2018 | CG8: 2018 | CH8: 2018 | CI8: 2018 | CJ8: 2018 | CK8: 2018 | CL8: 2018 | CM8: 2018 | CN8: 2018 | CO8: 2018 | CP8: 2018 | CQ8: 2018 | CR8: 2018 | CS8: 2018 | CT8: 2018 | CU8: 2018 | CV8: 2018 | CW8: 2018 | CX8: 2018 | CY8: 2018 | CZ8: 2018 | DA8: 2018 | DB8: 2018 | DC8: 2018 | DD8: 2018 | DE8: 2018 | DF8: 2018 | DG8: 2018 | DH8: 2018 | DI8: 2018 | DJ8: 2018 | DK8: 2018 | DL8: 2018 | DM8: 2018 | DN8: 2018 | DO8: 2018 | DP8: 2018 | DQ8: 2018 | DR8: 2018 | DS8: 2018 | DT8: 2018 | DU8: 2018 | DV8: 2018 | DW8: 2018 | DX8: 2018 | DY8: 2018 | DZ8: 2018 | EA8: 2018 | EB8: 2018 | EC8: 2018 | ED8: 2018 | EE8: 2018 | EF8: 2018 | EG8: 2018 | EH8: 2018 | EI8: 2018 | EJ8: 2018 | EK8: 2018 | EL8: 2018 | EM8: 2018 | EN8: 2018 | EO8: 2018 | EP8: 2018 | EQ8: 2018 | ER8: 2018 | ES8: 2018 | ET8: 2018 | EU8: 2018 | EV8: 2018 | EW8: 2018 | EX8: 2018 | EY8: 2018 | EZ8: 2018 | FA8: 2018 | FB8: 2018 | FC8: 2018 | FD8: 2018 | FE8: 2018 | FF8: 2018 | FG8: 2018 | FH8: 2018 | FI8: 2018 | FJ8: 2018 | FK8: 2018 | FL8: 2018
A9: SRC_CRF (Labels) | B9: SRC_CRF (Labels) | C9: Total (excluding memo items) | D9: Total (excluding LULUCF and memo items) | E9: Energy | F9: Fuel combustion - sectoral approach | G9: Fuel combustion in energy industries | H9: Fuel combustion in public electricity and heat production | I9: Fuel combustion in petroleum refining | J9: Fuel combustion in manufacture of solid fuels and other energy industries | K9: Fuel combustion in manufacturing industries and construction | L9: Fuel combustion in manufacture of iron and steel | M9: Fuel combustion in manufacture of non-ferrous metals | N9: Fuel combustion in manufacture of chemicals | O9: Fuel combustion in manufacture of pulp, paper and printing | P9: Fuel combustion in manufacture of food, beverages and tobacco | Q9: Fuel combustion in manufacture of non-metallic mineral products | R9: Fuel combustion in other manufacturing industries and construction | S9: Fuel combustion in transport | T9: Fuel combustion in domestic aviation | U9: Fuel combustion in road transport | V9: Fuel combustion in cars | W9: Fuel combustion in light duty trucks | X9: Fuel combustion in heavy duty trucks and buses | Y9: Fuel combustion in motorcycles | Z9: Fuel combustion in other road transportation | AA9: Fuel combustion in railways | AB9: Fuel combustion in domestic navigation | AC9: Fuel combustion in other transport | AD9: Other fuel combustion sectors | AE9: Fuel combustion in commercial and institutional sector | AF9: Fuel combustion by households | AG9: Fuel combustion in agriculture, forestry and fishing | AH9: Other fuel combustion sectors n.e.c. | AI9: Stationary fuel combustion sectors n.e.c. | AJ9: Mobile fuel combustion sectors n.e.c. | AK9: Fuels - fugitive emissions | AL9: Solid fuels - fugitive emissions | AM9: Oil, natural gas and other energy production - fugitive emissions | AN9: Transport and storage of CO2 (memo item) | AO9: International bunkers (memo item) | AP9: International aviation (memo item) | AQ9: International navigation (memo item) | AR9: Multilateral operations (memo item) | AS9: Biomass - CO2 emissions (memo item) | AT9: Industrial processes and product use | AU9: Mineral industry | AV9: Cement production | AW9: Lime production | AX9: Glass production | AY9: Other process uses of carbonates | AZ9: Chemical industry | BA9: Ammonia production | BB9: Nitric acid production | BC9: Adipic acid production | BD9: Caprolactam, glyoxal and glyoxylic acid production | BE9: Carbide production | BF9: Titanium dioxide production | BG9: Soda ash production | BH9: Petrochemical and carbon black production | BI9: Fluorochemical production | BJ9: Other chemical industry | BK9: Metal industry | BL9: Iron and steel production | BM9: Ferroalloys production | BN9: Aluminium production | BO9: Magnesium production | BP9: Lead production | BQ9: Zinc production | BR9: Other metal industry | BS9: Non-energy products from fuels and solvent use | BT9: Lubricant use | BU9: Paraffin wax use | BV9: Other non-energy product use | BW9: Electronics industry | BX9: Integrated circuit or semiconductor production | BY9: TFT flat panel display production | BZ9: Photovoltaic | CA9: Heat transfer fluid | CB9: Other electronics industry | CC9: Product uses as substitutes for ozone depleting substances | CD9: Refrigeration and air conditioning | CE9: Foam blowing agent use | CF9: Fire protection | CG9: Aerosol use | CH9: Solvent use | CI9: Other applications of substitutes for ozone depleting substances | CJ9: Other product manufacture and use | CK9: Other industrial process and product use | CL9: Agriculture | CM9: Enteric fermentation | CN9: Enteric fermentation of cattle | CO9: Enteric fermentation of sheep | CP9: Enteric fermentation of swine | CQ9: Enteric fermentation of other livestock | CR9: Manure management | CS9: Cattle manure management | CT9: Sheep manure management | CU9: Swine manure management | CV9: Other livestock manure management | CW9: Manure management - indirect N2O emissions | CX9: Rice cultivation | CY9: Irrigated rice cultivation | CZ9: Rainfed rice cultivation | DA9: Deep water rice cultivation | DB9: Other rice cultivation | DC9: Managed agricultural soils | DD9: Managed agricultural soils - direct N2O emissions | DE9: Managed agricultural soils - indirect N2O emissions | DF9: Prescribed burning of savannas | DG9: Field burning of agricultural residues | DH9: Field burning of cereals residues | DI9: Field burning of pulses residues | DJ9: Field burning of tubers and roots residues | DK9: Field burning of sugar cane residues | DL9: Field burning of other agricultural residues | DM9: Liming | DN9: Urea application | DO9: Other carbon-containing fertilizers | DP9: Other agriculture | DQ9: Land use, land use change, and forestry (LULUCF) | DR9: Forest land | DS9: Drainage and rewetting and other management of organic and mineral soils related to forest land - emissions and removals | DT9: Unconverted forest land | DU9: Land converted to forest land | DV9: Cropland | DW9: Drainage and rewetting and other management of organic and mineral soils related to cropland - emissions and removals | DX9: Unconverted cropland | DY9: Land converted to cropland | DZ9: Grassland | EA9: Drainage and rewetting and other management of organic and mineral soils related to grassland - emissions and removals | EB9: Unconverted grassland | EC9: Land converted to grassland | ED9: Wetlands | EE9: Drainage and rewetting and other management of organic and mineral soils related to wetlands - emissions and removals | EF9: Unconverted wetlands | EG9: Land converted to wetlands | EH9: Settlements | EI9: Biomass burning in settlements | EJ9: Unconverted settlements | EK9: Land converted to settlements | EL9: Other land | EM9: Land converted to other land | EN9: Nitrogen mineralization and immobilization in other land - direct N2O emissions | EO9: Biomass burning on other land | EP9: Harvested wood products | EQ9: Other land use, land use change, and forestry | ER9: Waste management | ES9: Solid waste disposal | ET9: Managed waste disposal sites | EU9: Unmanaged waste disposal sites | EV9: Uncategorized waste disposal sites | EW9: Biological treatment of solid waste | EX9: Waste composting | EY9: Anaerobic digestion at biogas facilities | EZ9: Incineration and open burning of waste | FA9: Waste incineration | FB9: Open burning of waste | FC9: Wastewater treatment and discharge | FD9: Domestic wastewater | FE9: Industrial wastewater | FF9: Other wastewater | FG9: Other disposal | FH9: Long-term storage of carbon in waste disposal sites | FI9: Annual change in total long-term carbon storage | FJ9: Annual change in total long-term carbon storage in harvested wood products HWP waste | FK9: Other sectors | FL9: Indirect CO2
A10: GEO (Labels) | B10: AIRPOL (Labels)
A11: European Union - 27 countries (from 2020) | B11: Greenhouse gases (CO2, N2O in CO2 equivalent, CH4 in CO2 equivalent, HFC in CO2 equivalent, PFC in CO2 equivalent, SF6 in CO2 equivalent, NF3 in CO2 equivalent) | C11: 3546.7562 | D11: 3749.8848 | E11: 2901.9674 | F11: 2827.4781 | G11: 1024.275 | H11: 883.98896 | I11: 99.74929 | J11: 40.53672 | K11: 429.8956 | L11: 82.5444 | M11: 8.56619 | N11: 61.07187 | O11: 23.66615 | P11: 36.71103 | Q11: 87.15395 | R11: 128.12606 | S11: 830.88806 | T11: 14.63443 | U11: 787.80671 | V11: 483.14698 | W11: 85.94433 | X11: 209.12552 | Y11: 9.47814 | Z11: 0.11174 | AA11: 4.12842 | AB11: 18.13082 | AC11: 6.18768 | AD11: 536.69507 | AE11: 124.31231 | AF11: 333.72367 | AG11: 78.65909 | AH11: 5.72439 | AI11: 3.51383 | AJ11: 2.21056 | AK11: 74.4893 | AL11: 34.93627 | AM11: 39.55303 | AN11: 0 | AO11: 267.43165 | AP11: 130.06639 | AQ11: 137.36526 | AR11: 0.00217 | AS11: 561.67781 | AT11: 344.12963 | AU11: 106.59063 | AV11: 73.60795 | AW11: 18.5787 | AX11: 3.96086 | AY11: 10.44311 | AZ11: 66.65341 | BA11: 20.81548 | BB11: 3.02226 | BC11: 0.37172 | BD11: 1.70305 | BE11: 0.27703 | BF11: 0.12046 | BG11: 2.05793 | BH11: 16.71342 | BI11: 3.47706 | BJ11: 18.095 | BK11: 78.77322 | BL11: 69.7986 | BM11: 3.05819 | BN11: 3.754 | BO11: 0.12104 | BP11: 0.20094 | BQ11: 1.06083 | BR11: 0.32875 | BS11: 6.61387 | BT11: 2.30567 | BU11: 1.07888 | BV11: 3.22933 | BW11: 0.7835 | BX11: 0.76063 | BY11: 0 | BZ11: 3e-05 | CA11: 0.02284 | CB11: 0 | CC11: 75.21695 | CD11: 67.91084 | CE11: 2.04566 | CF11: 2.41731 | CG11: 2.62128 | CH11: 0.04518 | CI11: 0.17667 | CJ11: 9.15656 | CK11: 0.3415 | CL11: 386.08819 | CM11: 185.93478 | CN11: 158.85769 | CO11: 16.14197 | CP11: 4.54657 | CQ11: 6.38857 | CR11: 66.44227 | CS11: 31.036 | CT11: 1.37362 | CU11: 22.48916 | CV11: 4.29403 | CW11: 7.24946 | CX11: 2.9223 | CY11: 2.9223 | CZ11: 0 | DA11: 0 | DB11: 0 | DC11: 118.49519 | DD11: 93.46896 | DE11: 25.02623 | DF11: 0 | DG11: 0.54327 | DH11: 0.48322 | DI11: 0.00034 | DJ11: 0.00475 | DK11: 0.00181 | DL11: 0.05315 | DM11: 4.97771 | DN11: 4.2564 | DO11: 0.86711 | DP11: 1.64915 | DQ11: -203.12861 | DR11: -267.38612 | DS11: 7.58122 | DT11: -208.32791 | DU11: -59.05821 | DV11: 39.13098 | DW11: 1.78059 | DX11: 15.4884 | DY11: 23.64259 | DZ11: 11.65156 | EA11: 5.51196 | EB11: 30.67121 | EC11: -19.01964 | ED11: 24.86138 | EE11: 10.77777 | EF11: 21.84214 | EG11: 3.01925 | EH11: 26.3348 | EI11: 0.68597 | EJ11: 2.21738 | EK11: 24.11742 | EL11: 1.82741 | EM11: 1.82741 | EN11: 0.04108 | EO11: 0.00021 | EP11: -40.06697 | EQ11: 0.29734 | ER11: 113.8402 | ES11: 77.58205 | ET11: 66.09506 | EU11: 11.2358 | EV11: 0.2512 | EW11: 6.17586 | EX11: 4.60494 | EY11: 1.57092 | EZ11: 3.30646 | FA11: 2.24792 | FB11: 1.05854 | FC11: 26.71748 | FD11: 20.04334 | FE11: 6.54876 | FF11: 0.12537 | FG11: 0.05835 | FH11: 222.14316 | FI11: 2.05176 | FJ11: 1.10372 | FK11: 0 | FL11: 3.85936
A12: European Union - 27 countries (from 2020) | B12: Carbon dioxide | C12: 2834.9584 | D12: 3062.558 | E12: 2798.7461 | F12: 2776.5611 | G12: 1014.7493 | H12: 875.24583 | I12: 99.37231 | J12: 40.13113 | K12: 424.17884 | L12: 82.121 | M12: 8.53411 | N12: 60.37409 | O12: 22.95184 | P12: 36.05229 | Q12: 86.02125 | R12: 126.10576 | S12: 821.90026 | T12: 14.51178 | U12: 779.48748 | V12: 478.52112 | W12: 85.20997 | X12: 206.49319 | Y12: 9.16725 | Z12: 0.09596 | AA12: 3.92405 | AB12: 17.83857 | AC12: 6.13837 | AD12: 510.05847 | AE12: 122.94424 | AF12: 313.79036 | AG12: 73.32387 | AH12: 5.67429 | AI12: 3.49116 | AJ12: 2.18313 | AK12: 22.18497 | AL12: 4.05147 | AM12: 18.1335 | AN12: 0 | AO12: 265.04024 | AP12: 129.0563 | AQ12: 135.98394 | AR12: 0.00216 | AS12: 561.67781 | AT12: 247.66218 | AU12: 106.59063 | AV12: 73.60795 | AW12: 18.5787 | AX12: 3.96086 | AY12: 10.44311 | AZ12: 56.31751 | BA12: 20.81198 | BB12: 0 | BC12: 0.02295 | BD12: 0 | BE12: 0.26535 | BF12: 0.12046 | BG12: 2.05793 | BH12: 15.47588 | BI12: 0 | BJ12: 17.56295 | BK12: 77.8964 | BL12: 69.62138 | BM12: 3.03604 | BN12: 3.27211 | BO12: 0 | BP12: 0.20094 | BQ12: 1.06083 | BR12: 0.25423 | BS12: 6.60807 | BT12: 2.30208 | BU12: 1.07717 | BV12: 3.22882 | BW12: 0 | BX12: 0 | BY12: 0 | BZ12: 0 | CA12: 0 | CB12: 0 | CC12: 0 | CD12: 0 | CE12: 0 | CF12: 0 | CG12: 0 | CH12: 0 | CI12: 0 | CJ12: 0.12584 | CK12: 0.12374 | CL12: 10.10122 | CM12: 0 | CN12: 0 | CO12: 0 | CP12: 0 | CQ12: 0 | CR12: 0 | CS12: 0 | CT12: 0 | CU12: 0 | CV12: 0 | CW12: 0 | CX12: 0 | CY12: 0 | CZ12: 0 | DA12: 0 | DB12: 0 | DC12: 0 | DD12: 0 | DE12: 0 | DF12: 0 | DG12: 0 | DH12: 0 | DI12: 0 | DJ12: 0 | DK12: 0 | DL12: 0 | DM12: 4.97771 | DN12: 4.2564 | DO12: 0.86711 | DP12: 0 | DQ12: -227.59964 | DR12: -274.15581 | DS12: 1.77141 | DT12: -214.59319 | DU12: -59.56262 | DV12: 36.84788 | DW12: 1.10478 | DX12: 14.7557 | DY12: 22.09218 | DZ12: 8.45294 | EA12: 2.87656 | EB12: 27.92706 | EC12: -19.47412 | ED12: 16.21766 | EE12: 2.28375 | EF12: 13.46314 | EG12: 2.75453 | EH12: 23.27141 | EI12: 0.54455 | EJ12: 2.02489 | EK12: 21.24652 | EL12: 1.78089 | EM12: 1.78089 | EN12: 0 | EO12: 0 | EP12: -40.06697 | EQ12: 0.05236 | ER12: 2.18919 | ES12: 0 | ET12: 0 | EU12: 0 | EV12: 0 | EW12: 0 | EX12: 0 | EY12: 0 | EZ12: 2.17127 | FA12: 2.13594 | FB12: 0.03533 | FC12: 0 | FD12: 0 | FE12: 0 | FF12: 0 | FG12: 0.01792 | FH12: 222.14316 | FI12: 2.05176 | FJ12: 1.10372 | FK12: 0 | FL12: 3.85936
A13: European Union - 27 countries (from 2020) | B13: Methane | C13: 15.47622 | D13: 14.96245 | E13: 2.83951 | F13: 0.97254 | G13: 0.12997 | H13: 0.12004 | I13: 0.00267 | J13: 0.00727 | K13: 0.08642 | L13: 0.0054 | M13: 0.00055 | N13: 0.01845 | O13: 0.01032 | P13: 0.01793 | Q13: 0.01034 | R13: 0.02318 | S13: 0.04696 | T13: 0.00029 | U13: 0.04314 | V13: 0.02618 | W13: 0.00188 | X13: 0.00548 | Y13: 0.00952 | Z13: 8e-05 | AA13: 0.00027 | AB13: 0.00279 | AC13: 0.00047 | AD13: 0.7088 | AE13: 0.02857 | AF13: 0.59862 | AG13: 0.0816 | AH13: 0.00039 | AI13: 0.00028 | AJ13: 0.00012 | AK13: 1.86696 | AL13: 1.10302 | AM13: 0.76394 | AN13: 0 | AO13: 0.01049 | AP13: 0.00087 | AQ13: 0.00962 | AR13: 0 | AS13: 0 | AT13: 0.05982 | AU13: 0 | AV13: 0 | AW13: 0 | AX13: 0 | AY13: 0 | AZ13: 0.04895 | BA13: 0.00011 | BB13: 0 | BC13: 0 | BD13: 0 | BE13: 0.00042 | BF13: 0 | BG13: 0 | BH13: 0.0442 | BI13: 0 | BJ13: 0.00423 | BK13: 0.00712 | BL13: 0.00633 | BM13: 0.00079 | BN13: 0 | BO13: 0 | BP13: 0 | BQ13: 0 | BR13: 0 | BS13: 5e-05 | BT13: 2e-05 | BU13: 1e-05 | BV13: 2e-05 | BW13: 0 | BX13: 0 | BY13: 0 | BZ13: 0 | CA13: 0 | CB13: 0 | CC13: 0 | CD13: 0 | CE13: 0 | CF13: 0 | CG13: 0 | CH13: 0 | CI13: 0 | CJ13: 0.00337 | CK13: 0.00033 | CL13: 8.50202 | CM13: 6.64053 | CN13: 5.67349 | CO13: 0.5765 | CP13: 0.16238 | CQ13: 0.22816 | CR13: 1.68964 | CS13: 0.83075 | CT13: 0.0299 | CU13: 0.7392 | CV13: 0.08978 | CW13: 0 | CX13: 0.10437 | CY13: 0.10437 | CZ13: 0 | DA13: 0 | DB13: 0 | DC13: 0 | DD13: 0 | DE13: 0 | DF13: 0 | DG13: 0.01512 | DH13: 0.01355 | DI13: 1e-05 | DJ13: 0.00012 | DK13: 5e-05 | DL13: 0.00139 | DM13: 0 | DN13: 0 | DO13: 0 | DP13: 0.05237 | DQ13: 0.51377 | DR13: 0.0683 | DS13: 0.05453 | DT13: 0.06629 | DU13: 0.00201 | DV13: 0.03119 | DW13: 0.02414 | DX13: 0.02462 | DY13: 0.00657 | DZ13: 0.10122 | EA13: 0.09195 | EB13: 0.09198 | EC13: 0.00924 | ED13: 0.29835 | EE13: 0.29623 | EF13: 0.29196 | EG13: 0.00639 | EH13: 0.00595 | EI13: 0.00497 | EJ13: 0.00421 | EK13: 0.00175 | EL13: 1e-05 | EM13: 1e-05 | EN13: 0 | EO13: 1e-05 | EP13: 0 | EQ13: 0.00875 | ER13: 3.56111 | ES13: 2.77079 | ET13: 2.36054 | EU13: 0.40128 | EV13: 0.00897 | EW13: 0.15558 | EX13: 0.1021 | EY13: 0.05348 | EZ13: 0.02277 | FA13: 0.0007 | FB13: 0.02207 | FC13: 0.6116 | FD13: 0.40709 | FE13: 0.20163 | FF13: 0.00287 | FG13: 0.00036 | FH13: 0 | FI13: 0 | FJ13: 0 | FK13: 0 | FL13: 0
A14: European Union - 27 countries (from 2020) | B14: Nitrous oxide | C14: 0.72326 | D14: 0.6852 | E14: 0.08949 | F14: 0.08938 | G14: 0.02221 | H14: 0.02031 | I14: 0.00114 | J14: 0.00076 | K14: 0.01244 | L14: 0.00103 | M14: 6e-05 | N14: 0.00068 | O14: 0.0016 | P14: 0.00059 | Q14: 0.00318 | R14: 0.00517 | S14: 0.02895 | T14: 0.00043 | U14: 0.02683 | V14: 0.01469 | W14: 0.00257 | X14: 0.00935 | Y14: 0.00017 | Z14: 5e-05 | AA14: 0.00074 | AB14: 0.00081 | AC14: 0.00014 | AD14: 0.02562 | AE14: 0.00214 | AF14: 0.01197 | AG14: 0.01151 | AH14: 0.00015 | AI14: 6e-05 | AJ14: 9e-05 | AK14: 0.00011 | AL14: 0 | AM14: 0.00011 | AN14: 0 | AO14: 0.00792 | AP14: 0.00372 | AQ14: 0.0042 | AR14: 0 | AS14: 0 | AT14: 0.03016 | AU14: 0 | AV14: 0 | AW14: 0 | AX14: 0 | AY14: 0 | AZ14: 0.02071 | BA14: 0 | BB14: 0.0114 | BC14: 0.00132 | BD14: 0.00643 | BE14: 0 | BF14: 0 | BG14: 0 | BH14: 0 | BI14: 0 | BJ14: 0.00156 | BK14: 6e-05 | BL14: 0 | BM14: 0 | BN14: 0 | BO14: 0 | BP14: 0 | BQ14: 0 | BR14: 6e-05 | BS14: 2e-05 | BT14: 1e-05 | BU14: 0 | BV14: 0 | BW14: 0 | BX14: 0 | BY14: 0 | BZ14: 0 | CA14: 0 | CB14: 0 | CC14: 0 | CD14: 0 | CE14: 0 | CF14: 0 | CG14: 0 | CH14: 0 | CI14: 0 | CJ14: 0.00909 | CK14: 0.00029 | CL14: 0.52049 | CM14: 0 | CN14: 0 | CO14: 0 | CP14: 0 | CQ14: 0 | CR14: 0.0722 | CS14: 0.02934 | CT14: 0.00202 | CU14: 0.00676 | CV14: 0.00672 | CW14: 0.02736 | CX14: 0 | CY14: 0 | CZ14: 0 | DA14: 0 | DB14: 0 | DC14: 0.44715 | DD14: 0.35271 | DE14: 0.09444 | DF14: 0 | DG14: 0.00045 | DH14: 0.00039 | DI14: 0 | DJ14: 1e-05 | DK14: 0 | DL14: 5e-05 | DM14: 0 | DN14: 0 | DO14: 0 | DP14: 0.00069 | DQ14: 0.03806 | DR14: 0.01833 | DS14: 0.01616 | DT14: 0.01664 | DU14: 0.00169 | DV14: 0.00532 | DW14: 0 | DX14: 0.00016 | DY14: 0.00516 | DZ14: 0.00138 | EA14: 0.00023 | EB14: 0.00064 | EC14: 0.00074 | ED14: 0.00109 | EE14: 0.00075 | EF14: 0.00077 | EG14: 0.00032 | EH14: 0.01093 | EI14: 1e-05 | EJ14: 0.00028 | EK14: 0.01065 | EL14: 0.00017 | EM14: 0.00017 | EN14: 0.00016 | EO14: 0 | EP14: 0 | EQ14: 0 | ER14: 0.04506 | ES14: 0 | ET14: 0 | EU14: 0 | EV14: 0 | EW14: 0.00687 | EX14: 0.00659 | EY14: 0.00028 | EZ14: 0.00188 | FA14: 0.00035 | FB14: 0.00153 | FC14: 0.0362 | FD14: 0.03262 | FE14: 0.00341 | FF14: 0.00017 | FG14: 0.00011 | FH14: 0 | FI14: 0 | FJ14: 0 | FK14: 0 | FL14: 0
A15: Belgium | B15: Greenhouse gases (CO2, N2O in CO2 equivalent, CH4 in CO2 equivalent, HFC in CO2 equivalent, PFC in CO2 equivalent, SF6 in CO2 equivalent, NF3 in CO2 equivalent) | C15: 116.74231 | D15: 117.36547 | E15: 85.62322 | F15: 84.89881 | G15: 19.5846 | H15: 14.85926 | I15: 4.56903 | J15: 0.15631 | K15: 14.19772 | L15: 1.34545 | M15: 0.44542 | N15: 3.92328 | O15: 0.52501 | P15: 2.43329 | Q15: 3.52446 | R15: 2.00082 | S15: 26.3005 | T15: 0.01328 | U15: 25.34982 | V15: 14.4094 | W15: 3.13299 | X15: 7.65009 | Y15: 0.15662 | Z15: 0.00072 | AA15: 0.08441 | AB15: 0.45337 | AC15: 0.39963 | AD15: 24.70043 | AE15: 5.87501 | AF15: 16.39613 | AG15: 2.42929 | AH15: 0.11556 | AI15: 0 | AJ15: 0.11556 | AK15: 0.72441 | AL15: 0.04559 | AM15: 0.67882 | AN15: 0 | AO15: 35.6868 | AP15: 5.18309 | AQ15: 30.50371 | AR15: 0 | AS15: 12.26092 | AT15: 21.24173 | AU15: 4.44056 | AV15: 2.53438 | AW15: 1.56296 | AX15: 0.15779 | AY15: 0.18543 | AZ15: 9.40629 | BA15: 1.14573 | BB15: 0.22569 | BC15: 0 | BD15: 0.47605 | BE15: 0 | BF15: 0.06895 | BG15: 0 | BH15: 3.85169 | BI15: 1.4832 | BJ15: 2.15499 | BK15: 4.25313 | BL15: 4.14106 | BM15: 0 | BN15: 0 | BO15: 0 | BP15: 0 | BQ15: 0.0093 | BR15: 0.10277 | BS15: 0.13077 | BT15: 0.08912 | BU15: 0.0102 | BV15: 0.03145 | BW15: 0.01954 | BX15: 0.01943 | BY15: 0 | BZ15: 0 | CA15: 0.00011 | CB15: 0 | CC15: 2.8226 | CD15: 2.71017 | CE15: 0.0542 | CF15: 0.01241 | CG15: 0.04582 | CH15: 0 | CI15: 0 | CJ15: 0.14442 | CK15: 0.02441 | CL15: 9.01028 | CM15: 4.53326 | CN15: 4.19159 | CO15: 0.0221 | CP15: 0.26645 | CQ15: 0.05312 | CR15: 1.81442 | CS15: 0.93695 | CT15: 0.00132 | CU15: 0.63903 | CV15: 0.05793 | CW15: 0.17918 | CX15: 0 | CY15: 0 | CZ15: 0 | DA15: 0 | DB15: 0 | DC15: 2.48554 | DD15: 1.75086 | DE15: 0.73469 | DF15: 0 | DG15: 0 | DH15: 0 | DI15: 0 | DJ15: 0 | DK15: 0 | DL15: 0 | DM15: 0.13171 | DN15: 0.04535 | DO15: 0 | DP15: 0 | DQ15: -0.62316 | DR15: -2.00717 | DS15: 0 | DT15: -1.45014 | DU15: -0.55704 | DV15: 0.84705 | DW15: 0 | DX15: 0.34124 | DY15: 0.50581 | DZ15: 0.10501 | EA15: 0 | EB15: 0.11387 | EC15: -0.00886 | ED15: 0.00835 | EE15: 0 | EF15: 0 | EG15: 0.00835 | EH15: 0.51325 | EI15: 0 | EJ15: 0 | EK15: 0.51325 | EL15: 0 | EM15: 0 | EN15: 0 | EO15: 0 | EP15: -0.08964 | EQ15: 0 | ER15: 1.49025 | ES15: 0.78505 | ET15: 0.78505 | EU15: 0 | EV15: 0 | EW15: 0.04925 | EX15: 0.04925 | EY15: 0 | EZ15: 0.28742 | FA15: 0.28742 | FB15: 0 | FC15: 0.36853 | FD15: 0.36853 | FE15: 0 | FF15: 0 | FG15: 0 | FH15: 0 | FI15: 0 | FJ15: 0 | FK15: 0 | FL15: 0
A16: Belgium | B16: Carbon dioxide | C16: 99.57864 | D16: 100.25637 | E16: 83.8041 | F16: 83.68286 | G16: 19.41713 | H16: 14.76301 | I16: 4.5021 | J16: 0.15202 | K16: 13.98247 | L16: 1.26527 | M16: 0.44401 | N16: 3.88446 | O16: 0.51131 | P16: 2.41903 | Q16: 3.4908 | R16: 1.9676 | S16: 26.03299 | T16: 0.01126 | U16: 25.0938 | V16: 14.29503 | W16: 3.11079 | X16: 7.53426 | Y16: 0.153 | Z16: 0.00072 | AA16: 0.08208 | AB16: 0.44976 | AC16: 0.39609 | AD16: 24.13593 | AE16: 5.82258 | AF16: 16.05657 | AG16: 2.25679 | AH16: 0.11433 | AI16: 0 | AJ16: 0.11433 | AK16: 0.12125 | AL16: 0 | AM16: 0.12125 | AN16: 0 | AO16: 35.43363 | AP16: 5.14421 | AQ16: 30.28942 | AR16: 0 | AS16: 12.26092 | AT16: 15.98795 | AU16: 4.44056 | AV16: 2.53438 | AW16: 1.56296 | AX16: 0.15779 | AY16: 0.18543 | AZ16: 7.15829 | BA16: 1.14572 | BB16: 0 | BC16: 0 | BD16: 0 | BE16: 0 | BF16: 0.06895 | BG16: 0 | BH16: 3.85169 | BI16: 0 | BJ16: 2.09192 | BK16: 4.23392 | BL16: 4.12185 | BM16: 0 | BN16: 0 | BO16: 0 | BP16: 0 | BQ16: 0.0093 | BR16: 0.10277 | BS16: 0.13077 | BT16: 0.08912 | BU16: 0.0102 | BV16: 0.03145 | BW16: 0 | BX16: 0 | BY16: 0 | BZ16: 0 | CA16: 0 | CB16: 0 | CC16: 0 | CD16: 0 | CE16: 0 | CF16: 0 | CG16: 0 | CH16: 0 | CI16: 0 | CJ16: 0 | CK16: 0.02441 | CL16: 0.17706 | CM16: 0 | CN16: 0 | CO16: 0 | CP16: 0 | CQ16: 0 | CR16: 0 | CS16: 0 | CT16: 0 | CU16: 0 | CV16: 0 | CW16: 0 | CX16: 0 | CY16: 0 | CZ16: 0 | DA16: 0 | DB16: 0 | DC16: 0 | DD16: 0 | DE16: 0 | DF16: 0 | DG16: 0 | DH16: 0 | DI16: 0 | DJ16: 0 | DK16: 0 | DL16: 0 | DM16: 0.13171 | DN16: 0.04535 | DO16: 0 | DP16: 0 | DQ16: -0.67774 | DR16: -2.00718 | DS16: 0 | DT16: -1.45014 | DU16: -0.55705 | DV16: 0.81463 | DW16: 0 | DX16: 0.34124 | DY16: 0.47339 | DZ16: 0.10337 | EA16: 0 | EB16: 0.11387 | EC16: -0.0105 | ED16: 0.00816 | EE16: 0 | EF16: 0 | EG16: 0.00816 | EH16: 0.49292 | EI16: 0 | EJ16: 0 | EK16: 0.49292 | EL16: 0 | EM16: 0 | EN16: 0 | EO16: 0 | EP16: -0.08964 | EQ16: 0 | ER16: 0.28726 | ES16: 0 | ET16: 0 | EU16: 0 | EV16: 0 | EW16: 0 | EX16: 0 | EY16: 0 | EZ16: 0.28726 | FA16: 0.28726 | FB16: 0 | FC16: 0 | FD16: 0 | FE16: 0 | FF16: 0 | FG16: 0 | FH16: 0 | FI16: 0 | FJ16: 0 | FK16: 0 | FL16: 0
A17: Belgium | B17: Methane | C17: 0.29348 | D17: 0.29348 | E17: 0.04152 | F17: 0.01998 | G17: 0.00102 | H17: 0.00087 | I17: 0 | J17: 0.00015 | K17: 0.00181 | L17: 4e-05 | M17: 2e-05 | N17: 0.00062 | O17: 0.00016 | P17: 0.00037 | Q17: 0.00024 | R17: 0.00036 | S17: 0.00061 | T17: 0 | U17: 0.00058 | V17: 0.00037 | W17: 1e-05 | X17: 0.0001 | Y17: 0.0001 | Z17: 0 | AA17: 1e-05 | AB17: 2e-05 | AC17: 1e-05 | AD17: 0.01653 | AE17: 0.00119 | AF17: 0.01035 | AG17: 0.00499 | AH17: 1e-05 | AI17: 0 | AJ17: 1e-05 | AK17: 0.02154 | AL17: 0.00163 | AM17: 0.01991 | AN17: 0 | AO17: 0.00023 | AP17: 3e-05 | AQ17: 0.0002 | AR17: 0 | AS17: 0 | AT17: 0.00164 | AU17: 0 | AV17: 0 | AW17: 0 | AX17: 0 | AY17: 0 | AZ17: 0.00095 | BA17: 0 | BB17: 0 | BC17: 0 | BD17: 0 | BE17: 0 | BF17: 0 | BG17: 0 | BH17: 0 | BI17: 0 | BJ17: 0.00095 | BK17: 0.00069 | BL17: 0.00069 | BM17: 0 | BN17: 0 | BO17: 0 | BP17: 0 | BQ17: 0 | BR17: 0 | BS17: 0 | BT17: 0 | BU17: 0 | BV17: 0 | BW17: 0 | BX17: 0 | BY17: 0 | BZ17: 0 | CA17: 0 | CB17: 0 | CC17: 0 | CD17: 0 | CE17: 0 | CF17: 0 | CG17: 0 | CH17: 0 | CI17: 0 | CJ17: 0 | CK17: 0 | CL17: 0.21166 | CM17: 0.1619 | CN17: 0.1497 | CO17: 0.00079 | CP17: 0.00952 | CQ17: 0.0019 | CR17: 0.04976 | CS17: 0.02695 | CT17: 2e-05 | CU17: 0.0214 | CV17: 0.00139 | CW17: 0 | CX17: 0 | CY17: 0 | CZ17: 0 | DA17: 0 | DB17: 0 | DC17: 0 | DD17: 0 | DE17: 0 | DF17: 0 | DG17: 0 | DH17: 0 | DI17: 0 | DJ17: 0 | DK17: 0 | DL17: 0 | DM17: 0 | DN17: 0 | DO17: 0 | DP17: 0 | DQ17: 0 | DR17: 0 | DS17: 0 | DT17: 0 | DU17: 0 | DV17: 0 | DW17: 0 | DX17: 0 | DY17: 0 | DZ17: 0 | EA17: 0 | EB17: 0 | EC17: 0 | ED17: 0 | EE17: 0 | EF17: 0 | EG17: 0 | EH17: 0 | EI17: 0 | EJ17: 0 | EK17: 0 | EL17: 0 | EM17: 0 | EN17: 0 | EO17: 0 | EP17: 0 | EQ17: 0 | ER17: 0.03867 | ES17: 0.02804 | ET17: 0.02804 | EU17: 0 | EV17: 0 | EW17: 0.0008 | EX17: 0.0008 | EY17: 0 | EZ17: 0 | FA17: 0 | FB17: 0 | FC17: 0.00983 | FD17: 0.00983 | FE17: 0 | FF17: 0 | FG17: 0 | FH17: 0 | FI17: 0 | FJ17: 0 | FK17: 0 | FL17: 0
A18: Belgium | B18: Nitrous oxide | C18: 0.0171 | D18: 0.01689 | E18: 0.00248 | F18: 0.00248 | G18: 0.00052 | H18: 0.00027 | I18: 0.00025 | J18: 0 | K18: 0.00062 | L18: 0.0003 | M18: 0 | N18: 8e-05 | O18: 3e-05 | P18: 2e-05 | Q18: 0.0001 | R18: 9e-05 | S18: 0.00094 | T18: 1e-05 | U18: 0.0009 | V18: 0.00039 | W18: 8e-05 | X18: 0.00043 | Y18: 0 | Z18: 0 | AA18: 1e-05 | AB18: 1e-05 | AC18: 1e-05 | AD18: 0.00038 | AE18: 7e-05 | AF18: 0.00019 | AG18: 0.00012 | AH18: 0 | AI18: 0 | AJ18: 0 | AK18: 0 | AL18: 0 | AM18: 0 | AN18: 0 | AO18: 0.00093 | AP18: 0.00014 | AQ18: 0.00079 | AR18: 0 | AS18: 0 | AT18: 0.00299 | AU18: 0 | AV18: 0 | AW18: 0 | AX18: 0 | AY18: 0 | AZ18: 0.00279 | BA18: 0 | BB18: 0.00085 | BC18: 0 | BD18: 0.0018 | BE18: 0 | BF18: 0 | BG18: 0 | BH18: 0 | BI18: 0 | BJ18: 0.00014 | BK18: 0 | BL18: 0 | BM18: 0 | BN18: 0 | BO18: 0 | BP18: 0 | BQ18: 0 | BR18: 0 | BS18: 0 | BT18: 0 | BU18: 0 | BV18: 0 | BW18: 0 | BX18: 0 | BY18: 0 | BZ18: 0 | CA18: 0 | CB18: 0 | CC18: 0 | CD18: 0 | CE18: 0 | CF18: 0 | CG18: 0 | CH18: 0 | CI18: 0 | CJ18: 0.0002 | CK18: 0 | CL18: 0.01097 | CM18: 0 | CN18: 0 | CO18: 0 | CP18: 0 | CQ18: 0 | CR18: 0.00159 | CS18: 0.00069 | CT18: 0 | CU18: 0.00015 | CV18: 7e-05 | CW18: 0.00068 | CX18: 0 | CY18: 0 | CZ18: 0 | DA18: 0 | DB18: 0 | DC18: 0.00938 | DD18: 0.00661 | DE18: 0.00277 | DF18: 0 | DG18: 0 | DH18: 0 | DI18: 0 | DJ18: 0 | DK18: 0 | DL18: 0 | DM18: 0 | DN18: 0 | DO18: 0 | DP18: 0 | DQ18: 0.00021 | DR18: 0 | DS18: 0 | DT18: 0 | DU18: 0 | DV18: 0.00012 | DW18: 0 | DX18: 0 | DY18: 0.00012 | DZ18: 1e-05 | EA18: 0 | EB18: 0 | EC18: 1e-05 | ED18: 0 | EE18: 0 | EF18: 0 | EG18: 0 | EH18: 8e-05 | EI18: 0 | EJ18: 0 | EK18: 8e-05 | EL18: 0 | EM18: 0 | EN18: 0 | EO18: 0 | EP18: 0 | EQ18: 0 | ER18: 0.00045 | ES18: 0 | ET18: 0 | EU18: 0 | EV18: 0 | EW18: 0.0001 | EX18: 0.0001 | EY18: 0 | EZ18: 0 | FA18: 0 | FB18: 0 | FC18: 0.00035 | FD18: 0.00035 | FE18: 0 | FF18: 0 | FG18: 0 | FH18: 0 | FI18: 0 | FJ18: 0 | FK18: 0 | FL18: 0
A19: Bulgaria | B19: Greenhouse gases (CO2, N2O in CO2 equivalent, CH4 in CO2 equivalent, HFC in CO2 equivalent, PFC in CO2 equivalent, SF6 in CO2 equivalent, NF3 in CO2 equivalent) | C19: 45.78733 | D19: 55.29483 | E19: 41.34467 | F19: 39.35926 | G19: 23.53676 | H19: 22.70951 | I19: 0.82155 | J19: 0.00571 | K19: 4.27356 | L19: 0.12983 | M19: 0.20554 | N19: 1.54373 | O19: 0.11634 | P19: 0.24068 | Q19: 1.15243 | R19: 0.88502 | S19: 9.65324 | T19: 0.02214 | U19: 9.26844 | V19: 5.77248 | W19: 1.41008 | X19: 2.05418 | Y19: 0.03169 | Z19: 0 | AA19: 0.03781 | AB19: 0.00514 | AC19: 0.31972 | AD19: 1.86456 | AE19: 0.35335 | AF19: 1.00962 | AG19: 0.50159 | AH19: 0.03113 | AI19: 0 | AJ19: 0.03113 | AK19: 1.98541 | AL19: 1.03688 | AM19: 0.94853 | AN19: 0 | AO19: 1.0779 | AP19: 0.81855 | AQ19: 0.25935 | AR19: 0 | AS19: 7.57611 | AT19: 4.89006 | AU19: 2.47852 | AV19: 1.2235 | AW19: 0.25172 | AX19: 0.0794 | AY19: 0.9239 | AZ19: 1.44277 | BA19: 0.784 | BB19: 0.10283 | BC19: 0 | BD19: 0 | BE19: 0.00515 | BF19: 0 | BG19: 0.55078 | BH19: 0 | BI19: 0 | BJ19: 0 | BK19: 0.18611 | BL19: 0.03538 | BM19: 0 | BN19: 0 | BO19: 0 | BP19: 0.00878 | BQ19: 0.14195 | BR19: 0 | BS19: 0.0154 | BT19: 0.01148 | BU19: 0.00056 | BV19: 0.00336 | BW19: 0 | BX19: 0 | BY19: 0 | BZ19: 0 | CA19: 0 | CB19: 0 | CC19: 0.71895 | CD19: 0.68437 | CE19: 0.01454 | CF19: 0.00775 | CG19: 0.01229 | CH19: 0 | CI19: 0 | CJ19: 0.04831 | CK19: 0 | CL19: 5.87969 | CM19: 1.64191 | CN19: 1.2535 | CO19: 0.27634 | CP19: 0.0262 | CQ19: 0.08587 | CR19: 0.61381 | CS19: 0.32798 | CT19: 0.02176 | CU19: 0.07809 | CV19: 0.08263 | CW19: 0.10335 | CX19: 0.111 | CY19: 0.111 | CZ19: 0 | DA19: 0 | DB19: 0 | DC19: 3.39971 | DD19: 2.67169 | DE19: 0.72802 | DF19: 0 | DG19: 0.03713 | DH19: 0.02829 | DI19: 7e-05 | DJ19: 9e-05 | DK19: 0 | DL19: 0.00869 | DM19: 0.02477 | DN19: 0.05137 | DO19: 0 | DP19: 0 | DQ19: -9.5075 | DR19: -8.5277 | DS19: 0 | DT19: -8.23711 | DU19: -0.29059 | DV19: 0.81902 | DW19: 0 | DX19: 0.34255 | DY19: 0.47647 | DZ19: -0.82747 | EA19: 0 | EB19: 0.10067 | EC19: -0.92814 | ED19: 0.09966 | EE19: 0 | EF19: 0 | EG19: 0.09966 | EH19: 0.16168 | EI19: 0 | EJ19: 0 | EK19: 0.16168 | EL19: 0 | EM19: 0 | EN19: 0 | EO19: 0 | EP19: -1.23269 | EQ19: 0 | ER19: 3.11221 | ES19: 2.46074 | ET19: 1.18049 | EU19: 1.28025 | EV19: 0 | EW19: 0.01007 | EX19: 0.01 | EY19: 7e-05 | EZ19: 0.00723 | FA19: 0.00723 | FB19: 0 | FC19: 0.63418 | FD19: 0.39921 | FE19: 0.23496 | FF19: 0 | FG19: 0 | FH19: 0 | FI19: 0 | FJ19: 0 | FK19: 0 | FL19: 0.0682
A20: Bulgaria | B20: Carbon dioxide | C20: 33.95589 | D20: 43.57152 | E20: 39.38132 | F20: 38.66987 | G20: 23.41659 | H20: 22.59028 | I20: 0.82062 | J20: 0.00569 | K20: 4.23177 | L20: 0.1297 | M20: 0.20498 | N20: 1.53858 | O20: 0.10678 | P20: 0.23842 | Q20: 1.14557 | R20: 0.86774 | S20: 9.54507 | T20: 0.02197 | U20: 9.16435 | V20: 5.70543 | W20: 1.39932 | X20: 2.02918 | Y20: 0.03042 | Z20: 0 | AA20: 0.03425 | AB20: 0.00509 | AC20: 0.3194 | AD20: 1.44553 | AE20: 0.31417 | AF20: 0.67411 | AG20: 0.45725 | AH20: 0.0309 | AI20: 0 | AJ20: 0.0309 | AK20: 0.71145 | AL20: 0.02501 | AM20: 0.68644 | AN20: 0 | AO20: 1.06937 | AP20: 0.81251 | AQ20: 0.25687 | AR20: 0 | AS20: 7.57611 | AT20: 4.0391 | AU20: 2.47852 | AV20: 1.2235 | AW20: 0.25172 | AX20: 0.0794 | AY20: 0.9239 | AZ20: 1.33993 | BA20: 0.784 | BB20: 0 | BC20: 0 | BD20: 0 | BE20: 0.00515 | BF20: 0 | BG20: 0.55078 | BH20: 0 | BI20: 0 | BJ20: 0 | BK20: 0.18611 | BL20: 0.03538 | BM20: 0 | BN20: 0 | BO20: 0 | BP20: 0.00878 | BQ20: 0.14195 | BR20: 0 | BS20: 0.0154 | BT20: 0.01148 | BU20: 0.00056 | BV20: 0.00336 | BW20: 0 | BX20: 0 | BY20: 0 | BZ20: 0 | CA20: 0 | CB20: 0 | CC20: 0 | CD20: 0 | CE20: 0 | CF20: 0 | CG20: 0 | CH20: 0 | CI20: 0 | CJ20: 0.01913 | CK20: 0 | CL20: 0.07614 | CM20: 0 | CN20: 0 | CO20: 0 | CP20: 0 | CQ20: 0 | CR20: 0 | CS20: 0 | CT20: 0 | CU20: 0 | CV20: 0 | CW20: 0 | CX20: 0 | CY20: 0 | CZ20: 0 | DA20: 0 | DB20: 0 | DC20: 0 | DD20: 0 | DE20: 0 | DF20: 0 | DG20: 0 | DH20: 0 | DI20: 0 | DJ20: 0 | DK20: 0 | DL20: 0 | DM20: 0.02477 | DN20: 0.05137 | DO20: 0 | DP20: 0 | DQ20: -9.61563 | DR20: -8.53597 | DS20: 0 | DT20: -8.24276 | DU20: -0.29321 | DV20: 0.75963 | DW20: 0 | DX20: 0.34255 | DY20: 0.41709 | DZ20: -0.84279 | EA20: 0 | EB20: 0.08534 | EC20: -0.92814 | ED20: 0.08759 | EE20: 0 | EF20: 0 | EG20: 0.08759 | EH20: 0.1486 | EI20: 0 | EJ20: 0 | EK20: 0.1486 | EL20: 0 | EM20: 0 | EN20: 0 | EO20: 0 | EP20: -1.23269 | EQ20: 0 | ER20: 0.00677 | ES20: 0 | ET20: 0 | EU20: 0 | EV20: 0 | EW20: 0 | EX20: 0 | EY20: 0 | EZ20: 0.00677 | FA20: 0.00677 | FB20: 0 | FC20: 0 | FD20: 0 | FE20: 0 | FF20: 0 | FG20: 0 | FH20: 0 | FI20: 0 | FJ20: 0 | FK20: 0 | FL20: 0.0682
A21: Bulgaria | B21: Methane | C21: 0.24232 | D21: 0.24219 | E21: 0.0598 | F21: 0.01433 | G21: 0.00073 | H21: 0.00072 | I21: 2e-05 | J21: 0 | K21: 0.00054 | L21: 0 | M21: 1e-05 | N21: 7e-05 | O21: 0.00015 | P21: 4e-05 | Q21: 0.00011 | R21: 0.00017 | S21: 0.00089 | T21: 0 | U21: 0.00088 | V21: 0.0006 | W21: 3e-05 | X21: 0.00022 | Y21: 4e-05 | Z21: 0 | AA21: 0 | AB21: 0 | AC21: 1e-05 | AD21: 0.01216 | AE21: 0.00124 | AF21: 0.01074 | AG21: 0.00019 | AH21: 0 | AI21: 0 | AJ21: 0 | AK21: 0.04547 | AL21: 0.03614 | AM21: 0.00933 | AN21: 0 | AO21: 3e-05 | AP21: 1e-05 | AQ21: 2e-05 | AR21: 0 | AS21: 0 | AT21: 0 | AU21: 0 | AV21: 0 | AW21: 0 | AX21: 0 | AY21: 0 | AZ21: 0 | BA21: 0 | BB21: 0 | BC21: 0 | BD21: 0 | BE21: 0 | BF21: 0 | BG21: 0 | BH21: 0 | BI21: 0 | BJ21: 0 | BK21: 0 | BL21: 0 | BM21: 0 | BN21: 0 | BO21: 0 | BP21: 0 | BQ21: 0 | BR21: 0 | BS21: 0 | BT21: 0 | BU21: 0 | BV21: 0 | BW21: 0 | BX21: 0 | BY21: 0 | BZ21: 0 | CA21: 0 | CB21: 0 | CC21: 0 | CD21: 0 | CE21: 0 | CF21: 0 | CG21: 0 | CH21: 0 | CI21: 0 | CJ21: 0 | CK21: 0 | CL21: 0.07634 | CM21: 0.05864 | CN21: 0.04477 | CO21: 0.00987 | CP21: 0.00094 | CQ21: 0.00307 | CR21: 0.01265 | CS21: 0.0091 | CT21: 0.00029 | CU21: 0.00274 | CV21: 0.00052 | CW21: 0 | CX21: 0.00396 | CY21: 0.00396 | CZ21: 0 | DA21: 0 | DB21: 0 | DC21: 0 | DD21: 0 | DE21: 0 | DF21: 0 | DG21: 0.00109 | DH21: 0.00088 | DI21: 0 | DJ21: 0 | DK21: 0 | DL21: 0.0002 | DM21: 0 | DN21: 0 | DO21: 0 | DP21: 0 | DQ21: 0.00014 | DR21: 0.00014 | DS21: 0 | DT21: 0.00013 | DU21: 0 | DV21: 0 | DW21: 0 | DX21: 0 | DY21: 0 | DZ21: 0 | EA21: 0 | EB21: 0 | EC21: 0 | ED21: 0 | EE21: 0 | EF21: 0 | EG21: 0 | EH21: 0 | EI21: 0 | EJ21: 0 | EK21: 0 | EL21: 0 | EM21: 0 | EN21: 0 | EO21: 0 | EP21: 0 | EQ21: 0 | ER21: 0.10604 | ES21: 0.08788 | ET21: 0.04216 | EU21: 0.04572 | EV21: 0 | EW21: 0.00023 | EX21: 0.00023 | EY21: 0 | EZ21: 0 | FA21: 0 | FB21: 0 | FC21: 0.01793 | FD21: 0.00954 | FE21: 0.00839 | FF21: 0 | FG21: 0 | FH21: 0 | FI21: 0 | FJ21: 0 | FK21: 0 | FL21: 0
A22: Bulgaria | B22: Nitrous oxide | C22: 0.01626 | D22: 0.01587 | E22: 0.00109 | F22: 0.00109 | G22: 0.00038 | H22: 0.00037 | I22: 0 | J22: 0 | K22: 0.0001 | L22: 0 | M22: 0 | N22: 1e-05 | O22: 2e-05 | P22: 0 | Q22: 1e-05 | R22: 5e-05 | S22: 0.00031 | T22: 0 | U22: 0.0003 | V22: 0.00019 | W22: 4e-05 | X22: 7e-05 | Y22: 0 | Z22: 0 | AA22: 1e-05 | AB22: 0 | AC22: 0 | AD22: 0.0003 | AE22: 2e-05 | AF22: 0.00013 | AG22: 0.00015 | AH22: 0 | AI22: 0 | AJ22: 0 | AK22: 0 | AL22: 0 | AM22: 0 | AN22: 0 | AO22: 3e-05 | AP22: 2e-05 | AQ22: 1e-05 | AR22: 0 | AS22: 0 | AT22: 0.00043 | AU22: 0 | AV22: 0 | AW22: 0 | AX22: 0 | AY22: 0 | AZ22: 0.00039 | BA22: 0 | BB22: 0.00039 | BC22: 0 | BD22: 0 | BE22: 0 | BF22: 0 | BG22: 0 | BH22: 0 | BI22: 0 | BJ22: 0 | BK22: 0 | BL22: 0 | BM22: 0 | BN22: 0 | BO22: 0 | BP22: 0 | BQ22: 0 | BR22: 0 | BS22: 0 | BT22: 0 | BU22: 0 | BV22: 0 | BW22: 0 | BX22: 0 | BY22: 0 | BZ22: 0 | CA22: 0 | CB22: 0 | CC22: 0 | CD22: 0 | CE22: 0 | CF22: 0 | CG22: 0 | CH22: 0 | CI22: 0 | CJ22: 4e-05 | CK22: 0 | CL22: 0.01383 | CM22: 0 | CN22: 0 | CO22: 0 | CP22: 0 | CQ22: 0 | CR22: 0.00098 | CS22: 0.00028 | CT22: 5e-05 | CU22: 0 | CV22: 0.00026 | CW22: 0.00039 | CX22: 0 | CY22: 0 | CZ22: 0 | DA22: 0 | DB22: 0 | DC22: 0.01283 | DD22: 0.01008 | DE22: 0.00275 | DF22: 0 | DG22: 3e-05 | DH22: 1e-05 | DI22: 0 | DJ22: 0 | DK22: 0 | DL22: 1e-05 | DM22: 0 | DN22: 0 | DO22: 0 | DP22: 0 | DQ22: 0.00039 | DR22: 2e-05 | DS22: 0 | DT22: 1e-05 | DU22: 1e-05 | DV22: 0.00022 | DW22: 0 | DX22: 0 | DY22: 0.00022 | DZ22: 6e-05 | EA22: 0 | EB22: 6e-05 | EC22: 0 | ED22: 5e-05 | EE22: 0 | EF22: 0 | EG22: 5e-05 | EH22: 5e-05 | EI22: 0 | EJ22: 0 | EK22: 5e-05 | EL22: 0 | EM22: 0 | EN22: 0 | EO22: 0 | EP22: 0 | EQ22: 0 | ER22: 0.00051 | ES22: 0 | ET22: 0 | EU22: 0 | EV22: 0 | EW22: 1e-05 | EX22: 1e-05 | EY22: 0 | EZ22: 0 | FA22: 0 | FB22: 0 | FC22: 0.0005 | FD22: 0.0005 | FE22: 0 | FF22: 0 | FG22: 0 | FH22: 0 | FI22: 0 | FJ22: 0 | FK22: 0 | FL22: 0
... A130: Norway | B130: Nitrous oxide | C130: 0.00935 | D130: 0.00843 | E130: 0.00078 | F130: 0.00077 | G130: 0.0001 | H130: 7e-05 | I130: 0 | J130: 3e-05 | K130: 0.00012 | L130: 0 | M130: 0 | N130: 1e-05 | O130: 2e-05 | P130: 0 | Q130: 2e-05 | R130: 7e-05 | S130: 0.00043 | T130: 4e-05 | U130: 0.00033 | V130: 0.00015 | W130: 5e-05 | X130: 0.00012 | Y130: 0 | Z130: 0 | AA130: 2e-05 | AB130: 4e-05 | AC130: 0 | AD130: 0.00012 | AE130: 4e-05 | AF130: 4e-05 | AG130: 3e-05 | AH130: 1e-05 | AI130: 0 | AJ130: 1e-05 | AK130: 1e-05 | AL130: 0 | AM130: 1e-05 | AN130: 0 | AO130: 0.00022 | AP130: 0.00012 | AQ130: 0.00011 | AR130: 0 | AS130: 0 | AT130: 0.00096 | AU130: 0 | AV130: 0 | AW130: 0 | AX130: 0 | AY130: 0 | AZ130: 0.00088 | BA130: 0 | BB130: 0.00067 | BC130: 0 | BD130: 0 | BE130: 0 | BF130: 0 | BG130: 0 | BH130: 0 | BI130: 0 | BJ130: 0.00021 | BK130: 1e-05 | BL130: 0 | BM130: 0 | BN130: 0 | BO130: 0 | BP130: 0 | BQ130: 0 | BR130: 1e-05 | BS130: 0 | BT130: 0 | BU130: 0 | BV130: 0 | BW130: 0 | BX130: 0 | BY130: 0 | BZ130: 0 | CA130: 0 | CB130: 0 | CC130: 0 | CD130: 0 | CE130: 0 | CF130: 0 | CG130: 0 | CH130: 0 | CI130: 0 | CJ130: 6e-05 | CK130: 0 | CL130: 0.00649 | CM130: 0 | CN130: 0 | CO130: 0 | CP130: 0 | CQ130: 0 | CR130: 0.00064 | CS130: 0.00027 | CT130: 3e-05 | CU130: 1e-05 | CV130: 6e-05 | CW130: 0.00027 | CX130: 0 | CY130: 0 | CZ130: 0 | DA130: 0 | DB130: 0 | DC130: 0.00585 | DD130: 0.00474 | DE130: 0.00111 | DF130: 0 | DG130: 0 | DH130: 0 | DI130: 0 | DJ130: 0 | DK130: 0 | DL130: 0 | DM130: 0 | DN130: 0 | DO130: 0 | DP130: 0 | DQ130: 0.00092 | DR130: 0.0006 | DS130: 0.00057 | DT130: 0.00059 | DU130: 1e-05 | DV130: 3e-05 | DW130: 0 | DX130: 0 | DY130: 3e-05 | DZ130: 2e-05 | EA130: 0 | EB130: 2e-05 | EC130: 0 | ED130: 0.00012 | EE130: 0.00012 | EF130: 0.00011 | EG130: 0 | EH130: 0.00016 | EI130: 0 | EJ130: 7e-05 | EK130: 8e-05 | EL130: 0 | EM130: 0 | EN130: 0 | EO130: 0 | EP130: 0 | EQ130: 0 | ER130: 0.0002 | ES130: 0 | ET130: 0 | EU130: 0 | EV130: 0 | EW130: 3e-05 | EX130: 3e-05 | EY130: 1e-05 | EZ130: 1e-05 | FA130: 1e-05 | FB130: 0 | FC130: 0.00016 | FD130: 0.00015 | FE130: 1e-05 | FF130: 0 | FG130: 0 | FH130: 0 | FI130: 0 | FJ130: 0 | FK130: 0 | FL130: 0
A132: Special value
A133: 0 | B133: not available

Sheet GHG_by country_by emission
U2: Total Livestock Emissions CO2e & CO2 (million tonnes), CH4 & N2O (Thousand tonnes) | Z2: Livestock Emissions CO2e & CO2 (million tonnes/million LSUs), CH4 & N2O (Thousand tonnes/million LSUs) | AE2: Rounded (4 digit) Livestock Emissions CO2e & CO2 (million tonnes/million LSUs), CH4 & N2O (Thousand tonnes/million LSUs) | AX2: CO2e & CO2 (million tonnes/1000 sq km), CH4 & N2O (Thousand tonnes/1000 sq km) | BD2: Rounded (4 digit) CO2e & CO2 (million tonnes/1000 sq km), CH4 & N2O (Thousand tonnes/1000 sq km) | BJ2: Exogenous emissions
A3: Units (Million Livestock Units) Million LSUs | B3: Units (Million Livestock Units) Million LSUs | I3: Units (Million Livestock Units) Million LSUs | M3: Enteric fermentation (Million tonnes) | Q3: Manure (Million Tonnes) | AL3: Area (1000 sq km) | AR3: GHG from EU (million tonnes)
A4: Countries | B4: Pigs | C4: Bovines | D4: Poultry | E4: Sheep and goat | G4: Geography | H4: Emission | I4: Pigs | J4: Bovines | K4: Poultry | L4: Sheep and goat | M4: Pigs | N4: Bovines | O4: Poultry | P4: Sheep and goat | Q4: Pigs | R4: Bovines | S4: Poultry | T4: Sheep and goat | U4: Pigs | V4: Bovines | W4: Poultry | X4: Sheep and goat | Z4: Pigs | AA4: Bovines | AB4: Poultry | AC4: Sheep and goat | AE4: Pigs | AF4: Bovines | AG4: Poultry | AH4: Sheep and goat | AJ4: Geography | AK4: Emission | AL4: Cropland | AM4: Forest | AN4: Grasslands | AO4: Wetlands | AP4: Shrubland | AR4: Cropland | AS4: Forest | AT4: Grasslands | AU4: Wetlands | AV4: Shrubland | AX4: Cropland | AY4: Forest | AZ4: Grasslands | BA4: Wetlands | BB4: Shrubland | BD4: Cropland | BE4: Forest | BF4: Grasslands | BG4: Wetlands | BH4: Shrubland | BJ4: =AJ4 -> Geography | BK4: =AK4 -> Emission | BL4: Harvested Woodstock
A5: European Union - 27 countries (from 2020) | B5: 43.055568 | C5: 77.8401 | D5: 92.451 | E5: 7.5202 | G5: European Union - 27 countries (from 2020) | H5: CO2e | I5: =VLOOKUP($G5,$A$5:$E$32,2,FALSE) -> 43.055568 | J5: =VLOOKUP($G5,$A$5:$E$32,3,FALSE) -> 77.8401 | K5: =VLOOKUP($G5,$A$5:$E$32,4,FALSE) -> 92.451 | L5: =VLOOKUP($G5,$A$5:$E$32,5,FALSE) -> 7.5202 | M5: ='GHG data from Eurostat'!CP11 -> 4.54657 | N5: ='GHG data from Eurostat'!CN11 -> 158.85769 | O5: ='GHG data from Eurostat'!CQ11 -> 6.38857 | P5: ='GHG data from Eurostat'!CO11 -> 16.14197 | Q5: ='GHG data from Eurostat'!CU11 -> 22.48916 | R5: =IFERROR(('GHG data from Eurostat'!CS11+'GHG data from Eurostat'!CW11),0) -> 38.28546 | S5: ='GHG data from Eurostat'!CV11 -> 4.29403 | T5: ='GHG data from Eurostat'!CT11 -> 1.37362 | U5: =Q5+M5 -> 27.03573 | V5: =R5+N5 -> 197.14315 | W5: =S5+O5 -> 10.6826 | X5: =T5+P5 -> 17.51559 | Y5: =SUM(U5:X5) -> 252.37707 | Z5: =(M5+Q5)/I5 -> 0.62792645 | AA5: =(N5+R5)/J5 -> 2.5326683 | AB5: =(O5+S5)/K5 -> 0.11554878 | AC5: =(P5+T5)/L5 -> 2.3291389 | AE5: =ROUND(Z5,3) -> 0.628 | AF5: =ROUND(AA5,3) -> 2.533 | AG5: =ROUND(AB5,3) -> 0.116 | AH5: =ROUND(AC5,3) -> 2.329 | AJ5: European Union - 27 countries (from 2020) | AK5: CO2e | AL5: =VLOOKUP($AJ5,Landcover!$A$3:$K$30,5,FALSE)/1000 -> 998.508 | AM5: =VLOOKUP($AJ5,Landcover!$A$3:$K$30,6,FALSE)/1000 -> 1695.726 | AN5: =VLOOKUP($AJ5,Landcover!$A$3:$K$30,8,FALSE)/1000 -> 717.135 | AO5: =VLOOKUP($AJ5,Landcover!$A$3:$K$30,11,FALSE)/1000 -> 71.643 | AP5: =VLOOKUP($AJ5,Landcover!$A$3:$K$30,7,FALSE)/1000 -> 235.533 | AR5: =SUM('GHG data from Eurostat'!CX11,'GHG data from Eurostat'!DC11,'GHG data from Eurostat'!DG11,'GHG data from Eurostat'!DM11,'GHG data from Eurostat'!DP11,'GHG data from Eurostat'!DV11) -> 167.7186 | AS5: ='GHG data from Eurostat'!DS11+'GHG data from Eurostat'!DT11 -> -200.74669 | AT5: ='GHG data from Eurostat'!EA11+'GHG data from Eurostat'!EB11 -> 36.18317 | AU5: ='GHG data from Eurostat'!ED11 -> 24.86138 | AV5: ='GHG data from Eurostat'!EL11 -> 1.82741 | AW5: =SUM(AR5:AV5) -> 29.84387 | AX5: =AR5/AL5 -> 0.16796921 | AY5: =AS5/AM5 -> -0.11838392 | AZ5: =AT5/AN5 -> 0.050455172 | BA5: =AU5/AO5 -> 0.34701757 | BB5: =AV5/AP5 -> 0.0077586156 | BD5: =ROUND(AX5,4) -> 0.168 | BE5: =ROUND(AY5,4) -> -0.1184 | BF5: =ROUND(AZ5,4) -> 0.0505 | BG5: =ROUND(BA5,4) -> 0.347 | BH5: =ROUND(BB5,4) -> 0.0078 | BJ5: =AJ5 -> European Union - 27 countries (from 2020) | BK5: **CO2e | BL5: ='GHG data from Eurostat'!EP11 -> -40.06697
A6: Belgium | B6: 1.862739 | C6: 2.39809 | D6: 4.281 | E6: 0.015591 | G6: European Union - 27 countries (from 2020) | H6: CO2 | I6: =VLOOKUP($G6,$A$5:$E$32,2,FALSE) -> 43.055568 | J6: =VLOOKUP($G6,$A$5:$E$32,3,FALSE) -> 77.8401 | K6: =VLOOKUP($G6,$A$5:$E$32,4,FALSE) -> 92.451 | L6: =VLOOKUP($G6,$A$5:$E$32,5,FALSE) -> 7.5202 | M6: ='GHG data from Eurostat'!CP12 -> 0 | N6: ='GHG data from Eurostat'!CN12 -> 0 | O6: ='GHG data from Eurostat'!CQ12 -> 0 | P6: ='GHG data from Eurostat'!CO12 -> 0 | Q6: ='GHG data from Eurostat'!CU12 -> 0 | R6: =IFERROR(('GHG data from Eurostat'!CS12+'GHG data from Eurostat'!CW12),0) -> 0 | S6: ='GHG data from Eurostat'!CV12 -> 0 | T6: ='GHG data from Eurostat'!CT12 -> 0 | U6: =Q6+M6 -> 0 | V6: =R6+N6 -> 0 | W6: =S6+O6 -> 0 | X6: =T6+P6 -> 0 | Y6: =SUM(U6:X6) -> 0 | Z6: =(M6+Q6)/I6 -> 0 | AA6: =(N6+R6)/J6 -> 0 | AB6: =(O6+S6)/K6 -> 0 | AC6: =(P6+T6)/L6 -> 0 | AE6: =ROUND(Z6,3) -> 0 | AF6: =ROUND(AA6,3) -> 0 | AG6: =ROUND(AB6,3) -> 0 | AH6: =ROUND(AC6,3) -> 0 | AJ6: European Union - 27 countries (from 2020) | AK6: CO2 | AL6: =VLOOKUP($AJ6,Landcover!$A$3:$K$30,5,FALSE)/1000 -> 998.508 | AM6: =VLOOKUP($AJ6,Landcover!$A$3:$K$30,6,FALSE)/1000 -> 1695.726 | AN6: =VLOOKUP($AJ6,Landcover!$A$3:$K$30,8,FALSE)/1000 -> 717.135 | AO6: =VLOOKUP($AJ6,Landcover!$A$3:$K$30,11,FALSE)/1000 -> 71.643 | AP6: =VLOOKUP($AJ6,Landcover!$A$3:$K$30,7,FALSE)/1000 -> 235.533 | AR6: =SUM('GHG data from Eurostat'!CX12,'GHG data from Eurostat'!DC12,'GHG data from Eurostat'!DG12,'GHG data from Eurostat'!DM12,'GHG data from Eurostat'!DP12,'GHG data from Eurostat'!DV12) -> 41.82559 | AS6: ='GHG data from Eurostat'!DS12+'GHG data from Eurostat'!DT12 -> -212.82178 | AT6: ='GHG data from Eurostat'!EA12+'GHG data from Eurostat'!EB12 -> 30.80362 | AU6: ='GHG data from Eurostat'!ED12 -> 16.21766 | AV6: ='GHG data from Eurostat'!EL12 -> 1.78089 | AW6: =SUM(AR6:AV6) -> -122.19402 | AX6: =AR6/AL6 -> 0.041888087 | AY6: =AS6/AM6 -> -0.12550482 | AZ6: =AT6/AN6 -> 0.042953726 | BA6: =AU6/AO6 -> 0.22636768 | BB6: =AV6/AP6 -> 0.0075611061 | BD6: =ROUND(AX6,4) -> 0.0419 | BE6: =ROUND(AY6,4) -> -0.1255 | BF6: =ROUND(AZ6,4) -> 0.043 | BG6: =ROUND(BA6,4) -> 0.2264 | BH6: =ROUND(BB6,4) -> 0.0076 | BJ6: =AJ6 -> European Union - 27 countries (from 2020) | BK6: **CO2 | BL6: ='GHG data from Eurostat'!EP12 -> -40.06697
A7: Bulgaria | B7: 0.196365 | C7: 0.54212 | D7: 0.844 | E7: 0.162177 | G7: European Union - 27 countries (from 2020) | H7: CH4 | I7: =VLOOKUP($G7,$A$5:$E$32,2,FALSE) -> 43.055568 | J7: =VLOOKUP($G7,$A$5:$E$32,3,FALSE) -> 77.8401 | K7: =VLOOKUP($G7,$A$5:$E$32,4,FALSE) -> 92.451 | L7: =VLOOKUP($G7,$A$5:$E$32,5,FALSE) -> 7.5202 | M7: ='GHG data from Eurostat'!CP13 -> 0.16238 | N7: ='GHG data from Eurostat'!CN13 -> 5.67349 | O7: ='GHG data from Eurostat'!CQ13 -> 0.22816 | P7: ='GHG data from Eurostat'!CO13 -> 0.5765 | Q7: ='GHG data from Eurostat'!CU13 -> 0.7392 | R7: =IFERROR(('GHG data from Eurostat'!CS13+'GHG data from Eurostat'!CW13),0) -> 0.83075 | S7: ='GHG data from Eurostat'!CV13 -> 0.08978 | T7: ='GHG data from Eurostat'!CT13 -> 0.0299 | U7: =(Q7+M7)*1000 -> 901.58 | V7: =(R7+N7)*1000 -> 6504.24 | W7: =(S7+O7)*1000 -> 317.94 | X7: =(T7+P7)*1000 -> 606.4 | Y7: =SUM(U7:X7) -> 8330.16 | Z7: =IFERROR((M7+Q7)*1000/I7,0) -> 20.939917 | AA7: =IFERROR((N7+R7)*1000/J7,0) -> 83.558988 | AB7: =IFERROR((O7+S7)*1000/K7,0) -> 3.4390109 | AC7: =IFERROR((P7+T7)*1000/L7,0) -> 80.636153 | AE7: =ROUND(Z7,3) -> 20.94 | AF7: =ROUND(AA7,3) -> 83.559 | AG7: =ROUND(AB7,3) -> 3.439 | AH7: =ROUND(AC7,3) -> 80.636 | AJ7: European Union - 27 countries (from 2020) | AK7: CH4 | AL7: =VLOOKUP($AJ7,Landcover!$A$3:$K$30,5,FALSE)/1000 -> 998.508 | AM7: =VLOOKUP($AJ7,Landcover!$A$3:$K$30,6,FALSE)/1000 -> 1695.726 | AN7: =VLOOKUP($AJ7,Landcover!$A$3:$K$30,8,FALSE)/1000 -> 717.135 | AO7: =VLOOKUP($AJ7,Landcover!$A$3:$K$30,11,FALSE)/1000 -> 71.643 | AP7: =VLOOKUP($AJ7,Landcover!$A$3:$K$30,7,FALSE)/1000 -> 235.533 | AR7: =SUM('GHG data from Eurostat'!CX13,'GHG data from Eurostat'!DC13,'GHG data from Eurostat'!DG13,'GHG data from Eurostat'!DM13,'GHG data from Eurostat'!DP13,'GHG data from Eurostat'!DV13) -> 0.20305 | AS7: ='GHG data from Eurostat'!DS13+'GHG data from Eurostat'!DT13 -> 0.12082 | AT7: ='GHG data from Eurostat'!EA13+'GHG data from Eurostat'!EB13 -> 0.18393 | AU7: ='GHG data from Eurostat'!ED13 -> 0.29835 | AV7: ='GHG data from Eurostat'!EL13 -> 1e-05 | AW7: =SUM(AR7:AV7) -> 0.80616 | AX7: =IFERROR(AR7*1000/AL7,0) -> 0.2033534 | AY7: =IFERROR(AS7*1000/AM7,0) -> 0.071249718 | AZ7: =IFERROR(AT7*1000/AN7,0) -> 0.25647891 | BA7: =IFERROR(AU7*1000/AO7,0) -> 4.1643985 | BB7: =IFERROR(AV7*1000/AP7,0) -> 4.2456896e-05 | BD7: =ROUND(AX7,4) -> 0.2034 | BE7: =ROUND(AY7,4) -> 0.0712 | BF7: =ROUND(AZ7,4) -> 0.2565 | BG7: =ROUND(BA7,4) -> 4.1644 | BH7: =ROUND(BB7,4) -> 0 | BJ7: =AJ7 -> European Union - 27 countries (from 2020) | BK7: **CH4 | BL7: ='GHG data from Eurostat'!EP13 -> 0
A8: Czechia | B8: 0.452274 | C8: 1.36524 | D8: 1.694 | E8: 0.024228 | G8: European Union - 27 countries (from 2020) | H8: N2O | I8: =VLOOKUP($G8,$A$5:$E$32,2,FALSE) -> 43.055568 | J8: =VLOOKUP($G8,$A$5:$E$32,3,FALSE) -> 77.8401 | K8: =VLOOKUP($G8,$A$5:$E$32,4,FALSE) -> 92.451 | L8: =VLOOKUP($G8,$A$5:$E$32,5,FALSE) -> 7.5202 | M8: ='GHG data from Eurostat'!CP14 -> 0 | N8: ='GHG data from Eurostat'!CN14 -> 0 | O8: ='GHG data from Eurostat'!CQ14 -> 0 | P8: ='GHG data from Eurostat'!CO14 -> 0 | Q8: ='GHG data from Eurostat'!CU14 -> 0.00676 | R8: =IFERROR(('GHG data from Eurostat'!CS14+'GHG data from Eurostat'!CW14),0) -> 0.0567 | S8: ='GHG data from Eurostat'!CV14 -> 0.00672 | T8: ='GHG data from Eurostat'!CT14 -> 0.00202 | U8: =(Q8+M8)*1000 -> 6.76 | V8: =(R8+N8)*1000 -> 56.7 | W8: =(S8+O8)*1000 -> 6.72 | X8: =(T8+P8)*1000 -> 2.02 | Y8: =SUM(U8:X8) -> 72.2 | Z8: =IFERROR((M8+Q8)*1000/I8,0) -> 0.15700641 | AA8: =IFERROR((N8+R8)*1000/J8,0) -> 0.72841633 | AB8: =IFERROR((O8+S8)*1000/K8,0) -> 0.072687153 | AC8: =IFERROR((P8+T8)*1000/L8,0) -> 0.26860988 | AE8: =ROUND(Z8,3) -> 0.157 | AF8: =ROUND(AA8,3) -> 0.728 | AG8: =ROUND(AB8,3) -> 0.073 | AH8: =ROUND(AC8,3) -> 0.269 | AJ8: European Union - 27 countries (from 2020) | AK8: N2O | AL8: =VLOOKUP($AJ8,Landcover!$A$3:$K$30,5,FALSE)/1000 -> 998.508 | AM8: =VLOOKUP($AJ8,Landcover!$A$3:$K$30,6,FALSE)/1000 -> 1695.726 | AN8: =VLOOKUP($AJ8,Landcover!$A$3:$K$30,8,FALSE)/1000 -> 717.135 | AO8: =VLOOKUP($AJ8,Landcover!$A$3:$K$30,11,FALSE)/1000 -> 71.643 | AP8: =VLOOKUP($AJ8,Landcover!$A$3:$K$30,7,FALSE)/1000 -> 235.533 | AR8: =SUM('GHG data from Eurostat'!CX14,'GHG data from Eurostat'!DC14,'GHG data from Eurostat'!DG14,'GHG data from Eurostat'!DM14,'GHG data from Eurostat'!DP14,'GHG data from Eurostat'!DV14) -> 0.45361 | AS8: ='GHG data from Eurostat'!DS14+'GHG data from Eurostat'!DT14 -> 0.0328 | AT8: ='GHG data from Eurostat'!EA14+'GHG data from Eurostat'!EB14 -> 0.00087 | AU8: ='GHG data from Eurostat'!ED14 -> 0.00109 | AV8: ='GHG data from Eurostat'!EL14 -> 0.00017 | AW8: =SUM(AR8:AV8) -> 0.48854 | AX8: =IFERROR(AR8*1000/AL8,0) -> 0.4542878 | AY8: =IFERROR(AS8*1000/AM8,0) -> 0.019342748 | AZ8: =IFERROR(AT8*1000/AN8,0) -> 0.0012131607 | BA8: =IFERROR(AU8*1000/AO8,0) -> 0.015214327 | BB8: =IFERROR(AV8*1000/AP8,0) -> 0.00072176723 | BD8: =ROUND(AX8,4) -> 0.4543 | BE8: =ROUND(AY8,4) -> 0.0193 | BF8: =ROUND(AZ8,4) -> 0.0012 | BG8: =ROUND(BA8,4) -> 0.0152 | BH8: =ROUND(BB8,4) -> 0.0007 | BJ8: =AJ8 -> European Union - 27 countries (from 2020) | BK8: **N2O | BL8: ='GHG data from Eurostat'!EP14 -> 0
A9: Denmark | B9: 3.7926 | C9: 1.53 | D9: 1.458 | E9: 0.015681 | G9: Belgium | H9: CO2e | I9: =VLOOKUP($G9,$A$5:$E$32,2,FALSE) -> 1.862739 | J9: =VLOOKUP($G9,$A$5:$E$32,3,FALSE) -> 2.39809 | K9: =VLOOKUP($G9,$A$5:$E$32,4,FALSE) -> 4.281 | L9: =VLOOKUP($G9,$A$5:$E$32,5,FALSE) -> 0.015591 | M9: ='GHG data from Eurostat'!CP15 -> 0.26645 | N9: ='GHG data from Eurostat'!CN15 -> 4.19159 | O9: ='GHG data from Eurostat'!CQ15 -> 0.05312 | P9: ='GHG data from Eurostat'!CO15 -> 0.0221 | Q9: ='GHG data from Eurostat'!CU15 -> 0.63903 | R9: =IFERROR(('GHG data from Eurostat'!CS15+'GHG data from Eurostat'!CW15),0) -> 1.11613 | S9: ='GHG data from Eurostat'!CV15 -> 0.05793 | T9: ='GHG data from Eurostat'!CT15 -> 0.00132 | U9: =Q9+M9 -> 0.90548 | V9: =R9+N9 -> 5.30772 | W9: =S9+O9 -> 0.11105 | X9: =T9+P9 -> 0.02342 | Y9: =SUM(U9:X9) -> 6.34767 | Z9: =(M9+Q9)/I9 -> 0.48610138 | AA9: =(N9+R9)/J9 -> 2.2133114 | AB9: =(O9+S9)/K9 -> 0.025940201 | AC9: =(P9+T9)/L9 -> 1.5021487 | AE9: =ROUND(Z9,3) -> 0.486 | AF9: =ROUND(AA9,3) -> 2.213 | AG9: =ROUND(AB9,3) -> 0.026 | AH9: =ROUND(AC9,3) -> 1.502 | AJ9: Belgium | AK9: CO2e | AL9: =VLOOKUP($AJ9,Landcover!$A$3:$K$30,5,FALSE)/1000 -> 8.914 | AM9: =VLOOKUP($AJ9,Landcover!$A$3:$K$30,6,FALSE)/1000 -> 8.113 | AN9: =VLOOKUP($AJ9,Landcover!$A$3:$K$30,8,FALSE)/1000 -> 8.633 | AO9: =VLOOKUP($AJ9,Landcover!$A$3:$K$30,11,FALSE)/1000 -> 0.139 | AP9: =VLOOKUP($AJ9,Landcover!$A$3:$K$30,7,FALSE)/1000 -> 0.39 | AR9: =SUM('GHG data from Eurostat'!CX15,'GHG data from Eurostat'!DC15,'GHG data from Eurostat'!DG15,'GHG data from Eurostat'!DM15,'GHG data from Eurostat'!DP15,'GHG data from Eurostat'!DV15) -> 3.4643 | AS9: ='GHG data from Eurostat'!DS15+'GHG data from Eurostat'!DT15 -> -1.45014 | AT9: ='GHG data from Eurostat'!EA15+'GHG data from Eurostat'!EB15 -> 0.11387 | AU9: ='GHG data from Eurostat'!ED15 -> 0.00835 | AV9: ='GHG data from Eurostat'!EL15 -> 0 | AW9: =SUM(AR9:AV9) -> 2.13638 | AX9: =AR9/AL9 -> 0.38863585 | AY9: =AS9/AM9 -> -0.17874276 | AZ9: =AT9/AN9 -> 0.013190085 | BA9: =AU9/AO9 -> 0.060071942 | BB9: =AV9/AP9 -> 0 | BD9: =ROUND(AX9,4) -> 0.3886 | BE9: =ROUND(AY9,4) -> -0.1787 | BF9: =ROUND(AZ9,4) -> 0.0132 | BG9: =ROUND(BA9,4) -> 0.0601 | BH9: =ROUND(BB9,4) -> 0 | BJ9: =AJ9 -> Belgium | BK9: **CO2e | BL9: ='GHG data from Eurostat'!EP15 -> -0.08964
A10: Germany | B10: 7.93362 | C10: 11.94909 | D10: 9.935 | E10: 0.17159 | G10: Belgium | H10: CO2 | I10: =VLOOKUP($G10,$A$5:$E$32,2,FALSE) -> 1.862739 | J10: =VLOOKUP($G10,$A$5:$E$32,3,FALSE) -> 2.39809 | K10: =VLOOKUP($G10,$A$5:$E$32,4,FALSE) -> 4.281 | L10: =VLOOKUP($G10,$A$5:$E$32,5,FALSE) -> 0.015591 | M10: ='GHG data from Eurostat'!CP16 -> 0 | N10: ='GHG data from Eurostat'!CN16 -> 0 | O10: ='GHG data from Eurostat'!CQ16 -> 0 | P10: ='GHG data from Eurostat'!CO16 -> 0 | Q10: ='GHG data from Eurostat'!CU16 -> 0 | R10: =IFERROR(('GHG data from Eurostat'!CS16+'GHG data from Eurostat'!CW16),0) -> 0 | S10: ='GHG data from Eurostat'!CV16 -> 0 | T10: ='GHG data from Eurostat'!CT16 -> 0 | U10: =Q10+M10 -> 0 | V10: =R10+N10 -> 0 | W10: =S10+O10 -> 0 | X10: =T10+P10 -> 0 | Y10: =SUM(U10:X10) -> 0 | Z10: =(M10+Q10)/I10 -> 0 | AA10: =(N10+R10)/J10 -> 0 | AB10: =(O10+S10)/K10 -> 0 | AC10: =(P10+T10)/L10 -> 0 | AE10: =ROUND(Z10,3) -> 0 | AF10: =ROUND(AA10,3) -> 0 | AG10: =ROUND(AB10,3) -> 0 | AH10: =ROUND(AC10,3) -> 0 | AJ10: Belgium | AK10: CO2 | AL10: =VLOOKUP($AJ10,Landcover!$A$3:$K$30,5,FALSE)/1000 -> 8.914 | AM10: =VLOOKUP($AJ10,Landcover!$A$3:$K$30,6,FALSE)/1000 -> 8.113 | AN10: =VLOOKUP($AJ10,Landcover!$A$3:$K$30,8,FALSE)/1000 -> 8.633 | AO10: =VLOOKUP($AJ10,Landcover!$A$3:$K$30,11,FALSE)/1000 -> 0.139 | AP10: =VLOOKUP($AJ10,Landcover!$A$3:$K$30,7,FALSE)/1000 -> 0.39 | AR10: =SUM('GHG data from Eurostat'!CX16,'GHG data from Eurostat'!DC16,'GHG data from Eurostat'!DG16,'GHG data from Eurostat'!DM16,'GHG data from Eurostat'!DP16,'GHG data from Eurostat'!DV16) -> 0.94634 | AS10: ='GHG data from Eurostat'!DS16+'GHG data from Eurostat'!DT16 -> -1.45014 | AT10: ='GHG data from Eurostat'!EA16+'GHG data from Eurostat'!EB16 -> 0.11387 | AU10: ='GHG data from Eurostat'!ED16 -> 0.00816 | AV10: ='GHG data from Eurostat'!EL16 -> 0 | AW10: =SUM(AR10:AV10) -> -0.38177 | AX10: =AR10/AL10 -> 0.10616334 | AY10: =AS10/AM10 -> -0.17874276 | AZ10: =AT10/AN10 -> 0.013190085 | BA10: =AU10/AO10 -> 0.058705036 | BB10: =AV10/AP10 -> 0 | BD10: =ROUND(AX10,4) -> 0.1062 | BE10: =ROUND(AY10,4) -> -0.1787 | BF10: =ROUND(AZ10,4) -> 0.0132 | BG10: =ROUND(BA10,4) -> 0.0587 | BH10: =ROUND(BB10,4) -> 0 | BJ10: =AJ10 -> Belgium | BK10: **CO2 | BL10: ='GHG data from Eurostat'!EP16 -> -0.08964
A11: Estonia | B11: 0.08712 | C11: 0.2519 | D11: 0.341 | E11: 0.00783 | G11: Belgium | H11: CH4 | I11: =VLOOKUP($G11,$A$5:$E$32,2,FALSE) -> 1.862739 | J11: =VLOOKUP($G11,$A$5:$E$32,3,FALSE) -> 2.39809 | K11: =VLOOKUP($G11,$A$5:$E$32,4,FALSE) -> 4.281 | L11: =VLOOKUP($G11,$A$5:$E$32,5,FALSE) -> 0.015591 | M11: ='GHG data from Eurostat'!CP17 -> 0.00952 | N11: ='GHG data from Eurostat'!CN17 -> 0.1497 | O11: ='GHG data from Eurostat'!CQ17 -> 0.0019 | P11: ='GHG data from Eurostat'!CO17 -> 0.00079 | Q11: ='GHG data from Eurostat'!CU17 -> 0.0214 | R11: =IFERROR(('GHG data from Eurostat'!CS17+'GHG data from Eurostat'!CW17),0) -> 0.02695 | S11: ='GHG data from Eurostat'!CV17 -> 0.00139 | T11: ='GHG data from Eurostat'!CT17 -> 2e-05 | U11: =(Q11+M11)*1000 -> 30.92 | V11: =(R11+N11)*1000 -> 176.65 | W11: =(S11+O11)*1000 -> 3.29 | X11: =(T11+P11)*1000 -> 0.81 | Y11: =SUM(U11:X11) -> 211.67 | Z11: =IFERROR((M11+Q11)*1000/I11,0) -> 16.599212 | AA11: =IFERROR((N11+R11)*1000/J11,0) -> 73.66279 | AB11: =IFERROR((O11+S11)*1000/K11,0) -> 0.76851203 | AC11: =IFERROR((P11+T11)*1000/L11,0) -> 51.95305 | AE11: =ROUND(Z11,3) -> 16.599 | AF11: =ROUND(AA11,3) -> 73.663 | AG11: =ROUND(AB11,3) -> 0.769 | AH11: =ROUND(AC11,3) -> 51.953 | AJ11: Belgium | AK11: CH4 | AL11: =VLOOKUP($AJ11,Landcover!$A$3:$K$30,5,FALSE)/1000 -> 8.914 | AM11: =VLOOKUP($AJ11,Landcover!$A$3:$K$30,6,FALSE)/1000 -> 8.113 | AN11: =VLOOKUP($AJ11,Landcover!$A$3:$K$30,8,FALSE)/1000 -> 8.633 | AO11: =VLOOKUP($AJ11,Landcover!$A$3:$K$30,11,FALSE)/1000 -> 0.139 | AP11: =VLOOKUP($AJ11,Landcover!$A$3:$K$30,7,FALSE)/1000 -> 0.39 | AR11: =SUM('GHG data from Eurostat'!CX17,'GHG data from Eurostat'!DC17,'GHG data from Eurostat'!DG17,'GHG data from Eurostat'!DM17,'GHG data from Eurostat'!DP17,'GHG data from Eurostat'!DV17) -> 0 | AS11: ='GHG data from Eurostat'!DS17+'GHG data from Eurostat'!DT17 -> 0 | AT11: ='GHG data from Eurostat'!EA17+'GHG data from Eurostat'!EB17 -> 0 | AU11: ='GHG data from Eurostat'!ED17 -> 0 | AV11: ='GHG data from Eurostat'!EL17 -> 0 | AW11: =SUM(AR11:AV11) -> 0 | AX11: =IFERROR(AR11*1000/AL11,0) -> 0 | AY11: =IFERROR(AS11*1000/AM11,0) -> 0 | AZ11: =IFERROR(AT11*1000/AN11,0) -> 0 | BA11: =IFERROR(AU11*1000/AO11,0) -> 0 | BB11: =IFERROR(AV11*1000/AP11,0) -> 0 | BD11: =ROUND(AX11,4) -> 0 | BE11: =ROUND(AY11,4) -> 0 | BF11: =ROUND(AZ11,4) -> 0 | BG11: =ROUND(BA11,4) -> 0 | BH11: =ROUND(BB11,4) -> 0 | BJ11: =AJ11 -> Belgium | BK11: **CH4 | BL11: ='GHG data from Eurostat'!EP17 -> 0
A12: Ireland | B12: 0.471645 | C12: 6.59349 | D12: 1.38 | E12: 0.380725 | G12: Belgium | H12: N2O | I12: =VLOOKUP($G12,$A$5:$E$32,2,FALSE) -> 1.862739 | J12: =VLOOKUP($G12,$A$5:$E$32,3,FALSE) -> 2.39809 | K12: =VLOOKUP($G12,$A$5:$E$32,4,FALSE) -> 4.281 | L12: =VLOOKUP($G12,$A$5:$E$32,5,FALSE) -> 0.015591 | M12: ='GHG data from Eurostat'!CP18 -> 0 | N12: ='GHG data from Eurostat'!CN18 -> 0 | O12: ='GHG data from Eurostat'!CQ18 -> 0 | P12: ='GHG data from Eurostat'!CO18 -> 0 | Q12: ='GHG data from Eurostat'!CU18 -> 0.00015 | R12: =IFERROR(('GHG data from Eurostat'!CS18+'GHG data from Eurostat'!CW18),0) -> 0.00137 | S12: ='GHG data from Eurostat'!CV18 -> 7e-05 | T12: ='GHG data from Eurostat'!CT18 -> 0 | U12: =(Q12+M12)*1000 -> 0.15 | V12: =(R12+N12)*1000 -> 1.37 | W12: =(S12+O12)*1000 -> 0.07 | X12: =(T12+P12)*1000 -> 0 | Y12: =SUM(U12:X12) -> 1.59 | Z12: =IFERROR((M12+Q12)*1000/I12,0) -> 0.080526579 | AA12: =IFERROR((N12+R12)*1000/J12,0) -> 0.57128798 | AB12: =IFERROR((O12+S12)*1000/K12,0) -> 0.01635132 | AC12: =IFERROR((P12+T12)*1000/L12,0) -> 0 | AE12: =ROUND(Z12,3) -> 0.081 | AF12: =ROUND(AA12,3) -> 0.571 | AG12: =ROUND(AB12,3) -> 0.016 | AH12: =ROUND(AC12,3) -> 0 | AJ12: Belgium | AK12: N2O | AL12: =VLOOKUP($AJ12,Landcover!$A$3:$K$30,5,FALSE)/1000 -> 8.914 | AM12: =VLOOKUP($AJ12,Landcover!$A$3:$K$30,6,FALSE)/1000 -> 8.113 | AN12: =VLOOKUP($AJ12,Landcover!$A$3:$K$30,8,FALSE)/1000 -> 8.633 | AO12: =VLOOKUP($AJ12,Landcover!$A$3:$K$30,11,FALSE)/1000 -> 0.139 | AP12: =VLOOKUP($AJ12,Landcover!$A$3:$K$30,7,FALSE)/1000 -> 0.39 | AR12: =SUM('GHG data from Eurostat'!CX18,'GHG data from Eurostat'!DC18,'GHG data from Eurostat'!DG18,'GHG data from Eurostat'!DM18,'GHG data from Eurostat'!DP18,'GHG data from Eurostat'!DV18) -> 0.0095 | AS12: ='GHG data from Eurostat'!DS18+'GHG data from Eurostat'!DT18 -> 0 | AT12: ='GHG data from Eurostat'!EA18+'GHG data from Eurostat'!EB18 -> 0 | AU12: ='GHG data from Eurostat'!ED18 -> 0 | AV12: ='GHG data from Eurostat'!EL18 -> 0 | AW12: =SUM(AR12:AV12) -> 0.0095 | AX12: =IFERROR(AR12*1000/AL12,0) -> 1.0657393 | AY12: =IFERROR(AS12*1000/AM12,0) -> 0 | AZ12: =IFERROR(AT12*1000/AN12,0) -> 0 | BA12: =IFERROR(AU12*1000/AO12,0) -> 0 | BB12: =IFERROR(AV12*1000/AP12,0) -> 0 | BD12: =ROUND(AX12,4) -> 1.0657 | BE12: =ROUND(AY12,4) -> 0 | BF12: =ROUND(AZ12,4) -> 0 | BG12: =ROUND(BA12,4) -> 0 | BH12: =ROUND(BB12,4) -> 0 | BJ12: =AJ12 -> Belgium | BK12: **N2O | BL12: ='GHG data from Eurostat'!EP18 -> 0
A13: Greece | B13: 0.2163 | C13: 0.542 | D13: 1.891 | E13: 1.2055 | G13: Bulgaria | H13: CO2e | I13: =VLOOKUP($G13,$A$5:$E$32,2,FALSE) -> 0.196365 | J13: =VLOOKUP($G13,$A$5:$E$32,3,FALSE) -> 0.54212 | K13: =VLOOKUP($G13,$A$5:$E$32,4,FALSE) -> 0.844 | L13: =VLOOKUP($G13,$A$5:$E$32,5,FALSE) -> 0.162177 | M13: ='GHG data from Eurostat'!CP19 -> 0.0262 | N13: ='GHG data from Eurostat'!CN19 -> 1.2535 | O13: ='GHG data from Eurostat'!CQ19 -> 0.08587 | P13: ='GHG data from Eurostat'!CO19 -> 0.27634 | Q13: ='GHG data from Eurostat'!CU19 -> 0.07809 | R13: =IFERROR(('GHG data from Eurostat'!CS19+'GHG data from Eurostat'!CW19),0) -> 0.43133 | S13: ='GHG data from Eurostat'!CV19 -> 0.08263 | T13: ='GHG data from Eurostat'!CT19 -> 0.02176 | U13: =Q13+M13 -> 0.10429 | V13: =R13+N13 -> 1.68483 | W13: =S13+O13 -> 0.1685 | X13: =T13+P13 -> 0.2981 | Y13: =SUM(U13:X13) -> 2.25572 | Z13: =(M13+Q13)/I13 -> 0.53110279 | AA13: =(N13+R13)/J13 -> 3.1078543 | AB13: =(O13+S13)/K13 -> 0.19964455 | AC13: =(P13+T13)/L13 -> 1.8381151 | AE13: =ROUND(Z13,3) -> 0.531 | AF13: =ROUND(AA13,3) -> 3.108 | AG13: =ROUND(AB13,3) -> 0.2 | AH13: =ROUND(AC13,3) -> 1.838 | AJ13: Bulgaria | AK13: CO2e | AL13: =VLOOKUP($AJ13,Landcover!$A$3:$K$30,5,FALSE)/1000 -> 35.815 | AM13: =VLOOKUP($AJ13,Landcover!$A$3:$K$30,6,FALSE)/1000 -> 48.915 | AN13: =VLOOKUP($AJ13,Landcover!$A$3:$K$30,8,FALSE)/1000 -> 16.352 | AO13: =VLOOKUP($AJ13,Landcover!$A$3:$K$30,11,FALSE)/1000 -> 0.227 | AP13: =VLOOKUP($AJ13,Landcover!$A$3:$K$30,7,FALSE)/1000 -> 5.238 | AR13: =SUM('GHG data from Eurostat'!CX19,'GHG data from Eurostat'!DC19,'GHG data from Eurostat'!DG19,'GHG data from Eurostat'!DM19,'GHG data from Eurostat'!DP19,'GHG data from Eurostat'!DV19) -> 4.39163 | AS13: ='GHG data from Eurostat'!DS19+'GHG data from Eurostat'!DT19 -> -8.23711 | AT13: ='GHG data from Eurostat'!EA19+'GHG data from Eurostat'!EB19 -> 0.10067 | AU13: ='GHG data from Eurostat'!ED19 -> 0.09966 | AV13: ='GHG data from Eurostat'!EL19 -> 0 | AW13: =SUM(AR13:AV13) -> -3.64515 | AX13: =AR13/AL13 -> 0.12261985 | AY13: =AS13/AM13 -> -0.1683964 | AZ13: =AT13/AN13 -> 0.0061564335 | BA13: =AU13/AO13 -> 0.43903084 | BB13: =AV13/AP13 -> 0 | BD13: =ROUND(AX13,4) -> 0.1226 | BE13: =ROUND(AY13,4) -> -0.1684 | BF13: =ROUND(AZ13,4) -> 0.0062 | BG13: =ROUND(BA13,4) -> 0.439 | BH13: =ROUND(BB13,4) -> 0 | BJ13: =AJ13 -> Bulgaria | BK13: **CO2e | BL13: ='GHG data from Eurostat'!EP19 -> -1.23269
A14: Spain | B14: 9.24123 | C14: 6.51059 | D14: 11.194 | E14: 1.861732 | G14: Bulgaria | H14: CO2 | I14: =VLOOKUP($G14,$A$5:$E$32,2,FALSE) -> 0.196365 | J14: =VLOOKUP($G14,$A$5:$E$32,3,FALSE) -> 0.54212 | K14: =VLOOKUP($G14,$A$5:$E$32,4,FALSE) -> 0.844 | L14: =VLOOKUP($G14,$A$5:$E$32,5,FALSE) -> 0.162177 | M14: ='GHG data from Eurostat'!CP20 -> 0 | N14: ='GHG data from Eurostat'!CN20 -> 0 | O14: ='GHG data from Eurostat'!CQ20 -> 0 | P14: ='GHG data from Eurostat'!CO20 -> 0 | Q14: ='GHG data from Eurostat'!CU20 -> 0 | R14: =IFERROR(('GHG data from Eurostat'!CS20+'GHG data from Eurostat'!CW20),0) -> 0 | S14: ='GHG data from Eurostat'!CV20 -> 0 | T14: ='GHG data from Eurostat'!CT20 -> 0 | U14: =Q14+M14 -> 0 | V14: =R14+N14 -> 0 | W14: =S14+O14 -> 0 | X14: =T14+P14 -> 0 | Y14: =SUM(U14:X14) -> 0 | Z14: =(M14+Q14)/I14 -> 0 | AA14: =(N14+R14)/J14 -> 0 | AB14: =(O14+S14)/K14 -> 0 | AC14: =(P14+T14)/L14 -> 0 | AE14: =ROUND(Z14,3) -> 0 | AF14: =ROUND(AA14,3) -> 0 | AG14: =ROUND(AB14,3) -> 0 | AH14: =ROUND(AC14,3) -> 0 | AJ14: Bulgaria | AK14: CO2 | AL14: =VLOOKUP($AJ14,Landcover!$A$3:$K$30,5,FALSE)/1000 -> 35.815 | AM14: =VLOOKUP($AJ14,Landcover!$A$3:$K$30,6,FALSE)/1000 -> 48.915 | AN14: =VLOOKUP($AJ14,Landcover!$A$3:$K$30,8,FALSE)/1000 -> 16.352 | AO14: =VLOOKUP($AJ14,Landcover!$A$3:$K$30,11,FALSE)/1000 -> 0.227 | AP14: =VLOOKUP($AJ14,Landcover!$A$3:$K$30,7,FALSE)/1000 -> 5.238 | AR14: =SUM('GHG data from Eurostat'!CX20,'GHG data from Eurostat'!DC20,'GHG data from Eurostat'!DG20,'GHG data from Eurostat'!DM20,'GHG data from Eurostat'!DP20,'GHG data from Eurostat'!DV20) -> 0.7844 | AS14: ='GHG data from Eurostat'!DS20+'GHG data from Eurostat'!DT20 -> -8.24276 | AT14: ='GHG data from Eurostat'!EA20+'GHG data from Eurostat'!EB20 -> 0.08534 | AU14: ='GHG data from Eurostat'!ED20 -> 0.08759 | AV14: ='GHG data from Eurostat'!EL20 -> 0 | AW14: =SUM(AR14:AV14) -> -7.28543 | AX14: =AR14/AL14 -> 0.021901438 | AY14: =AS14/AM14 -> -0.16851191 | AZ14: =AT14/AN14 -> 0.0052189335 | BA14: =AU14/AO14 -> 0.38585903 | BB14: =AV14/AP14 -> 0 | BD14: =ROUND(AX14,4) -> 0.0219 | BE14: =ROUND(AY14,4) -> -0.1685 | BF14: =ROUND(AZ14,4) -> 0.0052 | BG14: =ROUND(BA14,4) -> 0.3859 | BH14: =ROUND(BB14,4) -> 0 | BJ14: =AJ14 -> Bulgaria | BK14: **CO2 | BL14: ='GHG data from Eurostat'!EP20 -> -1.23269
A15: France | B15: 4.1139 | C15: 18.61304 | D15: 13.637 | E15: 0.8418 | G15: Bulgaria | H15: CH4 | I15: =VLOOKUP($G15,$A$5:$E$32,2,FALSE) -> 0.196365 | J15: =VLOOKUP($G15,$A$5:$E$32,3,FALSE) -> 0.54212 | K15: =VLOOKUP($G15,$A$5:$E$32,4,FALSE) -> 0.844 | L15: =VLOOKUP($G15,$A$5:$E$32,5,FALSE) -> 0.162177 | M15: ='GHG data from Eurostat'!CP21 -> 0.00094 | N15: ='GHG data from Eurostat'!CN21 -> 0.04477 | O15: ='GHG data from Eurostat'!CQ21 -> 0.00307 | P15: ='GHG data from Eurostat'!CO21 -> 0.00987 | Q15: ='GHG data from Eurostat'!CU21 -> 0.00274 | R15: =IFERROR(('GHG data from Eurostat'!CS21+'GHG data from Eurostat'!CW21),0) -> 0.0091 | S15: ='GHG data from Eurostat'!CV21 -> 0.00052 | T15: ='GHG data from Eurostat'!CT21 -> 0.00029 | U15: =(Q15+M15)*1000 -> 3.68 | V15: =(R15+N15)*1000 -> 53.87 | W15: =(S15+O15)*1000 -> 3.59 | X15: =(T15+P15)*1000 -> 10.16 | Y15: =SUM(U15:X15) -> 71.3 | Z15: =IFERROR((M15+Q15)*1000/I15,0) -> 18.740611 | AA15: =IFERROR((N15+R15)*1000/J15,0) -> 99.369143 | AB15: =IFERROR((O15+S15)*1000/K15,0) -> 4.2535545 | AC15: =IFERROR((P15+T15)*1000/L15,0) -> 62.647601 | AE15: =ROUND(Z15,3) -> 18.741 | AF15: =ROUND(AA15,3) -> 99.369 | AG15: =ROUND(AB15,3) -> 4.254 | AH15: =ROUND(AC15,3) -> 62.648 | AJ15: Bulgaria | AK15: CH4 | AL15: =VLOOKUP($AJ15,Landcover!$A$3:$K$30,5,FALSE)/1000 -> 35.815 | AM15: =VLOOKUP($AJ15,Landcover!$A$3:$K$30,6,FALSE)/1000 -> 48.915 | AN15: =VLOOKUP($AJ15,Landcover!$A$3:$K$30,8,FALSE)/1000 -> 16.352 | AO15: =VLOOKUP($AJ15,Landcover!$A$3:$K$30,11,FALSE)/1000 -> 0.227 | AP15: =VLOOKUP($AJ15,Landcover!$A$3:$K$30,7,FALSE)/1000 -> 5.238 | AR15: =SUM('GHG data from Eurostat'!CX21,'GHG data from Eurostat'!DC21,'GHG data from Eurostat'!DG21,'GHG data from Eurostat'!DM21,'GHG data from Eurostat'!DP21,'GHG data from Eurostat'!DV21) -> 0.00505 | AS15: ='GHG data from Eurostat'!DS21+'GHG data from Eurostat'!DT21 -> 0.00013 | AT15: ='GHG data from Eurostat'!EA21+'GHG data from Eurostat'!EB21 -> 0 | AU15: ='GHG data from Eurostat'!ED21 -> 0 | AV15: ='GHG data from Eurostat'!EL21 -> 0 | AW15: =SUM(AR15:AV15) -> 0.00518 | AX15: =IFERROR(AR15*1000/AL15,0) -> 0.14100237 | AY15: =IFERROR(AS15*1000/AM15,0) -> 0.0026576715 | AZ15: =IFERROR(AT15*1000/AN15,0) -> 0 | BA15: =IFERROR(AU15*1000/AO15,0) -> 0 | BB15: =IFERROR(AV15*1000/AP15,0) -> 0 | BD15: =ROUND(AX15,4) -> 0.141 | BE15: =ROUND(AY15,4) -> 0.0027 | BF15: =ROUND(AZ15,4) -> 0 | BG15: =ROUND(BA15,4) -> 0 | BH15: =ROUND(BB15,4) -> 0 | BJ15: =AJ15 -> Bulgaria | BK15: **CH4 | BL15: ='GHG data from Eurostat'!EP21 -> 0
A16: Croatia | B16: 0.3147 | C16: 0.414 | D16: 0.549 | E16: 0.0716 | G16: Bulgaria | H16: N2O | I16: =VLOOKUP($G16,$A$5:$E$32,2,FALSE) -> 0.196365 | J16: =VLOOKUP($G16,$A$5:$E$32,3,FALSE) -> 0.54212 | K16: =VLOOKUP($G16,$A$5:$E$32,4,FALSE) -> 0.844 | L16: =VLOOKUP($G16,$A$5:$E$32,5,FALSE) -> 0.162177 | M16: ='GHG data from Eurostat'!CP22 -> 0 | N16: ='GHG data from Eurostat'!CN22 -> 0 | O16: ='GHG data from Eurostat'!CQ22 -> 0 | P16: ='GHG data from Eurostat'!CO22 -> 0 | Q16: ='GHG data from Eurostat'!CU22 -> 0 | R16: =IFERROR(('GHG data from Eurostat'!CS22+'GHG data from Eurostat'!CW22),0) -> 0.00067 | S16: ='GHG data from Eurostat'!CV22 -> 0.00026 | T16: ='GHG data from Eurostat'!CT22 -> 5e-05 | U16: =(Q16+M16)*1000 -> 0 | V16: =(R16+N16)*1000 -> 0.67 | W16: =(S16+O16)*1000 -> 0.26 | X16: =(T16+P16)*1000 -> 0.05 | Y16: =SUM(U16:X16) -> 0.98 | Z16: =IFERROR((M16+Q16)*1000/I16,0) -> 0 | AA16: =IFERROR((N16+R16)*1000/J16,0) -> 1.2358887 | AB16: =IFERROR((O16+S16)*1000/K16,0) -> 0.30805687 | AC16: =IFERROR((P16+T16)*1000/L16,0) -> 0.30830512 | AE16: =ROUND(Z16,3) -> 0 | AF16: =ROUND(AA16,3) -> 1.236 | AG16: =ROUND(AB16,3) -> 0.308 | AH16: =ROUND(AC16,3) -> 0.308 | AJ16: Bulgaria | AK16: N2O | AL16: =VLOOKUP($AJ16,Landcover!$A$3:$K$30,5,FALSE)/1000 -> 35.815 | AM16: =VLOOKUP($AJ16,Landcover!$A$3:$K$30,6,FALSE)/1000 -> 48.915 | AN16: =VLOOKUP($AJ16,Landcover!$A$3:$K$30,8,FALSE)/1000 -> 16.352 | AO16: =VLOOKUP($AJ16,Landcover!$A$3:$K$30,11,FALSE)/1000 -> 0.227 | AP16: =VLOOKUP($AJ16,Landcover!$A$3:$K$30,7,FALSE)/1000 -> 5.238 | AR16: =SUM('GHG data from Eurostat'!CX22,'GHG data from Eurostat'!DC22,'GHG data from Eurostat'!DG22,'GHG data from Eurostat'!DM22,'GHG data from Eurostat'!DP22,'GHG data from Eurostat'!DV22) -> 0.01308 | AS16: ='GHG data from Eurostat'!DS22+'GHG data from Eurostat'!DT22 -> 1e-05 | AT16: ='GHG data from Eurostat'!EA22+'GHG data from Eurostat'!EB22 -> 6e-05 | AU16: ='GHG data from Eurostat'!ED22 -> 5e-05 | AV16: ='GHG data from Eurostat'!EL22 -> 0 | AW16: =SUM(AR16:AV16) -> 0.0132 | AX16: =IFERROR(AR16*1000/AL16,0) -> 0.36521011 | AY16: =IFERROR(AS16*1000/AM16,0) -> 0.00020443627 | AZ16: =IFERROR(AT16*1000/AN16,0) -> 0.0036692759 | BA16: =IFERROR(AU16*1000/AO16,0) -> 0.22026432 | BB16: =IFERROR(AV16*1000/AP16,0) -> 0 | BD16: =ROUND(AX16,4) -> 0.3652 | BE16: =ROUND(AY16,4) -> 0.0002 | BF16: =ROUND(AZ16,4) -> 0.0037 | BG16: =ROUND(BA16,4) -> 0.2203 | BH16: =ROUND(BB16,4) -> 0 | BJ16: =AJ16 -> Bulgaria | BK16: **N2O | BL16: ='GHG data from Eurostat'!EP22 -> 0
A17: Italy | B17: 2.547669 | C17: 6.31116 | D17: 8.144 | E17: 0.816541 | G17: Czechia | H17: CO2e | I17: =VLOOKUP($G17,$A$5:$E$32,2,FALSE) -> 0.452274 | J17: =VLOOKUP($G17,$A$5:$E$32,3,FALSE) -> 1.36524 | K17: =VLOOKUP($G17,$A$5:$E$32,4,FALSE) -> 1.694 | L17: =VLOOKUP($G17,$A$5:$E$32,5,FALSE) -> 0.024228 | M17: ='GHG data from Eurostat'!CP23 -> 0.06332 | N17: ='GHG data from Eurostat'!CN23 -> 3.39501 | O17: ='GHG data from Eurostat'!CQ23 -> 0.02222 | P17: ='GHG data from Eurostat'!CO23 -> 0.04904 | Q17: ='GHG data from Eurostat'!CU23 -> 0.10841 | R17: =IFERROR(('GHG data from Eurostat'!CS23+'GHG data from Eurostat'!CW23),0) -> 0.56562 | S17: ='GHG data from Eurostat'!CV23 -> 0.10355 | T17: ='GHG data from Eurostat'!CT23 -> 0.00338 | U17: =Q17+M17 -> 0.17173 | V17: =R17+N17 -> 3.96063 | W17: =S17+O17 -> 0.12577 | X17: =T17+P17 -> 0.05242 | Y17: =SUM(U17:X17) -> 4.31055 | Z17: =(M17+Q17)/I17 -> 0.37970345 | AA17: =(N17+R17)/J17 -> 2.9010504 | AB17: =(O17+S17)/K17 -> 0.074244392 | AC17: =(P17+T17)/L17 -> 2.1636123 | AE17: =ROUND(Z17,3) -> 0.38 | AF17: =ROUND(AA17,3) -> 2.901 | AG17: =ROUND(AB17,3) -> 0.074 | AH17: =ROUND(AC17,3) -> 2.164 | AJ17: Czechia | AK17: CO2e | AL17: =VLOOKUP($AJ17,Landcover!$A$3:$K$30,5,FALSE)/1000 -> 26.609 | AM17: =VLOOKUP($AJ17,Landcover!$A$3:$K$30,6,FALSE)/1000 -> 30.234 | AN17: =VLOOKUP($AJ17,Landcover!$A$3:$K$30,8,FALSE)/1000 -> 15.879 | AO17: =VLOOKUP($AJ17,Landcover!$A$3:$K$30,11,FALSE)/1000 -> 0.242 | AP17: =VLOOKUP($AJ17,Landcover!$A$3:$K$30,7,FALSE)/1000 -> 0.789 | AR17: =SUM('GHG data from Eurostat'!CX23,'GHG data from Eurostat'!DC23,'GHG data from Eurostat'!DG23,'GHG data from Eurostat'!DM23,'GHG data from Eurostat'!DP23,'GHG data from Eurostat'!DV23) -> 2.36801 | AS17: ='GHG data from Eurostat'!DS23+'GHG data from Eurostat'!DT23 -> 0.89578 | AT17: ='GHG data from Eurostat'!EA23+'GHG data from Eurostat'!EB23 -> -0.27866 | AU17: ='GHG data from Eurostat'!ED23 -> 0.02626 | AV17: ='GHG data from Eurostat'!EL23 -> 0 | AW17: =SUM(AR17:AV17) -> 3.01139 | AX17: =AR17/AL17 -> 0.088992822 | AY17: =AS17/AM17 -> 0.029628233 | AZ17: =AT17/AN17 -> -0.017548964 | BA17: =AU17/AO17 -> 0.1085124 | BB17: =AV17/AP17 -> 0 | BD17: =ROUND(AX17,4) -> 0.089 | BE17: =ROUND(AY17,4) -> 0.0296 | BF17: =ROUND(AZ17,4) -> -0.0175 | BG17: =ROUND(BA17,4) -> 0.1085 | BH17: =ROUND(BB17,4) -> 0 | BJ17: =AJ17 -> Czechia | BK17: **CO2e | BL17: ='GHG data from Eurostat'!EP23 -> -1.42813
A18: Cyprus | B18: 0.108615 | C18: 0.07082 | D18: 0.178 | E18: 0.05614 | G18: Czechia | H18: CO2 | I18: =VLOOKUP($G18,$A$5:$E$32,2,FALSE) -> 0.452274 | J18: =VLOOKUP($G18,$A$5:$E$32,3,FALSE) -> 1.36524 | K18: =VLOOKUP($G18,$A$5:$E$32,4,FALSE) -> 1.694 | L18: =VLOOKUP($G18,$A$5:$E$32,5,FALSE) -> 0.024228 | M18: ='GHG data from Eurostat'!CP24 -> 0 | N18: ='GHG data from Eurostat'!CN24 -> 0 | O18: ='GHG data from Eurostat'!CQ24 -> 0 | P18: ='GHG data from Eurostat'!CO24 -> 0 | Q18: ='GHG data from Eurostat'!CU24 -> 0 | R18: =IFERROR(('GHG data from Eurostat'!CS24+'GHG data from Eurostat'!CW24),0) -> 0 | S18: ='GHG data from Eurostat'!CV24 -> 0 | T18: ='GHG data from Eurostat'!CT24 -> 0 | U18: =Q18+M18 -> 0 | V18: =R18+N18 -> 0 | W18: =S18+O18 -> 0 | X18: =T18+P18 -> 0 | Y18: =SUM(U18:X18) -> 0 | Z18: =(M18+Q18)/I18 -> 0 | AA18: =(N18+R18)/J18 -> 0 | AB18: =(O18+S18)/K18 -> 0 | AC18: =(P18+T18)/L18 -> 0 | AE18: =ROUND(Z18,3) -> 0 | AF18: =ROUND(AA18,3) -> 0 | AG18: =ROUND(AB18,3) -> 0 | AH18: =ROUND(AC18,3) -> 0 | AJ18: Czechia | AK18: CO2 | AL18: =VLOOKUP($AJ18,Landcover!$A$3:$K$30,5,FALSE)/1000 -> 26.609 | AM18: =VLOOKUP($AJ18,Landcover!$A$3:$K$30,6,FALSE)/1000 -> 30.234 | AN18: =VLOOKUP($AJ18,Landcover!$A$3:$K$30,8,FALSE)/1000 -> 15.879 | AO18: =VLOOKUP($AJ18,Landcover!$A$3:$K$30,11,FALSE)/1000 -> 0.242 | AP18: =VLOOKUP($AJ18,Landcover!$A$3:$K$30,7,FALSE)/1000 -> 0.789 | AR18: =SUM('GHG data from Eurostat'!CX24,'GHG data from Eurostat'!DC24,'GHG data from Eurostat'!DG24,'GHG data from Eurostat'!DM24,'GHG data from Eurostat'!DP24,'GHG data from Eurostat'!DV24) -> 0.19957 | AS18: ='GHG data from Eurostat'!DS24+'GHG data from Eurostat'!DT24 -> 0.88237 | AT18: ='GHG data from Eurostat'!EA24+'GHG data from Eurostat'!EB24 -> -0.27866 | AU18: ='GHG data from Eurostat'!ED24 -> 0.02626 | AV18: ='GHG data from Eurostat'!EL24 -> 0 | AW18: =SUM(AR18:AV18) -> 0.82954 | AX18: =AR18/AL18 -> 0.007500094 | AY18: =AS18/AM18 -> 0.029184693 | AZ18: =AT18/AN18 -> -0.017548964 | BA18: =AU18/AO18 -> 0.1085124 | BB18: =AV18/AP18 -> 0 | BD18: =ROUND(AX18,4) -> 0.0075 | BE18: =ROUND(AY18,4) -> 0.0292 | BF18: =ROUND(AZ18,4) -> -0.0175 | BG18: =ROUND(BA18,4) -> 0.1085 | BH18: =ROUND(BB18,4) -> 0 | BJ18: =AJ18 -> Czechia | BK18: **CO2 | BL18: ='GHG data from Eurostat'!EP24 -> -1.42813
A19: Latvia | B19: 0.09147 | C19: 0.39533 | D19: 0.281 | E19: 0.011953 | G19: Czechia | H19: CH4 | I19: =VLOOKUP($G19,$A$5:$E$32,2,FALSE) -> 0.452274 | J19: =VLOOKUP($G19,$A$5:$E$32,3,FALSE) -> 1.36524 | K19: =VLOOKUP($G19,$A$5:$E$32,4,FALSE) -> 1.694 | L19: =VLOOKUP($G19,$A$5:$E$32,5,FALSE) -> 0.024228 | M19: ='GHG data from Eurostat'!CP25 -> 0.00226 | N19: ='GHG data from Eurostat'!CN25 -> 0.12125 | O19: ='GHG data from Eurostat'!CQ25 -> 0.00079 | P19: ='GHG data from Eurostat'!CO25 -> 0.00175 | Q19: ='GHG data from Eurostat'!CU25 -> 0.00318 | R19: =IFERROR(('GHG data from Eurostat'!CS25+'GHG data from Eurostat'!CW25),0) -> 0.0079 | S19: ='GHG data from Eurostat'!CV25 -> 0.00271 | T19: ='GHG data from Eurostat'!CT25 -> 4e-05 | U19: =(Q19+M19)*1000 -> 5.44 | V19: =(R19+N19)*1000 -> 129.15 | W19: =(S19+O19)*1000 -> 3.5 | X19: =(T19+P19)*1000 -> 1.79 | Y19: =SUM(U19:X19) -> 139.88 | Z19: =IFERROR((M19+Q19)*1000/I19,0) -> 12.028107 | AA19: =IFERROR((N19+R19)*1000/J19,0) -> 94.598752 | AB19: =IFERROR((O19+S19)*1000/K19,0) -> 2.0661157 | AC19: =IFERROR((P19+T19)*1000/L19,0) -> 73.881459 | AE19: =ROUND(Z19,3) -> 12.028 | AF19: =ROUND(AA19,3) -> 94.599 | AG19: =ROUND(AB19,3) -> 2.066 | AH19: =ROUND(AC19,3) -> 73.881 | AJ19: Czechia | AK19: CH4 | AL19: =VLOOKUP($AJ19,Landcover!$A$3:$K$30,5,FALSE)/1000 -> 26.609 | AM19: =VLOOKUP($AJ19,Landcover!$A$3:$K$30,6,FALSE)/1000 -> 30.234 | AN19: =VLOOKUP($AJ19,Landcover!$A$3:$K$30,8,FALSE)/1000 -> 15.879 | AO19: =VLOOKUP($AJ19,Landcover!$A$3:$K$30,11,FALSE)/1000 -> 0.242 | AP19: =VLOOKUP($AJ19,Landcover!$A$3:$K$30,7,FALSE)/1000 -> 0.789 | AR19: =SUM('GHG data from Eurostat'!CX25,'GHG data from Eurostat'!DC25,'GHG data from Eurostat'!DG25,'GHG data from Eurostat'!DM25,'GHG data from Eurostat'!DP25,'GHG data from Eurostat'!DV25) -> 0 | AS19: ='GHG data from Eurostat'!DS25+'GHG data from Eurostat'!DT25 -> 0.00031 | AT19: ='GHG data from Eurostat'!EA25+'GHG data from Eurostat'!EB25 -> 0 | AU19: ='GHG data from Eurostat'!ED25 -> 0 | AV19: ='GHG data from Eurostat'!EL25 -> 0 | AW19: =SUM(AR19:AV19) -> 0.00031 | AX19: =IFERROR(AR19*1000/AL19,0) -> 0 | AY19: =IFERROR(AS19*1000/AM19,0) -> 0.010253357 | AZ19: =IFERROR(AT19*1000/AN19,0) -> 0 | BA19: =IFERROR(AU19*1000/AO19,0) -> 0 | BB19: =IFERROR(AV19*1000/AP19,0) -> 0 | BD19: =ROUND(AX19,4) -> 0 | BE19: =ROUND(AY19,4) -> 0.0103 | BF19: =ROUND(AZ19,4) -> 0 | BG19: =ROUND(BA19,4) -> 0 | BH19: =ROUND(BB19,4) -> 0 | BJ19: =AJ19 -> Czechia | BK19: **CH4 | BL19: ='GHG data from Eurostat'!EP25 -> 0
A20: Lithuania | B20: 0.1716 | C20: 0.6535 | D20: 0.809 | E20: 0.01786 | G20: Czechia | H20: N2O | I20: =VLOOKUP($G20,$A$5:$E$32,2,FALSE) -> 0.452274 | J20: =VLOOKUP($G20,$A$5:$E$32,3,FALSE) -> 1.36524 | K20: =VLOOKUP($G20,$A$5:$E$32,4,FALSE) -> 1.694 | L20: =VLOOKUP($G20,$A$5:$E$32,5,FALSE) -> 0.024228 | M20: ='GHG data from Eurostat'!CP26 -> 0 | N20: ='GHG data from Eurostat'!CN26 -> 0 | O20: ='GHG data from Eurostat'!CQ26 -> 0 | P20: ='GHG data from Eurostat'!CO26 -> 0 | Q20: ='GHG data from Eurostat'!CU26 -> 7e-05 | R20: =IFERROR(('GHG data from Eurostat'!CS26+'GHG data from Eurostat'!CW26),0) -> 0.0013 | S20: ='GHG data from Eurostat'!CV26 -> 0.0001 | T20: ='GHG data from Eurostat'!CT26 -> 1e-05 | U20: =(Q20+M20)*1000 -> 0.07 | V20: =(R20+N20)*1000 -> 1.3 | W20: =(S20+O20)*1000 -> 0.1 | X20: =(T20+P20)*1000 -> 0.01 | Y20: =SUM(U20:X20) -> 1.48 | Z20: =IFERROR((M20+Q20)*1000/I20,0) -> 0.15477343 | AA20: =IFERROR((N20+R20)*1000/J20,0) -> 0.95221353 | AB20: =IFERROR((O20+S20)*1000/K20,0) -> 0.059031877 | AC20: =IFERROR((P20+T20)*1000/L20,0) -> 0.41274558 | AE20: =ROUND(Z20,3) -> 0.155 | AF20: =ROUND(AA20,3) -> 0.952 | AG20: =ROUND(AB20,3) -> 0.059 | AH20: =ROUND(AC20,3) -> 0.413 | AJ20: Czechia | AK20: N2O | AL20: =VLOOKUP($AJ20,Landcover!$A$3:$K$30,5,FALSE)/1000 -> 26.609 | AM20: =VLOOKUP($AJ20,Landcover!$A$3:$K$30,6,FALSE)/1000 -> 30.234 | AN20: =VLOOKUP($AJ20,Landcover!$A$3:$K$30,8,FALSE)/1000 -> 15.879 | AO20: =VLOOKUP($AJ20,Landcover!$A$3:$K$30,11,FALSE)/1000 -> 0.242 | AP20: =VLOOKUP($AJ20,Landcover!$A$3:$K$30,7,FALSE)/1000 -> 0.789 | AR20: =SUM('GHG data from Eurostat'!CX26,'GHG data from Eurostat'!DC26,'GHG data from Eurostat'!DG26,'GHG data from Eurostat'!DM26,'GHG data from Eurostat'!DP26,'GHG data from Eurostat'!DV26) -> 0.00818 | AS20: ='GHG data from Eurostat'!DS26+'GHG data from Eurostat'!DT26 -> 2e-05 | AT20: ='GHG data from Eurostat'!EA26+'GHG data from Eurostat'!EB26 -> 0 | AU20: ='GHG data from Eurostat'!ED26 -> 0 | AV20: ='GHG data from Eurostat'!EL26 -> 0 | AW20: =SUM(AR20:AV20) -> 0.0082 | AX20: =IFERROR(AR20*1000/AL20,0) -> 0.30741478 | AY20: =IFERROR(AS20*1000/AM20,0) -> 0.00066150691 | AZ20: =IFERROR(AT20*1000/AN20,0) -> 0 | BA20: =IFERROR(AU20*1000/AO20,0) -> 0 | BB20: =IFERROR(AV20*1000/AP20,0) -> 0 | BD20: =ROUND(AX20,4) -> 0.3074 | BE20: =ROUND(AY20,4) -> 0.0007 | BF20: =ROUND(AZ20,4) -> 0 | BG20: =ROUND(BA20,4) -> 0 | BH20: =ROUND(BB20,4) -> 0 | BJ20: =AJ20 -> Czechia | BK20: **N2O | BL20: ='GHG data from Eurostat'!EP26 -> 0
A21: Luxembourg | B21: 0.024777 | C21: 0.19439 | D21: 0 | E21: 0.001403 | G21: Denmark | H21: CO2e | I21: =VLOOKUP($G21,$A$5:$E$32,2,FALSE) -> 3.7926 | J21: =VLOOKUP($G21,$A$5:$E$32,3,FALSE) -> 1.53 | K21: =VLOOKUP($G21,$A$5:$E$32,4,FALSE) -> 1.458 | L21: =VLOOKUP($G21,$A$5:$E$32,5,FALSE) -> 0.015681 | M21: ='GHG data from Eurostat'!CP27 -> 0.38562 | N21: ='GHG data from Eurostat'!CN27 -> 3.66171 | O21: ='GHG data from Eurostat'!CQ27 -> 0.11553 | P21: ='GHG data from Eurostat'!CO27 -> 0.03942 | Q21: ='GHG data from Eurostat'!CU27 -> 2.26787 | R21: =IFERROR(('GHG data from Eurostat'!CS27+'GHG data from Eurostat'!CW27),0) -> 2.2946 | S21: ='GHG data from Eurostat'!CV27 -> 0.13622 | T21: ='GHG data from Eurostat'!CT27 -> 0.0033 | U21: =Q21+M21 -> 2.65349 | V21: =R21+N21 -> 5.95631 | W21: =S21+O21 -> 0.25175 | X21: =T21+P21 -> 0.04272 | Y21: =SUM(U21:X21) -> 8.90427 | Z21: =(M21+Q21)/I21 -> 0.69964932 | AA21: =(N21+R21)/J21 -> 3.8930131 | AB21: =(O21+S21)/K21 -> 0.17266804 | AC21: =(P21+T21)/L21 -> 2.7243161 | AE21: =ROUND(Z21,3) -> 0.7 | AF21: =ROUND(AA21,3) -> 3.893 | AG21: =ROUND(AB21,3) -> 0.173 | AH21: =ROUND(AC21,3) -> 2.724 | AJ21: Denmark | AK21: CO2e | AL21: =VLOOKUP($AJ21,Landcover!$A$3:$K$30,5,FALSE)/1000 -> 20.494 | AM21: =VLOOKUP($AJ21,Landcover!$A$3:$K$30,6,FALSE)/1000 -> 8.587 | AN21: =VLOOKUP($AJ21,Landcover!$A$3:$K$30,8,FALSE)/1000 -> 8.446 | AO21: =VLOOKUP($AJ21,Landcover!$A$3:$K$30,11,FALSE)/1000 -> 0.409 | AP21: =VLOOKUP($AJ21,Landcover!$A$3:$K$30,7,FALSE)/1000 -> 0.829 | AR21: =SUM('GHG data from Eurostat'!CX27,'GHG data from Eurostat'!DC27,'GHG data from Eurostat'!DG27,'GHG data from Eurostat'!DM27,'GHG data from Eurostat'!DP27,'GHG data from Eurostat'!DV27) -> 7.56941 | AS21: ='GHG data from Eurostat'!DS27+'GHG data from Eurostat'!DT27 -> -0.82256 | AT21: ='GHG data from Eurostat'!EA27+'GHG data from Eurostat'!EB27 -> 0.89551 | AU21: ='GHG data from Eurostat'!ED27 -> 0.11384 | AV21: ='GHG data from Eurostat'!EL27 -> 0 | AW21: =SUM(AR21:AV21) -> 7.7562 | AX21: =AR21/AL21 -> 0.36934761 | AY21: =AS21/AM21 -> -0.095791312 | AZ21: =AT21/AN21 -> 0.10602771 | BA21: =AU21/AO21 -> 0.27833741 | BB21: =AV21/AP21 -> 0 | BD21: =ROUND(AX21,4) -> 0.3693 | BE21: =ROUND(AY21,4) -> -0.0958 | BF21: =ROUND(AZ21,4) -> 0.106 | BG21: =ROUND(BA21,4) -> 0.2783 | BH21: =ROUND(BB21,4) -> 0 | BJ21: =AJ21 -> Denmark | BK21: **CO2e | BL21: ='GHG data from Eurostat'!EP27 -> -0.04619
A22: Hungary | B22: 0.8616 | C22: 0.885 | D22: 3.038 | E22: 0.1174 | G22: Denmark | H22: CO2 | I22: =VLOOKUP($G22,$A$5:$E$32,2,FALSE) -> 3.7926 | J22: =VLOOKUP($G22,$A$5:$E$32,3,FALSE) -> 1.53 | K22: =VLOOKUP($G22,$A$5:$E$32,4,FALSE) -> 1.458 | L22: =VLOOKUP($G22,$A$5:$E$32,5,FALSE) -> 0.015681 | M22: ='GHG data from Eurostat'!CP28 -> 0 | N22: ='GHG data from Eurostat'!CN28 -> 0 | O22: ='GHG data from Eurostat'!CQ28 -> 0 | P22: ='GHG data from Eurostat'!CO28 -> 0 | Q22: ='GHG data from Eurostat'!CU28 -> 0 | R22: =IFERROR(('GHG data from Eurostat'!CS28+'GHG data from Eurostat'!CW28),0) -> 0 | S22: ='GHG data from Eurostat'!CV28 -> 0 | T22: ='GHG data from Eurostat'!CT28 -> 0 | U22: =Q22+M22 -> 0 | V22: =R22+N22 -> 0 | W22: =S22+O22 -> 0 | X22: =T22+P22 -> 0 | Y22: =SUM(U22:X22) -> 0 | Z22: =(M22+Q22)/I22 -> 0 | AA22: =(N22+R22)/J22 -> 0 | AB22: =(O22+S22)/K22 -> 0 | AC22: =(P22+T22)/L22 -> 0 | AE22: =ROUND(Z22,3) -> 0 | AF22: =ROUND(AA22,3) -> 0 | AG22: =ROUND(AB22,3) -> 0 | AH22: =ROUND(AC22,3) -> 0 | AJ22: Denmark | AK22: CO2 | AL22: =VLOOKUP($AJ22,Landcover!$A$3:$K$30,5,FALSE)/1000 -> 20.494 | AM22: =VLOOKUP($AJ22,Landcover!$A$3:$K$30,6,FALSE)/1000 -> 8.587 | AN22: =VLOOKUP($AJ22,Landcover!$A$3:$K$30,8,FALSE)/1000 -> 8.446 | AO22: =VLOOKUP($AJ22,Landcover!$A$3:$K$30,11,FALSE)/1000 -> 0.409 | AP22: =VLOOKUP($AJ22,Landcover!$A$3:$K$30,7,FALSE)/1000 -> 0.829 | AR22: =SUM('GHG data from Eurostat'!CX28,'GHG data from Eurostat'!DC28,'GHG data from Eurostat'!DG28,'GHG data from Eurostat'!DM28,'GHG data from Eurostat'!DP28,'GHG data from Eurostat'!DV28) -> 3.57956 | AS22: ='GHG data from Eurostat'!DS28+'GHG data from Eurostat'!DT28 -> -0.95284 | AT22: ='GHG data from Eurostat'!EA28+'GHG data from Eurostat'!EB28 -> 0.68968 | AU22: ='GHG data from Eurostat'!ED28 -> 0.05346 | AV22: ='GHG data from Eurostat'!EL28 -> 0 | AW22: =SUM(AR22:AV22) -> 3.36986 | AX22: =AR22/AL22 -> 0.1746638 | AY22: =AS22/AM22 -> -0.11096308 | AZ22: =AT22/AN22 -> 0.081657589 | BA22: =AU22/AO22 -> 0.13070905 | BB22: =AV22/AP22 -> 0 | BD22: =ROUND(AX22,4) -> 0.1747 | BE22: =ROUND(AY22,4) -> -0.111 | BF22: =ROUND(AZ22,4) -> 0.0817 | BG22: =ROUND(BA22,4) -> 0.1307 | BH22: =ROUND(BB22,4) -> 0 | BJ22: =AJ22 -> Denmark | BK22: **CO2 | BL22: ='GHG data from Eurostat'!EP28 -> -0.04619
A23: Malta | B23: 0.010887 | C23: 0.01412 | D23: 0.032 | E23: 0.00189 | G23: Denmark | H23: CH4 | I23: =VLOOKUP($G23,$A$5:$E$32,2,FALSE) -> 3.7926 | J23: =VLOOKUP($G23,$A$5:$E$32,3,FALSE) -> 1.53 | K23: =VLOOKUP($G23,$A$5:$E$32,4,FALSE) -> 1.458 | L23: =VLOOKUP($G23,$A$5:$E$32,5,FALSE) -> 0.015681 | M23: ='GHG data from Eurostat'!CP29 -> 0.01377 | N23: ='GHG data from Eurostat'!CN29 -> 0.13078 | O23: ='GHG data from Eurostat'!CQ29 -> 0.00413 | P23: ='GHG data from Eurostat'!CO29 -> 0.00141 | Q23: ='GHG data from Eurostat'!CU29 -> 0.07301 | R23: =IFERROR(('GHG data from Eurostat'!CS29+'GHG data from Eurostat'!CW29),0) -> 0.06642 | S23: ='GHG data from Eurostat'!CV29 -> 0.00281 | T23: ='GHG data from Eurostat'!CT29 -> 6e-05 | U23: =(Q23+M23)*1000 -> 86.78 | V23: =(R23+N23)*1000 -> 197.2 | W23: =(S23+O23)*1000 -> 6.94 | X23: =(T23+P23)*1000 -> 1.47 | Y23: =SUM(U23:X23) -> 292.39 | Z23: =IFERROR((M23+Q23)*1000/I23,0) -> 22.881401 | AA23: =IFERROR((N23+R23)*1000/J23,0) -> 128.88889 | AB23: =IFERROR((O23+S23)*1000/K23,0) -> 4.7599451 | AC23: =IFERROR((P23+T23)*1000/L23,0) -> 93.744021 | AE23: =ROUND(Z23,3) -> 22.881 | AF23: =ROUND(AA23,3) -> 128.889 | AG23: =ROUND(AB23,3) -> 4.76 | AH23: =ROUND(AC23,3) -> 93.744 | AJ23: Denmark | AK23: CH4 | AL23: =VLOOKUP($AJ23,Landcover!$A$3:$K$30,5,FALSE)/1000 -> 20.494 | AM23: =VLOOKUP($AJ23,Landcover!$A$3:$K$30,6,FALSE)/1000 -> 8.587 | AN23: =VLOOKUP($AJ23,Landcover!$A$3:$K$30,8,FALSE)/1000 -> 8.446 | AO23: =VLOOKUP($AJ23,Landcover!$A$3:$K$30,11,FALSE)/1000 -> 0.409 | AP23: =VLOOKUP($AJ23,Landcover!$A$3:$K$30,7,FALSE)/1000 -> 0.829 | AR23: =SUM('GHG data from Eurostat'!CX29,'GHG data from Eurostat'!DC29,'GHG data from Eurostat'!DG29,'GHG data from Eurostat'!DM29,'GHG data from Eurostat'!DP29,'GHG data from Eurostat'!DV29) -> 0.00592 | AS23: ='GHG data from Eurostat'!DS29+'GHG data from Eurostat'!DT29 -> 0.00312 | AT23: ='GHG data from Eurostat'!EA29+'GHG data from Eurostat'!EB29 -> 0.00735 | AU23: ='GHG data from Eurostat'!ED29 -> 0.00215 | AV23: ='GHG data from Eurostat'!EL29 -> 0 | AW23: =SUM(AR23:AV23) -> 0.01854 | AX23: =IFERROR(AR23*1000/AL23,0) -> 0.28886503 | AY23: =IFERROR(AS23*1000/AM23,0) -> 0.36333993 | AZ23: =IFERROR(AT23*1000/AN23,0) -> 0.87023443 | BA23: =IFERROR(AU23*1000/AO23,0) -> 5.2567237 | BB23: =IFERROR(AV23*1000/AP23,0) -> 0 | BD23: =ROUND(AX23,4) -> 0.2889 | BE23: =ROUND(AY23,4) -> 0.3633 | BF23: =ROUND(AZ23,4) -> 0.8702 | BG23: =ROUND(BA23,4) -> 5.2567 | BH23: =ROUND(BB23,4) -> 0 | BJ23: =AJ23 -> Denmark | BK23: **CH4 | BL23: ='GHG data from Eurostat'!EP29 -> 0
A24: Netherlands | B24: 3.5727 | C24: 3.69 | D24: 3.711 | E24: 0.1261 | G24: Denmark | H24: N2O | I24: =VLOOKUP($G24,$A$5:$E$32,2,FALSE) -> 3.7926 | J24: =VLOOKUP($G24,$A$5:$E$32,3,FALSE) -> 1.53 | K24: =VLOOKUP($G24,$A$5:$E$32,4,FALSE) -> 1.458 | L24: =VLOOKUP($G24,$A$5:$E$32,5,FALSE) -> 0.015681 | M24: ='GHG data from Eurostat'!CP30 -> 0 | N24: ='GHG data from Eurostat'!CN30 -> 0 | O24: ='GHG data from Eurostat'!CQ30 -> 0 | P24: ='GHG data from Eurostat'!CO30 -> 0 | Q24: ='GHG data from Eurostat'!CU30 -> 0.00084 | R24: =IFERROR(('GHG data from Eurostat'!CS30+'GHG data from Eurostat'!CW30),0) -> 0.00164 | S24: ='GHG data from Eurostat'!CV30 -> 0.00022 | T24: ='GHG data from Eurostat'!CT30 -> 1e-05 | U24: =(Q24+M24)*1000 -> 0.84 | V24: =(R24+N24)*1000 -> 1.64 | W24: =(S24+O24)*1000 -> 0.22 | X24: =(T24+P24)*1000 -> 0.01 | Y24: =SUM(U24:X24) -> 2.71 | Z24: =IFERROR((M24+Q24)*1000/I24,0) -> 0.22148394 | AA24: =IFERROR((N24+R24)*1000/J24,0) -> 1.0718954 | AB24: =IFERROR((O24+S24)*1000/K24,0) -> 0.15089163 | AC24: =IFERROR((P24+T24)*1000/L24,0) -> 0.63771443 | AE24: =ROUND(Z24,3) -> 0.221 | AF24: =ROUND(AA24,3) -> 1.072 | AG24: =ROUND(AB24,3) -> 0.151 | AH24: =ROUND(AC24,3) -> 0.638 | AJ24: Denmark | AK24: N2O | AL24: =VLOOKUP($AJ24,Landcover!$A$3:$K$30,5,FALSE)/1000 -> 20.494 | AM24: =VLOOKUP($AJ24,Landcover!$A$3:$K$30,6,FALSE)/1000 -> 8.587 | AN24: =VLOOKUP($AJ24,Landcover!$A$3:$K$30,8,FALSE)/1000 -> 8.446 | AO24: =VLOOKUP($AJ24,Landcover!$A$3:$K$30,11,FALSE)/1000 -> 0.409 | AP24: =VLOOKUP($AJ24,Landcover!$A$3:$K$30,7,FALSE)/1000 -> 0.829 | AR24: =SUM('GHG data from Eurostat'!CX30,'GHG data from Eurostat'!DC30,'GHG data from Eurostat'!DG30,'GHG data from Eurostat'!DM30,'GHG data from Eurostat'!DP30,'GHG data from Eurostat'!DV30) -> 0.01443 | AS24: ='GHG data from Eurostat'!DS30+'GHG data from Eurostat'!DT30 -> 0.00016 | AT24: ='GHG data from Eurostat'!EA30+'GHG data from Eurostat'!EB30 -> 0 | AU24: ='GHG data from Eurostat'!ED30 -> 0 | AV24: ='GHG data from Eurostat'!EL30 -> 0 | AW24: =SUM(AR24:AV24) -> 0.01459 | AX24: =IFERROR(AR24*1000/AL24,0) -> 0.70410852 | AY24: =IFERROR(AS24*1000/AM24,0) -> 0.018632817 | AZ24: =IFERROR(AT24*1000/AN24,0) -> 0 | BA24: =IFERROR(AU24*1000/AO24,0) -> 0 | BB24: =IFERROR(AV24*1000/AP24,0) -> 0 | BD24: =ROUND(AX24,4) -> 0.7041 | BE24: =ROUND(AY24,4) -> 0.0186 | BF24: =ROUND(AZ24,4) -> 0 | BG24: =ROUND(BA24,4) -> 0 | BH24: =ROUND(BB24,4) -> 0 | BJ24: =AJ24 -> Denmark | BK24: **N2O | BL24: ='GHG data from Eurostat'!EP30 -> 0
A25: Austria | B25: 0.832971 | C25: 1.91281 | D25: 1.444 | E25: 0.049788 | G25: Germany | H25: CO2e | I25: =VLOOKUP($G25,$A$5:$E$32,2,FALSE) -> 7.93362 | J25: =VLOOKUP($G25,$A$5:$E$32,3,FALSE) -> 11.94909 | K25: =VLOOKUP($G25,$A$5:$E$32,4,FALSE) -> 9.935 | L25: =VLOOKUP($G25,$A$5:$E$32,5,FALSE) -> 0.17159 | M25: ='GHG data from Eurostat'!CP31 -> 0.7211 | N25: ='GHG data from Eurostat'!CN31 -> 25.9242 | O25: ='GHG data from Eurostat'!CQ31 -> 0.7758 | P25: ='GHG data from Eurostat'!CO31 -> 0.36904 | Q25: ='GHG data from Eurostat'!CU31 -> 2.89968 | R25: =IFERROR(('GHG data from Eurostat'!CS31+'GHG data from Eurostat'!CW31),0) -> 6.89952 | S25: ='GHG data from Eurostat'!CV31 -> 0.59082 | T25: ='GHG data from Eurostat'!CT31 -> 0.04269 | U25: =Q25+M25 -> 3.62078 | V25: =R25+N25 -> 32.82372 | W25: =S25+O25 -> 1.36662 | X25: =T25+P25 -> 0.41173 | Y25: =SUM(U25:X25) -> 38.22285 | Z25: =(M25+Q25)/I25 -> 0.45638435 | AA25: =(N25+R25)/J25 -> 2.746964 | AB25: =(O25+S25)/K25 -> 0.13755611 | AC25: =(P25+T25)/L25 -> 2.3994988 | AE25: =ROUND(Z25,3) -> 0.456 | AF25: =ROUND(AA25,3) -> 2.747 | AG25: =ROUND(AB25,3) -> 0.138 | AH25: =ROUND(AC25,3) -> 2.399 | AJ25: Germany | AK25: CO2e | AL25: =VLOOKUP($AJ25,Landcover!$A$3:$K$30,5,FALSE)/1000 -> 115.399 | AM25: =VLOOKUP($AJ25,Landcover!$A$3:$K$30,6,FALSE)/1000 -> 123.766 | AN25: =VLOOKUP($AJ25,Landcover!$A$3:$K$30,8,FALSE)/1000 -> 74.218 | AO25: =VLOOKUP($AJ25,Landcover!$A$3:$K$30,11,FALSE)/1000 -> 2.017 | AP25: =VLOOKUP($AJ25,Landcover!$A$3:$K$30,7,FALSE)/1000 -> 3.836 | AR25: =SUM('GHG data from Eurostat'!CX31,'GHG data from Eurostat'!DC31,'GHG data from Eurostat'!DG31,'GHG data from Eurostat'!DM31,'GHG data from Eurostat'!DP31,'GHG data from Eurostat'!DV31) -> 44.62494 | AS25: ='GHG data from Eurostat'!DS31+'GHG data from Eurostat'!DT31 -> 23.7252 | AT25: ='GHG data from Eurostat'!EA31+'GHG data from Eurostat'!EB31 -> 34.03369 | AU25: ='GHG data from Eurostat'!ED31 -> 10.77029 | AV25: ='GHG data from Eurostat'!EL31 -> 0 | AW25: =SUM(AR25:AV25) -> 113.15412 | AX25: =AR25/AL25 -> 0.38670127 | AY25: =AS25/AM25 -> 0.191694 | AZ25: =AT25/AN25 -> 0.45856383 | BA25: =AU25/AO25 -> 5.3397571 | BB25: =AV25/AP25 -> 0 | BD25: =ROUND(AX25,4) -> 0.3867 | BE25: =ROUND(AY25,4) -> 0.1917 | BF25: =ROUND(AZ25,4) -> 0.4586 | BG25: =ROUND(BA25,4) -> 5.3398 | BH25: =ROUND(BB25,4) -> 0 | BJ25: =AJ25 -> Germany | BK25: **CO2e | BL25: ='GHG data from Eurostat'!EP31 -> -4.62219
A26: Poland | B26: 3.30831 | C26: 6.1833 | D26: 17.118 | E26: 0.031844 | G26: Germany | H26: CO2 | I26: =VLOOKUP($G26,$A$5:$E$32,2,FALSE) -> 7.93362 | J26: =VLOOKUP($G26,$A$5:$E$32,3,FALSE) -> 11.94909 | K26: =VLOOKUP($G26,$A$5:$E$32,4,FALSE) -> 9.935 | L26: =VLOOKUP($G26,$A$5:$E$32,5,FALSE) -> 0.17159 | M26: ='GHG data from Eurostat'!CP32 -> 0 | N26: ='GHG data from Eurostat'!CN32 -> 0 | O26: ='GHG data from Eurostat'!CQ32 -> 0 | P26: ='GHG data from Eurostat'!CO32 -> 0 | Q26: ='GHG data from Eurostat'!CU32 -> 0 | R26: =IFERROR(('GHG data from Eurostat'!CS32+'GHG data from Eurostat'!CW32),0) -> 0 | S26: ='GHG data from Eurostat'!CV32 -> 0 | T26: ='GHG data from Eurostat'!CT32 -> 0 | U26: =Q26+M26 -> 0 | V26: =R26+N26 -> 0 | W26: =S26+O26 -> 0 | X26: =T26+P26 -> 0 | Y26: =SUM(U26:X26) -> 0 | Z26: =(M26+Q26)/I26 -> 0 | AA26: =(N26+R26)/J26 -> 0 | AB26: =(O26+S26)/K26 -> 0 | AC26: =(P26+T26)/L26 -> 0 | AE26: =ROUND(Z26,3) -> 0 | AF26: =ROUND(AA26,3) -> 0 | AG26: =ROUND(AB26,3) -> 0 | AH26: =ROUND(AC26,3) -> 0 | AJ26: Germany | AK26: CO2 | AL26: =VLOOKUP($AJ26,Landcover!$A$3:$K$30,5,FALSE)/1000 -> 115.399 | AM26: =VLOOKUP($AJ26,Landcover!$A$3:$K$30,6,FALSE)/1000 -> 123.766 | AN26: =VLOOKUP($AJ26,Landcover!$A$3:$K$30,8,FALSE)/1000 -> 74.218 | AO26: =VLOOKUP($AJ26,Landcover!$A$3:$K$30,11,FALSE)/1000 -> 2.017 | AP26: =VLOOKUP($AJ26,Landcover!$A$3:$K$30,7,FALSE)/1000 -> 3.836 | AR26: =SUM('GHG data from Eurostat'!CX32,'GHG data from Eurostat'!DC32,'GHG data from Eurostat'!DG32,'GHG data from Eurostat'!DM32,'GHG data from Eurostat'!DP32,'GHG data from Eurostat'!DV32) -> 24.75877 | AS26: ='GHG data from Eurostat'!DS32+'GHG data from Eurostat'!DT32 -> 23.02937 | AT26: ='GHG data from Eurostat'!EA32+'GHG data from Eurostat'!EB32 -> 32.77594 | AU26: ='GHG data from Eurostat'!ED32 -> 5.33695 | AV26: ='GHG data from Eurostat'!EL32 -> 0 | AW26: =SUM(AR26:AV26) -> 85.90103 | AX26: =AR26/AL26 -> 0.21454926 | AY26: =AS26/AM26 -> 0.18607186 | AZ26: =AT26/AN26 -> 0.44161713 | BA26: =AU26/AO26 -> 2.6459841 | BB26: =AV26/AP26 -> 0 | BD26: =ROUND(AX26,4) -> 0.2145 | BE26: =ROUND(AY26,4) -> 0.1861 | BF26: =ROUND(AZ26,4) -> 0.4416 | BG26: =ROUND(BA26,4) -> 2.646 | BH26: =ROUND(BB26,4) -> 0 | BJ26: =AJ26 -> Germany | BK26: **CO2 | BL26: ='GHG data from Eurostat'!EP32 -> -4.62219
A27: Portugal | B27: 0.661515 | C27: 1.63242 | D27: 3.062 | E27: 0.254038 | G27: Germany | H27: CH4 | I27: =VLOOKUP($G27,$A$5:$E$32,2,FALSE) -> 7.93362 | J27: =VLOOKUP($G27,$A$5:$E$32,3,FALSE) -> 11.94909 | K27: =VLOOKUP($G27,$A$5:$E$32,4,FALSE) -> 9.935 | L27: =VLOOKUP($G27,$A$5:$E$32,5,FALSE) -> 0.17159 | M27: ='GHG data from Eurostat'!CP33 -> 0.02575 | N27: ='GHG data from Eurostat'!CN33 -> 0.92586 | O27: ='GHG data from Eurostat'!CQ33 -> 0.02771 | P27: ='GHG data from Eurostat'!CO33 -> 0.01318 | Q27: ='GHG data from Eurostat'!CU33 -> 0.08997 | R27: =IFERROR(('GHG data from Eurostat'!CS33+'GHG data from Eurostat'!CW33),0) -> 0.1535 | S27: ='GHG data from Eurostat'!CV33 -> 0.00924 | T27: ='GHG data from Eurostat'!CT33 -> 0.00051 | U27: =(Q27+M27)*1000 -> 115.72 | V27: =(R27+N27)*1000 -> 1079.36 | W27: =(S27+O27)*1000 -> 36.95 | X27: =(T27+P27)*1000 -> 13.69 | Y27: =SUM(U27:X27) -> 1245.72 | Z27: =IFERROR((M27+Q27)*1000/I27,0) -> 14.586028 | AA27: =IFERROR((N27+R27)*1000/J27,0) -> 90.329891 | AB27: =IFERROR((O27+S27)*1000/K27,0) -> 3.7191746 | AC27: =IFERROR((P27+T27)*1000/L27,0) -> 79.783204 | AE27: =ROUND(Z27,3) -> 14.586 | AF27: =ROUND(AA27,3) -> 90.33 | AG27: =ROUND(AB27,3) -> 3.719 | AH27: =ROUND(AC27,3) -> 79.783 | AJ27: Germany | AK27: CH4 | AL27: =VLOOKUP($AJ27,Landcover!$A$3:$K$30,5,FALSE)/1000 -> 115.399 | AM27: =VLOOKUP($AJ27,Landcover!$A$3:$K$30,6,FALSE)/1000 -> 123.766 | AN27: =VLOOKUP($AJ27,Landcover!$A$3:$K$30,8,FALSE)/1000 -> 74.218 | AO27: =VLOOKUP($AJ27,Landcover!$A$3:$K$30,11,FALSE)/1000 -> 2.017 | AP27: =VLOOKUP($AJ27,Landcover!$A$3:$K$30,7,FALSE)/1000 -> 3.836 | AR27: =SUM('GHG data from Eurostat'!CX33,'GHG data from Eurostat'!DC33,'GHG data from Eurostat'!DG33,'GHG data from Eurostat'!DM33,'GHG data from Eurostat'!DP33,'GHG data from Eurostat'!DV33) -> 0.05627 | AS27: ='GHG data from Eurostat'!DS33+'GHG data from Eurostat'!DT33 -> 0.00225 | AT27: ='GHG data from Eurostat'!EA33+'GHG data from Eurostat'!EB33 -> 0.04182 | AU27: ='GHG data from Eurostat'!ED33 -> 0.19271 | AV27: ='GHG data from Eurostat'!EL33 -> 0 | AW27: =SUM(AR27:AV27)*1000 -> 293.05 | AX27: =IFERROR(AR27*1000/AL27,0) -> 0.48761254 | AY27: =IFERROR(AS27*1000/AM27,0) -> 0.018179468 | AZ27: =IFERROR(AT27*1000/AN27,0) -> 0.56347517 | BA27: =IFERROR(AU27*1000/AO27,0) -> 95.542885 | BB27: =IFERROR(AV27*1000/AP27,0) -> 0 | BD27: =ROUND(AX27,4) -> 0.4876 | BE27: =ROUND(AY27,4) -> 0.0182 | BF27: =ROUND(AZ27,4) -> 0.5635 | BG27: =ROUND(BA27,4) -> 95.5429 | BH27: =ROUND(BB27,4) -> 0 | BJ27: =AJ27 -> Germany | BK27: **CH4 | BL27: ='GHG data from Eurostat'!EP33 -> 0
A28: Romania | B28: 1.17759 | C28: 1.9772 | D28: 3.704 | E28: 1.17157 | G28: Germany | H28: N2O | I28: =VLOOKUP($G28,$A$5:$E$32,2,FALSE) -> 7.93362 | J28: =VLOOKUP($G28,$A$5:$E$32,3,FALSE) -> 11.94909 | K28: =VLOOKUP($G28,$A$5:$E$32,4,FALSE) -> 9.935 | L28: =VLOOKUP($G28,$A$5:$E$32,5,FALSE) -> 0.17159 | M28: ='GHG data from Eurostat'!CP34 -> 0 | N28: ='GHG data from Eurostat'!CN34 -> 0 | O28: ='GHG data from Eurostat'!CQ34 -> 0 | P28: ='GHG data from Eurostat'!CO34 -> 0 | Q28: ='GHG data from Eurostat'!CU34 -> 0.00144 | R28: =IFERROR(('GHG data from Eurostat'!CS34+'GHG data from Eurostat'!CW34),0) -> 0.00982 | S28: ='GHG data from Eurostat'!CV34 -> 0.00125 | T28: ='GHG data from Eurostat'!CT34 -> 0.00011 | U28: =(Q28+M28)*1000 -> 1.44 | V28: =(R28+N28)*1000 -> 9.82 | W28: =(S28+O28)*1000 -> 1.25 | X28: =(T28+P28)*1000 -> 0.11 | Y28: =SUM(U28:X28) -> 12.62 | Z28: =IFERROR((M28+Q28)*1000/I28,0) -> 0.18150605 | AA28: =IFERROR((N28+R28)*1000/J28,0) -> 0.8218199 | AB28: =IFERROR((O28+S28)*1000/K28,0) -> 0.12581782 | AC28: =IFERROR((P28+T28)*1000/L28,0) -> 0.641063 | AE28: =ROUND(Z28,3) -> 0.182 | AF28: =ROUND(AA28,3) -> 0.822 | AG28: =ROUND(AB28,3) -> 0.126 | AH28: =ROUND(AC28,3) -> 0.641 | AJ28: Germany | AK28: N2O | AL28: =VLOOKUP($AJ28,Landcover!$A$3:$K$30,5,FALSE)/1000 -> 115.399 | AM28: =VLOOKUP($AJ28,Landcover!$A$3:$K$30,6,FALSE)/1000 -> 123.766 | AN28: =VLOOKUP($AJ28,Landcover!$A$3:$K$30,8,FALSE)/1000 -> 74.218 | AO28: =VLOOKUP($AJ28,Landcover!$A$3:$K$30,11,FALSE)/1000 -> 2.017 | AP28: =VLOOKUP($AJ28,Landcover!$A$3:$K$30,7,FALSE)/1000 -> 3.836 | AR28: =SUM('GHG data from Eurostat'!CX34,'GHG data from Eurostat'!DC34,'GHG data from Eurostat'!DG34,'GHG data from Eurostat'!DM34,'GHG data from Eurostat'!DP34,'GHG data from Eurostat'!DV34) -> 0.06902 | AS28: ='GHG data from Eurostat'!DS34+'GHG data from Eurostat'!DT34 -> 0.00239 | AT28: ='GHG data from Eurostat'!EA34+'GHG data from Eurostat'!EB34 -> 0.00033 | AU28: ='GHG data from Eurostat'!ED34 -> 0.00014 | AV28: ='GHG data from Eurostat'!EL34 -> 0 | AW28: =SUM(AR28:AV28) -> 0.07188 | AX28: =IFERROR(AR28*1000/AL28,0) -> 0.59809877 | AY28: =IFERROR(AS28*1000/AM28,0) -> 0.019310635 | AZ28: =IFERROR(AT28*1000/AN28,0) -> 0.0044463607 | BA28: =IFERROR(AU28*1000/AO28,0) -> 0.069410015 | BB28: =IFERROR(AV28*1000/AP28,0) -> 0 | BD28: =ROUND(AX28,4) -> 0.5981 | BE28: =ROUND(AY28,4) -> 0.0193 | BF28: =ROUND(AZ28,4) -> 0.0044 | BG28: =ROUND(BA28,4) -> 0.0694 | BH28: =ROUND(BB28,4) -> 0 | BJ28: =AJ28 -> Germany | BK28: **N2O | BL28: ='GHG data from Eurostat'!EP34 -> 0
A29: Slovenia | B29: 0.077739 | C29: 0.47681 | D29: 0.535 | E29: 0.013462 | G29: Estonia | H29: CO2e | I29: =VLOOKUP($G29,$A$5:$E$32,2,FALSE) -> 0.08712 | J29: =VLOOKUP($G29,$A$5:$E$32,3,FALSE) -> 0.2519 | K29: =VLOOKUP($G29,$A$5:$E$32,4,FALSE) -> 0.341 | L29: =VLOOKUP($G29,$A$5:$E$32,5,FALSE) -> 0.00783 | M29: ='GHG data from Eurostat'!CP35 -> 0.00918 | N29: ='GHG data from Eurostat'!CN35 -> 0.58787 | O29: ='GHG data from Eurostat'!CQ35 -> 0.00384 | P29: ='GHG data from Eurostat'!CO35 -> 0.01922 | Q29: ='GHG data from Eurostat'!CU35 -> 0.04783 | R29: =IFERROR(('GHG data from Eurostat'!CS35+'GHG data from Eurostat'!CW35),0) -> 0.16292 | S29: ='GHG data from Eurostat'!CV35 -> 0.00652 | T29: ='GHG data from Eurostat'!CT35 -> 0.00184 | U29: =Q29+M29 -> 0.05701 | V29: =R29+N29 -> 0.75079 | W29: =S29+O29 -> 0.01036 | X29: =T29+P29 -> 0.02106 | Y29: =SUM(U29:X29) -> 0.83922 | Z29: =(M29+Q29)/I29 -> 0.65438476 | AA29: =(N29+R29)/J29 -> 2.9805081 | AB29: =(O29+S29)/K29 -> 0.030381232 | AC29: =(P29+T29)/L29 -> 2.6896552 | AE29: =ROUND(Z29,3) -> 0.654 | AF29: =ROUND(AA29,3) -> 2.981 | AG29: =ROUND(AB29,3) -> 0.03 | AH29: =ROUND(AC29,3) -> 2.69 | AJ29: Estonia | AK29: CO2e | AL29: =VLOOKUP($AJ29,Landcover!$A$3:$K$30,5,FALSE)/1000 -> 5.843 | AM29: =VLOOKUP($AJ29,Landcover!$A$3:$K$30,6,FALSE)/1000 -> 26.277 | AN29: =VLOOKUP($AJ29,Landcover!$A$3:$K$30,8,FALSE)/1000 -> 7.339 | AO29: =VLOOKUP($AJ29,Landcover!$A$3:$K$30,11,FALSE)/1000 -> 2.234 | AP29: =VLOOKUP($AJ29,Landcover!$A$3:$K$30,7,FALSE)/1000 -> 0.349 | AR29: =SUM('GHG data from Eurostat'!CX35,'GHG data from Eurostat'!DC35,'GHG data from Eurostat'!DG35,'GHG data from Eurostat'!DM35,'GHG data from Eurostat'!DP35,'GHG data from Eurostat'!DV35) -> 1.18866 | AS29: ='GHG data from Eurostat'!DS35+'GHG data from Eurostat'!DT35 -> 3.00741 | AT29: ='GHG data from Eurostat'!EA35+'GHG data from Eurostat'!EB35 -> -0.09579 | AU29: ='GHG data from Eurostat'!ED35 -> 1.14287 | AV29: ='GHG data from Eurostat'!EL35 -> 0.07801 | AW29: =SUM(AR29:AV29) -> 5.32116 | AX29: =AR29/AL29 -> 0.20343317 | AY29: =AS29/AM29 -> 0.11445028 | AZ29: =AT29/AN29 -> -0.013052187 | BA29: =AU29/AO29 -> 0.51158013 | BB29: =AV29/AP29 -> 0.22352436 | BD29: =ROUND(AX29,4) -> 0.2034 | BE29: =ROUND(AY29,4) -> 0.1145 | BF29: =ROUND(AZ29,4) -> -0.0131 | BG29: =ROUND(BA29,4) -> 0.5116 | BH29: =ROUND(BB29,4) -> 0.2235 | BJ29: =AJ29 -> Estonia | BK29: **CO2e | BL29: ='GHG data from Eurostat'!EP35 -> -1.09505
A30: Slovakia | B30: 0.188106 | C30: 0.43886 | D30: 0.662 | E30: 0.038803 | G30: Estonia | H30: CO2 | I30: =VLOOKUP($G30,$A$5:$E$32,2,FALSE) -> 0.08712 | J30: =VLOOKUP($G30,$A$5:$E$32,3,FALSE) -> 0.2519 | K30: =VLOOKUP($G30,$A$5:$E$32,4,FALSE) -> 0.341 | L30: =VLOOKUP($G30,$A$5:$E$32,5,FALSE) -> 0.00783 | M30: ='GHG data from Eurostat'!CP36 -> 0 | N30: ='GHG data from Eurostat'!CN36 -> 0 | O30: ='GHG data from Eurostat'!CQ36 -> 0 | P30: ='GHG data from Eurostat'!CO36 -> 0 | Q30: ='GHG data from Eurostat'!CU36 -> 0 | R30: =IFERROR(('GHG data from Eurostat'!CS36+'GHG data from Eurostat'!CW36),0) -> 0 | S30: ='GHG data from Eurostat'!CV36 -> 0 | T30: ='GHG data from Eurostat'!CT36 -> 0 | U30: =Q30+M30 -> 0 | V30: =R30+N30 -> 0 | W30: =S30+O30 -> 0 | X30: =T30+P30 -> 0 | Y30: =SUM(U30:X30) -> 0 | Z30: =(M30+Q30)/I30 -> 0 | AA30: =(N30+R30)/J30 -> 0 | AB30: =(O30+S30)/K30 -> 0 | AC30: =(P30+T30)/L30 -> 0 | AE30: =ROUND(Z30,3) -> 0 | AF30: =ROUND(AA30,3) -> 0 | AG30: =ROUND(AB30,3) -> 0 | AH30: =ROUND(AC30,3) -> 0 | AJ30: Estonia | AK30: CO2 | AL30: =VLOOKUP($AJ30,Landcover!$A$3:$K$30,5,FALSE)/1000 -> 5.843 | AM30: =VLOOKUP($AJ30,Landcover!$A$3:$K$30,6,FALSE)/1000 -> 26.277 | AN30: =VLOOKUP($AJ30,Landcover!$A$3:$K$30,8,FALSE)/1000 -> 7.339 | AO30: =VLOOKUP($AJ30,Landcover!$A$3:$K$30,11,FALSE)/1000 -> 2.234 | AP30: =VLOOKUP($AJ30,Landcover!$A$3:$K$30,7,FALSE)/1000 -> 0.349 | AR30: =SUM('GHG data from Eurostat'!CX36,'GHG data from Eurostat'!DC36,'GHG data from Eurostat'!DG36,'GHG data from Eurostat'!DM36,'GHG data from Eurostat'!DP36,'GHG data from Eurostat'!DV36) -> 0.56107 | AS30: ='GHG data from Eurostat'!DS36+'GHG data from Eurostat'!DT36 -> 2.36518 | AT30: ='GHG data from Eurostat'!EA36+'GHG data from Eurostat'!EB36 -> -0.09588 | AU30: ='GHG data from Eurostat'!ED36 -> 1.14062 | AV30: ='GHG data from Eurostat'!EL36 -> 0.07662 | AW30: =SUM(AR30:AV30) -> 4.04761 | AX30: =AR30/AL30 -> 0.096024303 | AY30: =AS30/AM30 -> 0.090009514 | AZ30: =AT30/AN30 -> -0.01306445 | BA30: =AU30/AO30 -> 0.51057296 | BB30: =AV30/AP30 -> 0.21954155 | BD30: =ROUND(AX30,4) -> 0.096 | BE30: =ROUND(AY30,4) -> 0.09 | BF30: =ROUND(AZ30,4) -> -0.0131 | BG30: =ROUND(BA30,4) -> 0.5106 | BH30: =ROUND(BB30,4) -> 0.2195 | BJ30: =AJ30 -> Estonia | BK30: **CO2 | BL30: ='GHG data from Eurostat'!EP36 -> -1.09505
A31: Finland | B31: 0.31236 | C31: 0.85938 | D31: 1.082 | E31: 0.015081 | G31: Estonia | H31: CH4 | I31: =VLOOKUP($G31,$A$5:$E$32,2,FALSE) -> 0.08712 | J31: =VLOOKUP($G31,$A$5:$E$32,3,FALSE) -> 0.2519 | K31: =VLOOKUP($G31,$A$5:$E$32,4,FALSE) -> 0.341 | L31: =VLOOKUP($G31,$A$5:$E$32,5,FALSE) -> 0.00783 | M31: ='GHG data from Eurostat'!CP37 -> 0.00033 | N31: ='GHG data from Eurostat'!CN37 -> 0.021 | O31: ='GHG data from Eurostat'!CQ37 -> 0.00014 | P31: ='GHG data from Eurostat'!CO37 -> 0.00069 | Q31: ='GHG data from Eurostat'!CU37 -> 0.00169 | R31: =IFERROR(('GHG data from Eurostat'!CS37+'GHG data from Eurostat'!CW37),0) -> 0.00394 | S31: ='GHG data from Eurostat'!CV37 -> 0.0001 | T31: ='GHG data from Eurostat'!CT37 -> 2e-05 | U31: =(Q31+M31)*1000 -> 2.02 | V31: =(R31+N31)*1000 -> 24.94 | W31: =(S31+O31)*1000 -> 0.24 | X31: =(T31+P31)*1000 -> 0.71 | Y31: =SUM(U31:X31) -> 27.91 | Z31: =IFERROR((M31+Q31)*1000/I31,0) -> 23.18641 | AA31: =IFERROR((N31+R31)*1000/J31,0) -> 99.007543 | AB31: =IFERROR((O31+S31)*1000/K31,0) -> 0.70381232 | AC31: =IFERROR((P31+T31)*1000/L31,0) -> 90.676884 | AE31: =ROUND(Z31,3) -> 23.186 | AF31: =ROUND(AA31,3) -> 99.008 | AG31: =ROUND(AB31,3) -> 0.704 | AH31: =ROUND(AC31,3) -> 90.677 | AJ31: Estonia | AK31: CH4 | AL31: =VLOOKUP($AJ31,Landcover!$A$3:$K$30,5,FALSE)/1000 -> 5.843 | AM31: =VLOOKUP($AJ31,Landcover!$A$3:$K$30,6,FALSE)/1000 -> 26.277 | AN31: =VLOOKUP($AJ31,Landcover!$A$3:$K$30,8,FALSE)/1000 -> 7.339 | AO31: =VLOOKUP($AJ31,Landcover!$A$3:$K$30,11,FALSE)/1000 -> 2.234 | AP31: =VLOOKUP($AJ31,Landcover!$A$3:$K$30,7,FALSE)/1000 -> 0.349 | AR31: =SUM('GHG data from Eurostat'!CX37,'GHG data from Eurostat'!DC37,'GHG data from Eurostat'!DG37,'GHG data from Eurostat'!DM37,'GHG data from Eurostat'!DP37,'GHG data from Eurostat'!DV37) -> 0 | AS31: ='GHG data from Eurostat'!DS37+'GHG data from Eurostat'!DT37 -> 0.00563 | AT31: ='GHG data from Eurostat'!EA37+'GHG data from Eurostat'!EB37 -> 0 | AU31: ='GHG data from Eurostat'!ED37 -> 0 | AV31: ='GHG data from Eurostat'!EL37 -> 0 | AW31: =SUM(AR31:AV31) -> 0.00563 | AX31: =IFERROR(AR31*1000/AL31,0) -> 0 | AY31: =IFERROR(AS31*1000/AM31,0) -> 0.21425581 | AZ31: =IFERROR(AT31*1000/AN31,0) -> 0 | BA31: =IFERROR(AU31*1000/AO31,0) -> 0 | BB31: =IFERROR(AV31*1000/AP31,0) -> 0 | BD31: =ROUND(AX31,4) -> 0 | BE31: =ROUND(AY31,4) -> 0.2143 | BF31: =ROUND(AZ31,4) -> 0 | BG31: =ROUND(BA31,4) -> 0 | BH31: =ROUND(BB31,4) -> 0 | BJ31: =AJ31 -> Estonia | BK31: **CH4 | BL31: ='GHG data from Eurostat'!EP37 -> 0
A32: Sweden | B32: 0.42516 | C32: 1.43545 | D32: 1.447 | E32: 0.037852 | G32: Estonia | H32: N2O | I32: =VLOOKUP($G32,$A$5:$E$32,2,FALSE) -> 0.08712 | J32: =VLOOKUP($G32,$A$5:$E$32,3,FALSE) -> 0.2519 | K32: =VLOOKUP($G32,$A$5:$E$32,4,FALSE) -> 0.341 | L32: =VLOOKUP($G32,$A$5:$E$32,5,FALSE) -> 0.00783 | M32: ='GHG data from Eurostat'!CP38 -> 0 | N32: ='GHG data from Eurostat'!CN38 -> 0 | O32: ='GHG data from Eurostat'!CQ38 -> 0 | P32: ='GHG data from Eurostat'!CO38 -> 0 | Q32: ='GHG data from Eurostat'!CU38 -> 0 | R32: =IFERROR(('GHG data from Eurostat'!CS38+'GHG data from Eurostat'!CW38),0) -> 0.00019 | S32: ='GHG data from Eurostat'!CV38 -> 1e-05 | T32: ='GHG data from Eurostat'!CT38 -> 1e-05 | U32: =(Q32+M32)*1000 -> 0 | V32: =(R32+N32)*1000 -> 0.19 | W32: =(S32+O32)*1000 -> 0.01 | X32: =(T32+P32)*1000 -> 0.01 | Y32: =SUM(U32:X32) -> 0.21 | Z32: =IFERROR((M32+Q32)*1000/I32,0) -> 0 | AA32: =IFERROR((N32+R32)*1000/J32,0) -> 0.75426757 | AB32: =IFERROR((O32+S32)*1000/K32,0) -> 0.029325513 | AC32: =IFERROR((P32+T32)*1000/L32,0) -> 1.2771392 | AE32: =ROUND(Z32,3) -> 0 | AF32: =ROUND(AA32,3) -> 0.754 | AG32: =ROUND(AB32,3) -> 0.029 | AH32: =ROUND(AC32,3) -> 1.277 | AJ32: Estonia | AK32: N2O | AL32: =VLOOKUP($AJ32,Landcover!$A$3:$K$30,5,FALSE)/1000 -> 5.843 | AM32: =VLOOKUP($AJ32,Landcover!$A$3:$K$30,6,FALSE)/1000 -> 26.277 | AN32: =VLOOKUP($AJ32,Landcover!$A$3:$K$30,8,FALSE)/1000 -> 7.339 | AO32: =VLOOKUP($AJ32,Landcover!$A$3:$K$30,11,FALSE)/1000 -> 2.234 | AP32: =VLOOKUP($AJ32,Landcover!$A$3:$K$30,7,FALSE)/1000 -> 0.349 | AR32: =SUM('GHG data from Eurostat'!CX38,'GHG data from Eurostat'!DC38,'GHG data from Eurostat'!DG38,'GHG data from Eurostat'!DM38,'GHG data from Eurostat'!DP38,'GHG data from Eurostat'!DV38) -> 0.00237 | AS32: ='GHG data from Eurostat'!DS38+'GHG data from Eurostat'!DT38 -> 0.00182 | AT32: ='GHG data from Eurostat'!EA38+'GHG data from Eurostat'!EB38 -> 0 | AU32: ='GHG data from Eurostat'!ED38 -> 1e-05 | AV32: ='GHG data from Eurostat'!EL38 -> 1e-05 | AW32: =SUM(AR32:AV32) -> 0.00421 | AX32: =IFERROR(AR32*1000/AL32,0) -> 0.40561355 | AY32: =IFERROR(AS32*1000/AM32,0) -> 0.069262092 | AZ32: =IFERROR(AT32*1000/AN32,0) -> 0 | BA32: =IFERROR(AU32*1000/AO32,0) -> 0.0044762757 | BB32: =IFERROR(AV32*1000/AP32,0) -> 0.028653295 | BD32: =ROUND(AX32,4) -> 0.4056 | BE32: =ROUND(AY32,4) -> 0.0693 | BF32: =ROUND(AZ32,4) -> 0 | BG32: =ROUND(BA32,4) -> 0.0045 | BH32: =ROUND(BB32,4) -> 0.0287 | BJ32: =AJ32 -> Estonia | BK32: **N2O | BL32: ='GHG data from Eurostat'!EP38 -> 0
G33: Ireland | H33: CO2e | I33: =VLOOKUP($G33,$A$5:$E$32,2,FALSE) -> 0.471645 | J33: =VLOOKUP($G33,$A$5:$E$32,3,FALSE) -> 6.59349 | K33: =VLOOKUP($G33,$A$5:$E$32,4,FALSE) -> 1.38 | L33: =VLOOKUP($G33,$A$5:$E$32,5,FALSE) -> 0.380725 | M33: ='GHG data from Eurostat'!CP39 -> 0.05385 | N33: ='GHG data from Eurostat'!CN39 -> 11.80862 | O33: ='GHG data from Eurostat'!CQ39 -> 0.04704 | P33: ='GHG data from Eurostat'!CO39 -> 1.00703 | Q33: ='GHG data from Eurostat'!CU39 -> 0.37686 | R33: =IFERROR(('GHG data from Eurostat'!CS39+'GHG data from Eurostat'!CW39),0) -> 2.02153 | S33: ='GHG data from Eurostat'!CV39 -> 0.12952 | T33: ='GHG data from Eurostat'!CT39 -> 0.03926 | U33: =Q33+M33 -> 0.43071 | V33: =R33+N33 -> 13.83015 | W33: =S33+O33 -> 0.17656 | X33: =T33+P33 -> 1.04629 | Y33: =SUM(U33:X33) -> 15.48371 | Z33: =(M33+Q33)/I33 -> 0.91320803 | AA33: =(N33+R33)/J33 -> 2.0975462 | AB33: =(O33+S33)/K33 -> 0.12794203 | AC33: =(P33+T33)/L33 -> 2.7481516 | AE33: =ROUND(Z33,3) -> 0.913 | AF33: =ROUND(AA33,3) -> 2.098 | AG33: =ROUND(AB33,3) -> 0.128 | AH33: =ROUND(AC33,3) -> 2.748 | AJ33: Ireland | AK33: CO2e | AL33: =VLOOKUP($AJ33,Landcover!$A$3:$K$30,5,FALSE)/1000 -> 3.818 | AM33: =VLOOKUP($AJ33,Landcover!$A$3:$K$30,6,FALSE)/1000 -> 9.882 | AN33: =VLOOKUP($AJ33,Landcover!$A$3:$K$30,8,FALSE)/1000 -> 40.334 | AO33: =VLOOKUP($AJ33,Landcover!$A$3:$K$30,11,FALSE)/1000 -> 3.478 | AP33: =VLOOKUP($AJ33,Landcover!$A$3:$K$30,7,FALSE)/1000 -> 7.157 | AR33: =SUM('GHG data from Eurostat'!CX39,'GHG data from Eurostat'!DC39,'GHG data from Eurostat'!DG39,'GHG data from Eurostat'!DM39,'GHG data from Eurostat'!DP39,'GHG data from Eurostat'!DV39) -> 5.00297 | AS33: ='GHG data from Eurostat'!DS39+'GHG data from Eurostat'!DT39 -> 0.7706 | AT33: ='GHG data from Eurostat'!EA39+'GHG data from Eurostat'!EB39 -> 3.97281 | AU33: ='GHG data from Eurostat'!ED39 -> 4.61204 | AV33: ='GHG data from Eurostat'!EL39 -> 0.01686 | AW33: =SUM(AR33:AV33) -> 14.37528 | AX33: =AR33/AL33 -> 1.3103641 | AY33: =AS33/AM33 -> 0.077980166 | AZ33: =AT33/AN33 -> 0.098497793 | BA33: =AU33/AO33 -> 1.326061 | BB33: =AV33/AP33 -> 0.0023557356 | BD33: =ROUND(AX33,4) -> 1.3104 | BE33: =ROUND(AY33,4) -> 0.078 | BF33: =ROUND(AZ33,4) -> 0.0985 | BG33: =ROUND(BA33,4) -> 1.3261 | BH33: =ROUND(BB33,4) -> 0.0024 | BJ33: =AJ33 -> Ireland | BK33: **CO2e | BL33: ='GHG data from Eurostat'!EP39 -> -0.82566
G34: Ireland | H34: CO2 | I34: =VLOOKUP($G34,$A$5:$E$32,2,FALSE) -> 0.471645 | J34: =VLOOKUP($G34,$A$5:$E$32,3,FALSE) -> 6.59349 | K34: =VLOOKUP($G34,$A$5:$E$32,4,FALSE) -> 1.38 | L34: =VLOOKUP($G34,$A$5:$E$32,5,FALSE) -> 0.380725 | M34: ='GHG data from Eurostat'!CP40 -> 0 | N34: ='GHG data from Eurostat'!CN40 -> 0 | O34: ='GHG data from Eurostat'!CQ40 -> 0 | P34: ='GHG data from Eurostat'!CO40 -> 0 | Q34: ='GHG data from Eurostat'!CU40 -> 0 | R34: =IFERROR(('GHG data from Eurostat'!CS40+'GHG data from Eurostat'!CW40),0) -> 0 | S34: ='GHG data from Eurostat'!CV40 -> 0 | T34: ='GHG data from Eurostat'!CT40 -> 0 | U34: =Q34+M34 -> 0 | V34: =R34+N34 -> 0 | W34: =S34+O34 -> 0 | X34: =T34+P34 -> 0 | Y34: =SUM(U34:X34) -> 0 | Z34: =(M34+Q34)/I34 -> 0 | AA34: =(N34+R34)/J34 -> 0 | AB34: =(O34+S34)/K34 -> 0 | AC34: =(P34+T34)/L34 -> 0 | AE34: =ROUND(Z34,3) -> 0 | AF34: =ROUND(AA34,3) -> 0 | AG34: =ROUND(AB34,3) -> 0 | AH34: =ROUND(AC34,3) -> 0 | AJ34: Ireland | AK34: CO2 | AL34: =VLOOKUP($AJ34,Landcover!$A$3:$K$30,5,FALSE)/1000 -> 3.818 | AM34: =VLOOKUP($AJ34,Landcover!$A$3:$K$30,6,FALSE)/1000 -> 9.882 | AN34: =VLOOKUP($AJ34,Landcover!$A$3:$K$30,8,FALSE)/1000 -> 40.334 | AO34: =VLOOKUP($AJ34,Landcover!$A$3:$K$30,11,FALSE)/1000 -> 3.478 | AP34: =VLOOKUP($AJ34,Landcover!$A$3:$K$30,7,FALSE)/1000 -> 7.157 | AR34: =SUM('GHG data from Eurostat'!CX40,'GHG data from Eurostat'!DC40,'GHG data from Eurostat'!DG40,'GHG data from Eurostat'!DM40,'GHG data from Eurostat'!DP40,'GHG data from Eurostat'!DV40) -> 0.30624 | AS34: ='GHG data from Eurostat'!DS40+'GHG data from Eurostat'!DT40 -> 0.25289 | AT34: ='GHG data from Eurostat'!EA40+'GHG data from Eurostat'!EB40 -> 1.32488 | AU34: ='GHG data from Eurostat'!ED40 -> 2.40531 | AV34: ='GHG data from Eurostat'!EL40 -> 0.01565 | AW34: =SUM(AR34:AV34) -> 4.30497 | AX34: =AR34/AL34 -> 0.080209534 | AY34: =AS34/AM34 -> 0.025590973 | AZ34: =AT34/AN34 -> 0.032847722 | BA34: =AU34/AO34 -> 0.69157849 | BB34: =AV34/AP34 -> 0.0021866704 | BD34: =ROUND(AX34,4) -> 0.0802 | BE34: =ROUND(AY34,4) -> 0.0256 | BF34: =ROUND(AZ34,4) -> 0.0328 | BG34: =ROUND(BA34,4) -> 0.6916 | BH34: =ROUND(BB34,4) -> 0.0022 | BJ34: =AJ34 -> Ireland | BK34: **CO2 | BL34: ='GHG data from Eurostat'!EP40 -> -0.82566
G35: Ireland | H35: CH4 | I35: =VLOOKUP($G35,$A$5:$E$32,2,FALSE) -> 0.471645 | J35: =VLOOKUP($G35,$A$5:$E$32,3,FALSE) -> 6.59349 | K35: =VLOOKUP($G35,$A$5:$E$32,4,FALSE) -> 1.38 | L35: =VLOOKUP($G35,$A$5:$E$32,5,FALSE) -> 0.380725 | M35: ='GHG data from Eurostat'!CP41 -> 0.00192 | N35: ='GHG data from Eurostat'!CN41 -> 0.42174 | O35: ='GHG data from Eurostat'!CQ41 -> 0.00168 | P35: ='GHG data from Eurostat'!CO41 -> 0.03597 | Q35: ='GHG data from Eurostat'!CU41 -> 0.01306 | R35: =IFERROR(('GHG data from Eurostat'!CS41+'GHG data from Eurostat'!CW41),0) -> 0.05276 | S35: ='GHG data from Eurostat'!CV41 -> 0.00406 | T35: ='GHG data from Eurostat'!CT41 -> 0.00086 | U35: =(Q35+M35)*1000 -> 14.98 | V35: =(R35+N35)*1000 -> 474.5 | W35: =(S35+O35)*1000 -> 5.74 | X35: =(T35+P35)*1000 -> 36.83 | Y35: =SUM(U35:X35) -> 532.05 | Z35: =IFERROR((M35+Q35)*1000/I35,0) -> 31.761176 | AA35: =IFERROR((N35+R35)*1000/J35,0) -> 71.964923 | AB35: =IFERROR((O35+S35)*1000/K35,0) -> 4.1594203 | AC35: =IFERROR((P35+T35)*1000/L35,0) -> 96.73649 | AE35: =ROUND(Z35,3) -> 31.761 | AF35: =ROUND(AA35,3) -> 71.965 | AG35: =ROUND(AB35,3) -> 4.159 | AH35: =ROUND(AC35,3) -> 96.736 | AJ35: Ireland | AK35: CH4 | AL35: =VLOOKUP($AJ35,Landcover!$A$3:$K$30,5,FALSE)/1000 -> 3.818 | AM35: =VLOOKUP($AJ35,Landcover!$A$3:$K$30,6,FALSE)/1000 -> 9.882 | AN35: =VLOOKUP($AJ35,Landcover!$A$3:$K$30,8,FALSE)/1000 -> 40.334 | AO35: =VLOOKUP($AJ35,Landcover!$A$3:$K$30,11,FALSE)/1000 -> 3.478 | AP35: =VLOOKUP($AJ35,Landcover!$A$3:$K$30,7,FALSE)/1000 -> 7.157 | AR35: =SUM('GHG data from Eurostat'!CX41,'GHG data from Eurostat'!DC41,'GHG data from Eurostat'!DG41,'GHG data from Eurostat'!DM41,'GHG data from Eurostat'!DP41,'GHG data from Eurostat'!DV41) -> 0 | AS35: ='GHG data from Eurostat'!DS41+'GHG data from Eurostat'!DT41 -> 0.00456 | AT35: ='GHG data from Eurostat'!EA41+'GHG data from Eurostat'!EB41 -> 0.09447 | AU35: ='GHG data from Eurostat'!ED41 -> 0.0777 | AV35: ='GHG data from Eurostat'!EL41 -> 0 | AW35: =SUM(AR35:AV35) -> 0.17673 | AX35: =IFERROR(AR35*1000/AL35,0) -> 0 | AY35: =IFERROR(AS35*1000/AM35,0) -> 0.46144505 | AZ35: =IFERROR(AT35*1000/AN35,0) -> 2.3421927 | BA35: =IFERROR(AU35*1000/AO35,0) -> 22.340426 | BB35: =IFERROR(AV35*1000/AP35,0) -> 0 | BD35: =ROUND(AX35,4) -> 0 | BE35: =ROUND(AY35,4) -> 0.4614 | BF35: =ROUND(AZ35,4) -> 2.3422 | BG35: =ROUND(BA35,4) -> 22.3404 | BH35: =ROUND(BB35,4) -> 0 | BJ35: =AJ35 -> Ireland | BK35: **CH4 | BL35: ='GHG data from Eurostat'!EP41 -> 0
G36: Ireland | H36: N2O | I36: =VLOOKUP($G36,$A$5:$E$32,2,FALSE) -> 0.471645 | J36: =VLOOKUP($G36,$A$5:$E$32,3,FALSE) -> 6.59349 | K36: =VLOOKUP($G36,$A$5:$E$32,4,FALSE) -> 1.38 | L36: =VLOOKUP($G36,$A$5:$E$32,5,FALSE) -> 0.380725 | M36: ='GHG data from Eurostat'!CP42 -> 0 | N36: ='GHG data from Eurostat'!CN42 -> 0 | O36: ='GHG data from Eurostat'!CQ42 -> 0 | P36: ='GHG data from Eurostat'!CO42 -> 0 | Q36: ='GHG data from Eurostat'!CU42 -> 4e-05 | R36: =IFERROR(('GHG data from Eurostat'!CS42+'GHG data from Eurostat'!CW42),0) -> 0.00205 | S36: ='GHG data from Eurostat'!CV42 -> 6e-05 | T36: ='GHG data from Eurostat'!CT42 -> 6e-05 | U36: =(Q36+M36)*1000 -> 0.04 | V36: =(R36+N36)*1000 -> 2.05 | W36: =(S36+O36)*1000 -> 0.06 | X36: =(T36+P36)*1000 -> 0.06 | Y36: =SUM(U36:X36) -> 2.21 | Z36: =IFERROR((M36+Q36)*1000/I36,0) -> 0.08480955 | AA36: =IFERROR((N36+R36)*1000/J36,0) -> 0.31091273 | AB36: =IFERROR((O36+S36)*1000/K36,0) -> 0.043478261 | AC36: =IFERROR((P36+T36)*1000/L36,0) -> 0.15759406 | AE36: =ROUND(Z36,3) -> 0.085 | AF36: =ROUND(AA36,3) -> 0.311 | AG36: =ROUND(AB36,3) -> 0.043 | AH36: =ROUND(AC36,3) -> 0.158 | AJ36: Ireland | AK36: N2O | AL36: =VLOOKUP($AJ36,Landcover!$A$3:$K$30,5,FALSE)/1000 -> 3.818 | AM36: =VLOOKUP($AJ36,Landcover!$A$3:$K$30,6,FALSE)/1000 -> 9.882 | AN36: =VLOOKUP($AJ36,Landcover!$A$3:$K$30,8,FALSE)/1000 -> 40.334 | AO36: =VLOOKUP($AJ36,Landcover!$A$3:$K$30,11,FALSE)/1000 -> 3.478 | AP36: =VLOOKUP($AJ36,Landcover!$A$3:$K$30,7,FALSE)/1000 -> 7.157 | AR36: =SUM('GHG data from Eurostat'!CX42,'GHG data from Eurostat'!DC42,'GHG data from Eurostat'!DG42,'GHG data from Eurostat'!DM42,'GHG data from Eurostat'!DP42,'GHG data from Eurostat'!DV42) -> 0.01772 | AS36: ='GHG data from Eurostat'!DS42+'GHG data from Eurostat'!DT42 -> 0.00148 | AT36: ='GHG data from Eurostat'!EA42+'GHG data from Eurostat'!EB42 -> 1e-05 | AU36: ='GHG data from Eurostat'!ED42 -> 0.00012 | AV36: ='GHG data from Eurostat'!EL42 -> 0 | AW36: =SUM(AR36:AV36) -> 0.01933 | AX36: =IFERROR(AR36*1000/AL36,0) -> 4.6411734 | AY36: =IFERROR(AS36*1000/AM36,0) -> 0.14976725 | AZ36: =IFERROR(AT36*1000/AN36,0) -> 0.00024792979 | BA36: =IFERROR(AU36*1000/AO36,0) -> 0.034502588 | BB36: =IFERROR(AV36*1000/AP36,0) -> 0 | BD36: =ROUND(AX36,4) -> 4.6412 | BE36: =ROUND(AY36,4) -> 0.1498 | BF36: =ROUND(AZ36,4) -> 0.0002 | BG36: =ROUND(BA36,4) -> 0.0345 | BH36: =ROUND(BB36,4) -> 0 | BJ36: =AJ36 -> Ireland | BK36: **N2O | BL36: ='GHG data from Eurostat'!EP42 -> 0
G37: Greece | H37: CO2e | I37: =VLOOKUP($G37,$A$5:$E$32,2,FALSE) -> 0.2163 | J37: =VLOOKUP($G37,$A$5:$E$32,3,FALSE) -> 0.542 | K37: =VLOOKUP($G37,$A$5:$E$32,4,FALSE) -> 1.891 | L37: =VLOOKUP($G37,$A$5:$E$32,5,FALSE) -> 1.2055 | M37: ='GHG data from Eurostat'!CP43 -> 0.03023 | N37: ='GHG data from Eurostat'!CN43 -> 1.12581 | O37: ='GHG data from Eurostat'!CQ43 -> 0.5829 | P37: ='GHG data from Eurostat'!CO43 -> 2.36164 | Q37: ='GHG data from Eurostat'!CU43 -> 0.36994 | R37: =IFERROR(('GHG data from Eurostat'!CS43+'GHG data from Eurostat'!CW43),0) -> 0.26686 | S37: ='GHG data from Eurostat'!CV43 -> 0.09485 | T37: ='GHG data from Eurostat'!CT43 -> 0.28396 | U37: =Q37+M37 -> 0.40017 | V37: =R37+N37 -> 1.39267 | W37: =S37+O37 -> 0.67775 | X37: =T37+P37 -> 2.6456 | Y37: =SUM(U37:X37) -> 5.11619 | Z37: =(M37+Q37)/I37 -> 1.8500693 | AA37: =(N37+R37)/J37 -> 2.5695018 | AB37: =(O37+S37)/K37 -> 0.35840825 | AC37: =(P37+T37)/L37 -> 2.194608 | AE37: =ROUND(Z37,3) -> 1.85 | AF37: =ROUND(AA37,3) -> 2.57 | AG37: =ROUND(AB37,3) -> 0.358 | AH37: =ROUND(AC37,3) -> 2.195 | AJ37: Greece | AK37: CO2e | AL37: =VLOOKUP($AJ37,Landcover!$A$3:$K$30,5,FALSE)/1000 -> 26.994 | AM37: =VLOOKUP($AJ37,Landcover!$A$3:$K$30,6,FALSE)/1000 -> 53.005 | AN37: =VLOOKUP($AJ37,Landcover!$A$3:$K$30,8,FALSE)/1000 -> 18.224 | AO37: =VLOOKUP($AJ37,Landcover!$A$3:$K$30,11,FALSE)/1000 -> 0.835 | AP37: =VLOOKUP($AJ37,Landcover!$A$3:$K$30,7,FALSE)/1000 -> 22.81 | AR37: =SUM('GHG data from Eurostat'!CX43,'GHG data from Eurostat'!DC43,'GHG data from Eurostat'!DG43,'GHG data from Eurostat'!DM43,'GHG data from Eurostat'!DP43,'GHG data from Eurostat'!DV43) -> 1.97873 | AS37: ='GHG data from Eurostat'!DS43+'GHG data from Eurostat'!DT43 -> -2.10382 | AT37: ='GHG data from Eurostat'!EA43+'GHG data from Eurostat'!EB43 -> 0.01893 | AU37: ='GHG data from Eurostat'!ED43 -> 0.0004 | AV37: ='GHG data from Eurostat'!EL43 -> 0.0845 | AW37: =SUM(AR37:AV37) -> -0.02126 | AX37: =AR37/AL37 -> 0.073302586 | AY37: =AS37/AM37 -> -0.039690973 | AZ37: =AT37/AN37 -> 0.0010387401 | BA37: =AU37/AO37 -> 0.00047904192 | BB37: =AV37/AP37 -> 0.0037045156 | BD37: =ROUND(AX37,4) -> 0.0733 | BE37: =ROUND(AY37,4) -> -0.0397 | BF37: =ROUND(AZ37,4) -> 0.001 | BG37: =ROUND(BA37,4) -> 0.0005 | BH37: =ROUND(BB37,4) -> 0.0037 | BJ37: =AJ37 -> Greece | BK37: **CO2e | BL37: ='GHG data from Eurostat'!EP43 -> -0.03213
G38: Greece | H38: CO2 | I38: =VLOOKUP($G38,$A$5:$E$32,2,FALSE) -> 0.2163 | J38: =VLOOKUP($G38,$A$5:$E$32,3,FALSE) -> 0.542 | K38: =VLOOKUP($G38,$A$5:$E$32,4,FALSE) -> 1.891 | L38: =VLOOKUP($G38,$A$5:$E$32,5,FALSE) -> 1.2055 | M38: ='GHG data from Eurostat'!CP44 -> 0 | N38: ='GHG data from Eurostat'!CN44 -> 0 | O38: ='GHG data from Eurostat'!CQ44 -> 0 | P38: ='GHG data from Eurostat'!CO44 -> 0 | Q38: ='GHG data from Eurostat'!CU44 -> 0 | R38: =IFERROR(('GHG data from Eurostat'!CS44+'GHG data from Eurostat'!CW44),0) -> 0 | S38: ='GHG data from Eurostat'!CV44 -> 0 | T38: ='GHG data from Eurostat'!CT44 -> 0 | U38: =Q38+M38 -> 0 | V38: =R38+N38 -> 0 | W38: =S38+O38 -> 0 | X38: =T38+P38 -> 0 | Y38: =SUM(U38:X38) -> 0 | Z38: =(M38+Q38)/I38 -> 0 | AA38: =(N38+R38)/J38 -> 0 | AB38: =(O38+S38)/K38 -> 0 | AC38: =(P38+T38)/L38 -> 0 | AE38: =ROUND(Z38,3) -> 0 | AF38: =ROUND(AA38,3) -> 0 | AG38: =ROUND(AB38,3) -> 0 | AH38: =ROUND(AC38,3) -> 0 | AJ38: Greece | AK38: CO2 | AL38: =VLOOKUP($AJ38,Landcover!$A$3:$K$30,5,FALSE)/1000 -> 26.994 | AM38: =VLOOKUP($AJ38,Landcover!$A$3:$K$30,6,FALSE)/1000 -> 53.005 | AN38: =VLOOKUP($AJ38,Landcover!$A$3:$K$30,8,FALSE)/1000 -> 18.224 | AO38: =VLOOKUP($AJ38,Landcover!$A$3:$K$30,11,FALSE)/1000 -> 0.835 | AP38: =VLOOKUP($AJ38,Landcover!$A$3:$K$30,7,FALSE)/1000 -> 22.81 | AR38: =SUM('GHG data from Eurostat'!CX44,'GHG data from Eurostat'!DC44,'GHG data from Eurostat'!DG44,'GHG data from Eurostat'!DM44,'GHG data from Eurostat'!DP44,'GHG data from Eurostat'!DV44) -> -0.9944 | AS38: ='GHG data from Eurostat'!DS44+'GHG data from Eurostat'!DT44 -> -2.10852 | AT38: ='GHG data from Eurostat'!EA44+'GHG data from Eurostat'!EB44 -> 0.00051 | AU38: ='GHG data from Eurostat'!ED44 -> 0.00038 | AV38: ='GHG data from Eurostat'!EL44 -> 0.07902 | AW38: =SUM(AR38:AV38) -> -3.02301 | AX38: =AR38/AL38 -> -0.036837816 | AY38: =AS38/AM38 -> -0.039779643 | AZ38: =AT38/AN38 -> 2.7985075e-05 | BA38: =AU38/AO38 -> 0.00045508982 | BB38: =AV38/AP38 -> 0.0034642701 | BD38: =ROUND(AX38,4) -> -0.0368 | BE38: =ROUND(AY38,4) -> -0.0398 | BF38: =ROUND(AZ38,4) -> 0 | BG38: =ROUND(BA38,4) -> 0.0005 | BH38: =ROUND(BB38,4) -> 0.0035 | BJ38: =AJ38 -> Greece | BK38: **CO2 | BL38: ='GHG data from Eurostat'!EP44 -> -0.03213
G39: Greece | H39: CH4 | I39: =VLOOKUP($G39,$A$5:$E$32,2,FALSE) -> 0.2163 | J39: =VLOOKUP($G39,$A$5:$E$32,3,FALSE) -> 0.542 | K39: =VLOOKUP($G39,$A$5:$E$32,4,FALSE) -> 1.891 | L39: =VLOOKUP($G39,$A$5:$E$32,5,FALSE) -> 1.2055 | M39: ='GHG data from Eurostat'!CP45 -> 0.00108 | N39: ='GHG data from Eurostat'!CN45 -> 0.04021 | O39: ='GHG data from Eurostat'!CQ45 -> 0.02082 | P39: ='GHG data from Eurostat'!CO45 -> 0.08434 | Q39: ='GHG data from Eurostat'!CU45 -> 0.01249 | R39: =IFERROR(('GHG data from Eurostat'!CS45+'GHG data from Eurostat'!CW45),0) -> 0.00292 | S39: ='GHG data from Eurostat'!CV45 -> 0.00206 | T39: ='GHG data from Eurostat'!CT45 -> 0.00915 | U39: =(Q39+M39)*1000 -> 13.57 | V39: =(R39+N39)*1000 -> 43.13 | W39: =(S39+O39)*1000 -> 22.88 | X39: =(T39+P39)*1000 -> 93.49 | Y39: =SUM(U39:X39) -> 173.07 | Z39: =IFERROR((M39+Q39)*1000/I39,0) -> 62.736939 | AA39: =IFERROR((N39+R39)*1000/J39,0) -> 79.575646 | AB39: =IFERROR((O39+S39)*1000/K39,0) -> 12.099418 | AC39: =IFERROR((P39+T39)*1000/L39,0) -> 77.552883 | AE39: =ROUND(Z39,3) -> 62.737 | AF39: =ROUND(AA39,3) -> 79.576 | AG39: =ROUND(AB39,3) -> 12.099 | AH39: =ROUND(AC39,3) -> 77.553 | AJ39: Greece | AK39: CH4 | AL39: =VLOOKUP($AJ39,Landcover!$A$3:$K$30,5,FALSE)/1000 -> 26.994 | AM39: =VLOOKUP($AJ39,Landcover!$A$3:$K$30,6,FALSE)/1000 -> 53.005 | AN39: =VLOOKUP($AJ39,Landcover!$A$3:$K$30,8,FALSE)/1000 -> 18.224 | AO39: =VLOOKUP($AJ39,Landcover!$A$3:$K$30,11,FALSE)/1000 -> 0.835 | AP39: =VLOOKUP($AJ39,Landcover!$A$3:$K$30,7,FALSE)/1000 -> 22.81 | AR39: =SUM('GHG data from Eurostat'!CX45,'GHG data from Eurostat'!DC45,'GHG data from Eurostat'!DG45,'GHG data from Eurostat'!DM45,'GHG data from Eurostat'!DP45,'GHG data from Eurostat'!DV45) -> 0.00633 | AS39: ='GHG data from Eurostat'!DS45+'GHG data from Eurostat'!DT45 -> 0.00016 | AT39: ='GHG data from Eurostat'!EA45+'GHG data from Eurostat'!EB45 -> 0.00062 | AU39: ='GHG data from Eurostat'!ED45 -> 0 | AV39: ='GHG data from Eurostat'!EL45 -> 0 | AW39: =SUM(AR39:AV39) -> 0.00711 | AX39: =IFERROR(AR39*1000/AL39,0) -> 0.23449655 | AY39: =IFERROR(AS39*1000/AM39,0) -> 0.0030185832 | AZ39: =IFERROR(AT39*1000/AN39,0) -> 0.034021071 | BA39: =IFERROR(AU39*1000/AO39,0) -> 0 | BB39: =IFERROR(AV39*1000/AP39,0) -> 0 | BD39: =ROUND(AX39,4) -> 0.2345 | BE39: =ROUND(AY39,4) -> 0.003 | BF39: =ROUND(AZ39,4) -> 0.034 | BG39: =ROUND(BA39,4) -> 0 | BH39: =ROUND(BB39,4) -> 0 | BJ39: =AJ39 -> Greece | BK39: **CH4 | BL39: ='GHG data from Eurostat'!EP45 -> 0
G40: Greece | H40: N2O | I40: =VLOOKUP($G40,$A$5:$E$32,2,FALSE) -> 0.2163 | J40: =VLOOKUP($G40,$A$5:$E$32,3,FALSE) -> 0.542 | K40: =VLOOKUP($G40,$A$5:$E$32,4,FALSE) -> 1.891 | L40: =VLOOKUP($G40,$A$5:$E$32,5,FALSE) -> 1.2055 | M40: ='GHG data from Eurostat'!CP46 -> 0 | N40: ='GHG data from Eurostat'!CN46 -> 0 | O40: ='GHG data from Eurostat'!CQ46 -> 0 | P40: ='GHG data from Eurostat'!CO46 -> 0 | Q40: ='GHG data from Eurostat'!CU46 -> 8e-05 | R40: =IFERROR(('GHG data from Eurostat'!CS46+'GHG data from Eurostat'!CW46),0) -> 0.00069 | S40: ='GHG data from Eurostat'!CV46 -> 0.00014 | T40: ='GHG data from Eurostat'!CT46 -> 0.0001 | U40: =(Q40+M40)*1000 -> 0.08 | V40: =(R40+N40)*1000 -> 0.69 | W40: =(S40+O40)*1000 -> 0.14 | X40: =(T40+P40)*1000 -> 0.1 | Y40: =SUM(U40:X40) -> 1.01 | Z40: =IFERROR((M40+Q40)*1000/I40,0) -> 0.36985668 | AA40: =IFERROR((N40+R40)*1000/J40,0) -> 1.2730627 | AB40: =IFERROR((O40+S40)*1000/K40,0) -> 0.074034902 | AC40: =IFERROR((P40+T40)*1000/L40,0) -> 0.082953131 | AE40: =ROUND(Z40,3) -> 0.37 | AF40: =ROUND(AA40,3) -> 1.273 | AG40: =ROUND(AB40,3) -> 0.074 | AH40: =ROUND(AC40,3) -> 0.083 | AJ40: Greece | AK40: N2O | AL40: =VLOOKUP($AJ40,Landcover!$A$3:$K$30,5,FALSE)/1000 -> 26.994 | AM40: =VLOOKUP($AJ40,Landcover!$A$3:$K$30,6,FALSE)/1000 -> 53.005 | AN40: =VLOOKUP($AJ40,Landcover!$A$3:$K$30,8,FALSE)/1000 -> 18.224 | AO40: =VLOOKUP($AJ40,Landcover!$A$3:$K$30,11,FALSE)/1000 -> 0.835 | AP40: =VLOOKUP($AJ40,Landcover!$A$3:$K$30,7,FALSE)/1000 -> 22.81 | AR40: =SUM('GHG data from Eurostat'!CX46,'GHG data from Eurostat'!DC46,'GHG data from Eurostat'!DG46,'GHG data from Eurostat'!DM46,'GHG data from Eurostat'!DP46,'GHG data from Eurostat'!DV46) -> 0.01055 | AS40: ='GHG data from Eurostat'!DS46+'GHG data from Eurostat'!DT46 -> 0 | AT40: ='GHG data from Eurostat'!EA46+'GHG data from Eurostat'!EB46 -> 0 | AU40: ='GHG data from Eurostat'!ED46 -> 0 | AV40: ='GHG data from Eurostat'!EL46 -> 2e-05 | AW40: =SUM(AR40:AV40) -> 0.01057 | AX40: =IFERROR(AR40*1000/AL40,0) -> 0.39082759 | AY40: =IFERROR(AS40*1000/AM40,0) -> 0 | AZ40: =IFERROR(AT40*1000/AN40,0) -> 0 | BA40: =IFERROR(AU40*1000/AO40,0) -> 0 | BB40: =IFERROR(AV40*1000/AP40,0) -> 0.00087680842 | BD40: =ROUND(AX40,4) -> 0.3908 | BE40: =ROUND(AY40,4) -> 0 | BF40: =ROUND(AZ40,4) -> 0 | BG40: =ROUND(BA40,4) -> 0 | BH40: =ROUND(BB40,4) -> 0.0009 | BJ40: =AJ40 -> Greece | BK40: **N2O | BL40: ='GHG data from Eurostat'!EP46 -> 0
G41: Spain | H41: CO2e | I41: =VLOOKUP($G41,$A$5:$E$32,2,FALSE) -> 9.24123 | J41: =VLOOKUP($G41,$A$5:$E$32,3,FALSE) -> 6.51059 | K41: =VLOOKUP($G41,$A$5:$E$32,4,FALSE) -> 11.194 | L41: =VLOOKUP($G41,$A$5:$E$32,5,FALSE) -> 1.861732 | M41: ='GHG data from Eurostat'!CP47 -> 0.69221 | N41: ='GHG data from Eurostat'!CN47 -> 11.38503 | O41: ='GHG data from Eurostat'!CQ47 -> 1.01366 | P41: ='GHG data from Eurostat'!CO47 -> 3.36978 | Q41: ='GHG data from Eurostat'!CU47 -> 5.97282 | R41: =IFERROR(('GHG data from Eurostat'!CS47+'GHG data from Eurostat'!CW47),0) -> 2.49315 | S41: ='GHG data from Eurostat'!CV47 -> 0.67961 | T41: ='GHG data from Eurostat'!CT47 -> 0.34658 | U41: =Q41+M41 -> 6.66503 | V41: =R41+N41 -> 13.87818 | W41: =S41+O41 -> 1.69327 | X41: =T41+P41 -> 3.71636 | Y41: =SUM(U41:X41) -> 25.95284 | Z41: =(M41+Q41)/I41 -> 0.72122759 | AA41: =(N41+R41)/J41 -> 2.1316317 | AB41: =(O41+S41)/K41 -> 0.15126586 | AC41: =(P41+T41)/L41 -> 1.9961842 | AE41: =ROUND(Z41,3) -> 0.721 | AF41: =ROUND(AA41,3) -> 2.132 | AG41: =ROUND(AB41,3) -> 0.151 | AH41: =ROUND(AC41,3) -> 1.996 | AJ41: Spain | AK41: CO2e | AL41: =VLOOKUP($AJ41,Landcover!$A$3:$K$30,5,FALSE)/1000 -> 136.476 | AM41: =VLOOKUP($AJ41,Landcover!$A$3:$K$30,6,FALSE)/1000 -> 175.161 | AN41: =VLOOKUP($AJ41,Landcover!$A$3:$K$30,8,FALSE)/1000 -> 64.021 | AO41: =VLOOKUP($AJ41,Landcover!$A$3:$K$30,11,FALSE)/1000 -> 0.68 | AP41: =VLOOKUP($AJ41,Landcover!$A$3:$K$30,7,FALSE)/1000 -> 74.074 | AR41: =SUM('GHG data from Eurostat'!CX47,'GHG data from Eurostat'!DC47,'GHG data from Eurostat'!DG47,'GHG data from Eurostat'!DM47,'GHG data from Eurostat'!DP47,'GHG data from Eurostat'!DV47) -> 3.95158 | AS41: ='GHG data from Eurostat'!DS47+'GHG data from Eurostat'!DT47 -> -31.13633 | AT41: ='GHG data from Eurostat'!EA47+'GHG data from Eurostat'!EB47 -> 0.02837 | AU41: ='GHG data from Eurostat'!ED47 -> -0.09582 | AV41: ='GHG data from Eurostat'!EL47 -> 0.04362 | AW41: =SUM(AR41:AV41) -> -27.20858 | AX41: =AR41/AL41 -> 0.028954395 | AY41: =AS41/AM41 -> -0.17775835 | AZ41: =AT41/AN41 -> 0.00044313585 | BA41: =AU41/AO41 -> -0.14091176 | BB41: =AV41/AP41 -> 0.00058887059 | BD41: =ROUND(AX41,4) -> 0.029 | BE41: =ROUND(AY41,4) -> -0.1778 | BF41: =ROUND(AZ41,4) -> 0.0004 | BG41: =ROUND(BA41,4) -> -0.1409 | BH41: =ROUND(BB41,4) -> 0.0006 | BJ41: =AJ41 -> Spain | BK41: **CO2e | BL41: ='GHG data from Eurostat'!EP47 -> -2.74844
G42: Spain | H42: CO2 | I42: =VLOOKUP($G42,$A$5:$E$32,2,FALSE) -> 9.24123 | J42: =VLOOKUP($G42,$A$5:$E$32,3,FALSE) -> 6.51059 | K42: =VLOOKUP($G42,$A$5:$E$32,4,FALSE) -> 11.194 | L42: =VLOOKUP($G42,$A$5:$E$32,5,FALSE) -> 1.861732 | M42: ='GHG data from Eurostat'!CP48 -> 0 | N42: ='GHG data from Eurostat'!CN48 -> 0 | O42: ='GHG data from Eurostat'!CQ48 -> 0 | P42: ='GHG data from Eurostat'!CO48 -> 0 | Q42: ='GHG data from Eurostat'!CU48 -> 0 | R42: =IFERROR(('GHG data from Eurostat'!CS48+'GHG data from Eurostat'!CW48),0) -> 0 | S42: ='GHG data from Eurostat'!CV48 -> 0 | T42: ='GHG data from Eurostat'!CT48 -> 0 | U42: =Q42+M42 -> 0 | V42: =R42+N42 -> 0 | W42: =S42+O42 -> 0 | X42: =T42+P42 -> 0 | Y42: =SUM(U42:X42) -> 0 | Z42: =(M42+Q42)/I42 -> 0 | AA42: =(N42+R42)/J42 -> 0 | AB42: =(O42+S42)/K42 -> 0 | AC42: =(P42+T42)/L42 -> 0 | AE42: =ROUND(Z42,3) -> 0 | AF42: =ROUND(AA42,3) -> 0 | AG42: =ROUND(AB42,3) -> 0 | AH42: =ROUND(AC42,3) -> 0 | AJ42: Spain | AK42: CO2 | AL42: =VLOOKUP($AJ42,Landcover!$A$3:$K$30,5,FALSE)/1000 -> 136.476 | AM42: =VLOOKUP($AJ42,Landcover!$A$3:$K$30,6,FALSE)/1000 -> 175.161 | AN42: =VLOOKUP($AJ42,Landcover!$A$3:$K$30,8,FALSE)/1000 -> 64.021 | AO42: =VLOOKUP($AJ42,Landcover!$A$3:$K$30,11,FALSE)/1000 -> 0.68 | AP42: =VLOOKUP($AJ42,Landcover!$A$3:$K$30,7,FALSE)/1000 -> 74.074 | AR42: =SUM('GHG data from Eurostat'!CX48,'GHG data from Eurostat'!DC48,'GHG data from Eurostat'!DG48,'GHG data from Eurostat'!DM48,'GHG data from Eurostat'!DP48,'GHG data from Eurostat'!DV48) -> -3.18178 | AS42: ='GHG data from Eurostat'!DS48+'GHG data from Eurostat'!DT48 -> -31.15051 | AT42: ='GHG data from Eurostat'!EA48+'GHG data from Eurostat'!EB48 -> -0.03673 | AU42: ='GHG data from Eurostat'!ED48 -> -0.09584 | AV42: ='GHG data from Eurostat'!EL48 -> 0.04047 | AW42: =SUM(AR42:AV42) -> -34.42439 | AX42: =AR42/AL42 -> -0.023313843 | AY42: =AS42/AM42 -> -0.1778393 | AZ42: =AT42/AN42 -> -0.000573718 | BA42: =AU42/AO42 -> -0.14094118 | BB42: =AV42/AP42 -> 0.00054634555 | BD42: =ROUND(AX42,4) -> -0.0233 | BE42: =ROUND(AY42,4) -> -0.1778 | BF42: =ROUND(AZ42,4) -> -0.0006 | BG42: =ROUND(BA42,4) -> -0.1409 | BH42: =ROUND(BB42,4) -> 0.0005 | BJ42: =AJ42 -> Spain | BK42: **CO2 | BL42: ='GHG data from Eurostat'!EP48 -> -2.74844
G43: Spain | H43: CH4 | I43: =VLOOKUP($G43,$A$5:$E$32,2,FALSE) -> 9.24123 | J43: =VLOOKUP($G43,$A$5:$E$32,3,FALSE) -> 6.51059 | K43: =VLOOKUP($G43,$A$5:$E$32,4,FALSE) -> 11.194 | L43: =VLOOKUP($G43,$A$5:$E$32,5,FALSE) -> 1.861732 | M43: ='GHG data from Eurostat'!CP49 -> 0.02472 | N43: ='GHG data from Eurostat'!CN49 -> 0.40661 | O43: ='GHG data from Eurostat'!CQ49 -> 0.0362 | P43: ='GHG data from Eurostat'!CO49 -> 0.12035 | Q43: ='GHG data from Eurostat'!CU49 -> 0.20483 | R43: =IFERROR(('GHG data from Eurostat'!CS49+'GHG data from Eurostat'!CW49),0) -> 0.05044 | S43: ='GHG data from Eurostat'!CV49 -> 0.01346 | T43: ='GHG data from Eurostat'!CT49 -> 0.00915 | U43: =(Q43+M43)*1000 -> 229.55 | V43: =(R43+N43)*1000 -> 457.05 | W43: =(S43+O43)*1000 -> 49.66 | X43: =(T43+P43)*1000 -> 129.5 | Y43: =SUM(U43:X43) -> 865.76 | Z43: =IFERROR((M43+Q43)*1000/I43,0) -> 24.839767 | AA43: =IFERROR((N43+R43)*1000/J43,0) -> 70.201011 | AB43: =IFERROR((O43+S43)*1000/K43,0) -> 4.4363052 | AC43: =IFERROR((P43+T43)*1000/L43,0) -> 69.558884 | AE43: =ROUND(Z43,3) -> 24.84 | AF43: =ROUND(AA43,3) -> 70.201 | AG43: =ROUND(AB43,3) -> 4.436 | AH43: =ROUND(AC43,3) -> 69.559 | AJ43: Spain | AK43: CH4 | AL43: =VLOOKUP($AJ43,Landcover!$A$3:$K$30,5,FALSE)/1000 -> 136.476 | AM43: =VLOOKUP($AJ43,Landcover!$A$3:$K$30,6,FALSE)/1000 -> 175.161 | AN43: =VLOOKUP($AJ43,Landcover!$A$3:$K$30,8,FALSE)/1000 -> 64.021 | AO43: =VLOOKUP($AJ43,Landcover!$A$3:$K$30,11,FALSE)/1000 -> 0.68 | AP43: =VLOOKUP($AJ43,Landcover!$A$3:$K$30,7,FALSE)/1000 -> 74.074 | AR43: =SUM('GHG data from Eurostat'!CX49,'GHG data from Eurostat'!DC49,'GHG data from Eurostat'!DG49,'GHG data from Eurostat'!DM49,'GHG data from Eurostat'!DP49,'GHG data from Eurostat'!DV49) -> 0.02108 | AS43: ='GHG data from Eurostat'!DS49+'GHG data from Eurostat'!DT49 -> 0.00033 | AT43: ='GHG data from Eurostat'!EA49+'GHG data from Eurostat'!EB49 -> 0.00116 | AU43: ='GHG data from Eurostat'!ED49 -> 0 | AV43: ='GHG data from Eurostat'!EL49 -> 0 | AW43: =SUM(AR43:AV43) -> 0.02257 | AX43: =IFERROR(AR43*1000/AL43,0) -> 0.15445939 | AY43: =IFERROR(AS43*1000/AM43,0) -> 0.001883981 | AZ43: =IFERROR(AT43*1000/AN43,0) -> 0.018119055 | BA43: =IFERROR(AU43*1000/AO43,0) -> 0 | BB43: =IFERROR(AV43*1000/AP43,0) -> 0 | BD43: =ROUND(AX43,4) -> 0.1545 | BE43: =ROUND(AY43,4) -> 0.0019 | BF43: =ROUND(AZ43,4) -> 0.0181 | BG43: =ROUND(BA43,4) -> 0 | BH43: =ROUND(BB43,4) -> 0 | BJ43: =AJ43 -> Spain | BK43: **CH4 | BL43: ='GHG data from Eurostat'!EP49 -> 0
G44: Spain | H44: N2O | I44: =VLOOKUP($G44,$A$5:$E$32,2,FALSE) -> 9.24123 | J44: =VLOOKUP($G44,$A$5:$E$32,3,FALSE) -> 6.51059 | K44: =VLOOKUP($G44,$A$5:$E$32,4,FALSE) -> 11.194 | L44: =VLOOKUP($G44,$A$5:$E$32,5,FALSE) -> 1.861732 | M44: ='GHG data from Eurostat'!CP50 -> 0 | N44: ='GHG data from Eurostat'!CN50 -> 0 | O44: ='GHG data from Eurostat'!CQ50 -> 0 | P44: ='GHG data from Eurostat'!CO50 -> 0 | Q44: ='GHG data from Eurostat'!CU50 -> 0.0009 | R44: =IFERROR(('GHG data from Eurostat'!CS50+'GHG data from Eurostat'!CW50),0) -> 0.00408 | S44: ='GHG data from Eurostat'!CV50 -> 0.00114 | T44: ='GHG data from Eurostat'!CT50 -> 0.00034 | U44: =(Q44+M44)*1000 -> 0.9 | V44: =(R44+N44)*1000 -> 4.08 | W44: =(S44+O44)*1000 -> 1.14 | X44: =(T44+P44)*1000 -> 0.34 | Y44: =SUM(U44:X44) -> 6.46 | Z44: =IFERROR((M44+Q44)*1000/I44,0) -> 0.097389633 | AA44: =IFERROR((N44+R44)*1000/J44,0) -> 0.62667132 | AB44: =IFERROR((O44+S44)*1000/K44,0) -> 0.10184027 | AC44: =IFERROR((P44+T44)*1000/L44,0) -> 0.18262564 | AE44: =ROUND(Z44,3) -> 0.097 | AF44: =ROUND(AA44,3) -> 0.627 | AG44: =ROUND(AB44,3) -> 0.102 | AH44: =ROUND(AC44,3) -> 0.183 | AJ44: Spain | AK44: N2O | AL44: =VLOOKUP($AJ44,Landcover!$A$3:$K$30,5,FALSE)/1000 -> 136.476 | AM44: =VLOOKUP($AJ44,Landcover!$A$3:$K$30,6,FALSE)/1000 -> 175.161 | AN44: =VLOOKUP($AJ44,Landcover!$A$3:$K$30,8,FALSE)/1000 -> 64.021 | AO44: =VLOOKUP($AJ44,Landcover!$A$3:$K$30,11,FALSE)/1000 -> 0.68 | AP44: =VLOOKUP($AJ44,Landcover!$A$3:$K$30,7,FALSE)/1000 -> 74.074 | AR44: =SUM('GHG data from Eurostat'!CX50,'GHG data from Eurostat'!DC50,'GHG data from Eurostat'!DG50,'GHG data from Eurostat'!DM50,'GHG data from Eurostat'!DP50,'GHG data from Eurostat'!DV50) -> 0.02469 | AS44: ='GHG data from Eurostat'!DS50+'GHG data from Eurostat'!DT50 -> 2e-05 | AT44: ='GHG data from Eurostat'!EA50+'GHG data from Eurostat'!EB50 -> 0.00012 | AU44: ='GHG data from Eurostat'!ED50 -> 0 | AV44: ='GHG data from Eurostat'!EL50 -> 1e-05 | AW44: =SUM(AR44:AV44) -> 0.02484 | AX44: =IFERROR(AR44*1000/AL44,0) -> 0.18091093 | AY44: =IFERROR(AS44*1000/AM44,0) -> 0.00011418067 | AZ44: =IFERROR(AT44*1000/AN44,0) -> 0.001874385 | BA44: =IFERROR(AU44*1000/AO44,0) -> 0 | BB44: =IFERROR(AV44*1000/AP44,0) -> 0.00013500014 | BD44: =ROUND(AX44,4) -> 0.1809 | BE44: =ROUND(AY44,4) -> 0.0001 | BF44: =ROUND(AZ44,4) -> 0.0019 | BG44: =ROUND(BA44,4) -> 0 | BH44: =ROUND(BB44,4) -> 0.0001 | BJ44: =AJ44 -> Spain | BK44: **N2O | BL44: ='GHG data from Eurostat'!EP50 -> 0
G45: France | H45: CO2e | I45: =VLOOKUP($G45,$A$5:$E$32,2,FALSE) -> 4.1139 | J45: =VLOOKUP($G45,$A$5:$E$32,3,FALSE) -> 18.61304 | K45: =VLOOKUP($G45,$A$5:$E$32,4,FALSE) -> 13.637 | L45: =VLOOKUP($G45,$A$5:$E$32,5,FALSE) -> 0.8418 | M45: ='GHG data from Eurostat'!CP51 -> 0.27747 | N45: ='GHG data from Eurostat'!CN51 -> 36.70245 | O45: ='GHG data from Eurostat'!CQ51 -> 0.74033 | P45: ='GHG data from Eurostat'!CO51 -> 2.56863 | Q45: ='GHG data from Eurostat'!CU51 -> 2.66178 | R45: =IFERROR(('GHG data from Eurostat'!CS51+'GHG data from Eurostat'!CW51),0) -> 7.28401 | S45: ='GHG data from Eurostat'!CV51 -> 0.43851 | T45: ='GHG data from Eurostat'!CT51 -> 0.16101 | U45: =Q45+M45 -> 2.93925 | V45: =R45+N45 -> 43.98646 | W45: =S45+O45 -> 1.17884 | X45: =T45+P45 -> 2.72964 | Y45: =SUM(U45:X45) -> 50.83419 | Z45: =(M45+Q45)/I45 -> 0.71446802 | AA45: =(N45+R45)/J45 -> 2.3632067 | AB45: =(O45+S45)/K45 -> 0.086444233 | AC45: =(P45+T45)/L45 -> 3.242623 | AE45: =ROUND(Z45,3) -> 0.714 | AF45: =ROUND(AA45,3) -> 2.363 | AG45: =ROUND(AB45,3) -> 0.086 | AH45: =ROUND(AC45,3) -> 3.243 | AJ45: France | AK45: CO2e | AL45: =VLOOKUP($AJ45,Landcover!$A$3:$K$30,5,FALSE)/1000 -> 164.349 | AM45: =VLOOKUP($AJ45,Landcover!$A$3:$K$30,6,FALSE)/1000 -> 181.93 | AN45: =VLOOKUP($AJ45,Landcover!$A$3:$K$30,8,FALSE)/1000 -> 135.161 | AO45: =VLOOKUP($AJ45,Landcover!$A$3:$K$30,11,FALSE)/1000 -> 1.728 | AP45: =VLOOKUP($AJ45,Landcover!$A$3:$K$30,7,FALSE)/1000 -> 15.476 | AR45: =SUM('GHG data from Eurostat'!CX51,'GHG data from Eurostat'!DC51,'GHG data from Eurostat'!DG51,'GHG data from Eurostat'!DM51,'GHG data from Eurostat'!DP51,'GHG data from Eurostat'!DV51) -> 34.75257 | AS45: ='GHG data from Eurostat'!DS51+'GHG data from Eurostat'!DT51 -> -33.21457 | AT45: ='GHG data from Eurostat'!EA51+'GHG data from Eurostat'!EB51 -> -2.23858 | AU45: ='GHG data from Eurostat'!ED51 -> 0.80875 | AV45: ='GHG data from Eurostat'!EL51 -> 0.0569 | AW45: =SUM(AR45:AV45) -> 0.16507 | AX45: =AR45/AL45 -> 0.21145593 | AY45: =AS45/AM45 -> -0.18256786 | AZ45: =AT45/AN45 -> -0.016562322 | BA45: =AU45/AO45 -> 0.46802662 | BB45: =AV45/AP45 -> 0.0036766606 | BD45: =ROUND(AX45,4) -> 0.2115 | BE45: =ROUND(AY45,4) -> -0.1826 | BF45: =ROUND(AZ45,4) -> -0.0166 | BG45: =ROUND(BA45,4) -> 0.468 | BH45: =ROUND(BB45,4) -> 0.0037 | BJ45: =AJ45 -> France | BK45: **CO2e | BL45: ='GHG data from Eurostat'!EP51 -> -1.04387
G46: France | H46: CO2 | I46: =VLOOKUP($G46,$A$5:$E$32,2,FALSE) -> 4.1139 | J46: =VLOOKUP($G46,$A$5:$E$32,3,FALSE) -> 18.61304 | K46: =VLOOKUP($G46,$A$5:$E$32,4,FALSE) -> 13.637 | L46: =VLOOKUP($G46,$A$5:$E$32,5,FALSE) -> 0.8418 | M46: ='GHG data from Eurostat'!CP52 -> 0 | N46: ='GHG data from Eurostat'!CN52 -> 0 | O46: ='GHG data from Eurostat'!CQ52 -> 0 | P46: ='GHG data from Eurostat'!CO52 -> 0 | Q46: ='GHG data from Eurostat'!CU52 -> 0 | R46: =IFERROR(('GHG data from Eurostat'!CS52+'GHG data from Eurostat'!CW52),0) -> 0 | S46: ='GHG data from Eurostat'!CV52 -> 0 | T46: ='GHG data from Eurostat'!CT52 -> 0 | U46: =Q46+M46 -> 0 | V46: =R46+N46 -> 0 | W46: =S46+O46 -> 0 | X46: =T46+P46 -> 0 | Y46: =SUM(U46:X46) -> 0 | Z46: =(M46+Q46)/I46 -> 0 | AA46: =(N46+R46)/J46 -> 0 | AB46: =(O46+S46)/K46 -> 0 | AC46: =(P46+T46)/L46 -> 0 | AE46: =ROUND(Z46,3) -> 0 | AF46: =ROUND(AA46,3) -> 0 | AG46: =ROUND(AB46,3) -> 0 | AH46: =ROUND(AC46,3) -> 0 | AJ46: France | AK46: CO2 | AL46: =VLOOKUP($AJ46,Landcover!$A$3:$K$30,5,FALSE)/1000 -> 164.349 | AM46: =VLOOKUP($AJ46,Landcover!$A$3:$K$30,6,FALSE)/1000 -> 181.93 | AN46: =VLOOKUP($AJ46,Landcover!$A$3:$K$30,8,FALSE)/1000 -> 135.161 | AO46: =VLOOKUP($AJ46,Landcover!$A$3:$K$30,11,FALSE)/1000 -> 1.728 | AP46: =VLOOKUP($AJ46,Landcover!$A$3:$K$30,7,FALSE)/1000 -> 15.476 | AR46: =SUM('GHG data from Eurostat'!CX52,'GHG data from Eurostat'!DC52,'GHG data from Eurostat'!DG52,'GHG data from Eurostat'!DM52,'GHG data from Eurostat'!DP52,'GHG data from Eurostat'!DV52) -> 13.26688 | AS46: ='GHG data from Eurostat'!DS52+'GHG data from Eurostat'!DT52 -> -33.30678 | AT46: ='GHG data from Eurostat'!EA52+'GHG data from Eurostat'!EB52 -> -2.43594 | AU46: ='GHG data from Eurostat'!ED52 -> 0.77025 | AV46: ='GHG data from Eurostat'!EL52 -> 0.05294 | AW46: =SUM(AR46:AV46) -> -21.65265 | AX46: =AR46/AL46 -> 0.080723826 | AY46: =AS46/AM46 -> -0.1830747 | AZ46: =AT46/AN46 -> -0.018022506 | BA46: =AU46/AO46 -> 0.44574653 | BB46: =AV46/AP46 -> 0.0034207806 | BD46: =ROUND(AX46,4) -> 0.0807 | BE46: =ROUND(AY46,4) -> -0.1831 | BF46: =ROUND(AZ46,4) -> -0.018 | BG46: =ROUND(BA46,4) -> 0.4457 | BH46: =ROUND(BB46,4) -> 0.0034 | BJ46: =AJ46 -> France | BK46: **CO2 | BL46: ='GHG data from Eurostat'!EP52 -> -1.04387
G47: France | H47: CH4 | I47: =VLOOKUP($G47,$A$5:$E$32,2,FALSE) -> 4.1139 | J47: =VLOOKUP($G47,$A$5:$E$32,3,FALSE) -> 18.61304 | K47: =VLOOKUP($G47,$A$5:$E$32,4,FALSE) -> 13.637 | L47: =VLOOKUP($G47,$A$5:$E$32,5,FALSE) -> 0.8418 | M47: ='GHG data from Eurostat'!CP53 -> 0.00991 | N47: ='GHG data from Eurostat'!CN53 -> 1.3108 | O47: ='GHG data from Eurostat'!CQ53 -> 0.02644 | P47: ='GHG data from Eurostat'!CO53 -> 0.09174 | Q47: ='GHG data from Eurostat'!CU53 -> 0.09394 | R47: =IFERROR(('GHG data from Eurostat'!CS53+'GHG data from Eurostat'!CW53),0) -> 0.15842 | S47: ='GHG data from Eurostat'!CV53 -> 0.01029 | T47: ='GHG data from Eurostat'!CT53 -> 0.00269 | U47: =(Q47+M47)*1000 -> 103.85 | V47: =(R47+N47)*1000 -> 1469.22 | W47: =(S47+O47)*1000 -> 36.73 | X47: =(T47+P47)*1000 -> 94.43 | Y47: =SUM(U47:X47) -> 1704.23 | Z47: =IFERROR((M47+Q47)*1000/I47,0) -> 25.243686 | AA47: =IFERROR((N47+R47)*1000/J47,0) -> 78.934983 | AB47: =IFERROR((O47+S47)*1000/K47,0) -> 2.6934076 | AC47: =IFERROR((P47+T47)*1000/L47,0) -> 112.17629 | AE47: =ROUND(Z47,3) -> 25.244 | AF47: =ROUND(AA47,3) -> 78.935 | AG47: =ROUND(AB47,3) -> 2.693 | AH47: =ROUND(AC47,3) -> 112.176 | AJ47: France | AK47: CH4 | AL47: =VLOOKUP($AJ47,Landcover!$A$3:$K$30,5,FALSE)/1000 -> 164.349 | AM47: =VLOOKUP($AJ47,Landcover!$A$3:$K$30,6,FALSE)/1000 -> 181.93 | AN47: =VLOOKUP($AJ47,Landcover!$A$3:$K$30,8,FALSE)/1000 -> 135.161 | AO47: =VLOOKUP($AJ47,Landcover!$A$3:$K$30,11,FALSE)/1000 -> 1.728 | AP47: =VLOOKUP($AJ47,Landcover!$A$3:$K$30,7,FALSE)/1000 -> 15.476 | AR47: =SUM('GHG data from Eurostat'!CX53,'GHG data from Eurostat'!DC53,'GHG data from Eurostat'!DG53,'GHG data from Eurostat'!DM53,'GHG data from Eurostat'!DP53,'GHG data from Eurostat'!DV53) -> 0.0091 | AS47: ='GHG data from Eurostat'!DS53+'GHG data from Eurostat'!DT53 -> 0.00222 | AT47: ='GHG data from Eurostat'!EA53+'GHG data from Eurostat'!EB53 -> 0.00506 | AU47: ='GHG data from Eurostat'!ED53 -> 0.0003 | AV47: ='GHG data from Eurostat'!EL53 -> 1e-05 | AW47: =SUM(AR47:AV47) -> 0.01669 | AX47: =IFERROR(AR47*1000/AL47,0) -> 0.055369975 | AY47: =IFERROR(AS47*1000/AM47,0) -> 0.012202495 | AZ47: =IFERROR(AT47*1000/AN47,0) -> 0.037436835 | BA47: =IFERROR(AU47*1000/AO47,0) -> 0.17361111 | BB47: =IFERROR(AV47*1000/AP47,0) -> 0.0006461618 | BD47: =ROUND(AX47,4) -> 0.0554 | BE47: =ROUND(AY47,4) -> 0.0122 | BF47: =ROUND(AZ47,4) -> 0.0374 | BG47: =ROUND(BA47,4) -> 0.1736 | BH47: =ROUND(BB47,4) -> 0.0006 | BJ47: =AJ47 -> France | BK47: **CH4 | BL47: ='GHG data from Eurostat'!EP53 -> 0
G48: France | H48: N2O | I48: =VLOOKUP($G48,$A$5:$E$32,2,FALSE) -> 4.1139 | J48: =VLOOKUP($G48,$A$5:$E$32,3,FALSE) -> 18.61304 | K48: =VLOOKUP($G48,$A$5:$E$32,4,FALSE) -> 13.637 | L48: =VLOOKUP($G48,$A$5:$E$32,5,FALSE) -> 0.8418 | M48: ='GHG data from Eurostat'!CP54 -> 0 | N48: ='GHG data from Eurostat'!CN54 -> 0 | O48: ='GHG data from Eurostat'!CQ54 -> 0 | P48: ='GHG data from Eurostat'!CO54 -> 0 | Q48: ='GHG data from Eurostat'!CU54 -> 0.00012 | R48: =IFERROR(('GHG data from Eurostat'!CS54+'GHG data from Eurostat'!CW54),0) -> 0.01075 | S48: ='GHG data from Eurostat'!CV54 -> 0.00057 | T48: ='GHG data from Eurostat'!CT54 -> 0.00032 | U48: =(Q48+M48)*1000 -> 0.12 | V48: =(R48+N48)*1000 -> 10.75 | W48: =(S48+O48)*1000 -> 0.57 | X48: =(T48+P48)*1000 -> 0.32 | Y48: =SUM(U48:X48) -> 11.76 | Z48: =IFERROR((M48+Q48)*1000/I48,0) -> 0.029169401 | AA48: =IFERROR((N48+R48)*1000/J48,0) -> 0.57755208 | AB48: =IFERROR((O48+S48)*1000/K48,0) -> 0.041798049 | AC48: =IFERROR((P48+T48)*1000/L48,0) -> 0.3801378 | AE48: =ROUND(Z48,3) -> 0.029 | AF48: =ROUND(AA48,3) -> 0.578 | AG48: =ROUND(AB48,3) -> 0.042 | AH48: =ROUND(AC48,3) -> 0.38 | AJ48: France | AK48: N2O | AL48: =VLOOKUP($AJ48,Landcover!$A$3:$K$30,5,FALSE)/1000 -> 164.349 | AM48: =VLOOKUP($AJ48,Landcover!$A$3:$K$30,6,FALSE)/1000 -> 181.93 | AN48: =VLOOKUP($AJ48,Landcover!$A$3:$K$30,8,FALSE)/1000 -> 135.161 | AO48: =VLOOKUP($AJ48,Landcover!$A$3:$K$30,11,FALSE)/1000 -> 1.728 | AP48: =VLOOKUP($AJ48,Landcover!$A$3:$K$30,7,FALSE)/1000 -> 15.476 | AR48: =SUM('GHG data from Eurostat'!CX54,'GHG data from Eurostat'!DC54,'GHG data from Eurostat'!DG54,'GHG data from Eurostat'!DM54,'GHG data from Eurostat'!DP54,'GHG data from Eurostat'!DV54) -> 0.08011 | AS48: ='GHG data from Eurostat'!DS54+'GHG data from Eurostat'!DT54 -> 0.00011 | AT48: ='GHG data from Eurostat'!EA54+'GHG data from Eurostat'!EB54 -> 0.00021 | AU48: ='GHG data from Eurostat'!ED54 -> 0.00011 | AV48: ='GHG data from Eurostat'!EL54 -> 1e-05 | AW48: =SUM(AR48:AV48) -> 0.08055 | AX48: =IFERROR(AR48*1000/AL48,0) -> 0.48743832 | AY48: =IFERROR(AS48*1000/AM48,0) -> 0.00060462815 | AZ48: =IFERROR(AT48*1000/AN48,0) -> 0.0015537026 | BA48: =IFERROR(AU48*1000/AO48,0) -> 0.063657407 | BB48: =IFERROR(AV48*1000/AP48,0) -> 0.0006461618 | BD48: =ROUND(AX48,4) -> 0.4874 | BE48: =ROUND(AY48,4) -> 0.0006 | BF48: =ROUND(AZ48,4) -> 0.0016 | BG48: =ROUND(BA48,4) -> 0.0637 | BH48: =ROUND(BB48,4) -> 0.0006 | BJ48: =AJ48 -> France | BK48: **N2O | BL48: ='GHG data from Eurostat'!EP54 -> 0
G49: Croatia | H49: CO2e | I49: =VLOOKUP($G49,$A$5:$E$32,2,FALSE) -> 0.3147 | J49: =VLOOKUP($G49,$A$5:$E$32,3,FALSE) -> 0.414 | K49: =VLOOKUP($G49,$A$5:$E$32,4,FALSE) -> 0.549 | L49: =VLOOKUP($G49,$A$5:$E$32,5,FALSE) -> 0.0716 | M49: ='GHG data from Eurostat'!CP55 -> 0.04406 | N49: ='GHG data from Eurostat'!CN55 -> 0.90744 | O49: ='GHG data from Eurostat'!CQ55 -> 0.02431 | P49: ='GHG data from Eurostat'!CO55 -> 0.14253 | Q49: ='GHG data from Eurostat'!CU55 -> 0.20478 | R49: =IFERROR(('GHG data from Eurostat'!CS55+'GHG data from Eurostat'!CW55),0) -> 0.32528 | S49: ='GHG data from Eurostat'!CV55 -> 0.0275 | T49: ='GHG data from Eurostat'!CT55 -> 0.0075 | U49: =Q49+M49 -> 0.24884 | V49: =R49+N49 -> 1.23272 | W49: =S49+O49 -> 0.05181 | X49: =T49+P49 -> 0.15003 | Y49: =SUM(U49:X49) -> 1.6834 | Z49: =(M49+Q49)/I49 -> 0.79072132 | AA49: =(N49+R49)/J49 -> 2.9775845 | AB49: =(O49+S49)/K49 -> 0.094371585 | AC49: =(P49+T49)/L49 -> 2.0953911 | AE49: =ROUND(Z49,3) -> 0.791 | AF49: =ROUND(AA49,3) -> 2.978 | AG49: =ROUND(AB49,3) -> 0.094 | AH49: =ROUND(AC49,3) -> 2.095 | AJ49: Croatia | AK49: CO2e | AL49: =VLOOKUP($AJ49,Landcover!$A$3:$K$30,5,FALSE)/1000 -> 9.414 | AM49: =VLOOKUP($AJ49,Landcover!$A$3:$K$30,6,FALSE)/1000 -> 27.226 | AN49: =VLOOKUP($AJ49,Landcover!$A$3:$K$30,8,FALSE)/1000 -> 9.834 | AO49: =VLOOKUP($AJ49,Landcover!$A$3:$K$30,11,FALSE)/1000 -> 0.186 | AP49: =VLOOKUP($AJ49,Landcover!$A$3:$K$30,7,FALSE)/1000 -> 6.258 | AR49: =SUM('GHG data from Eurostat'!CX55,'GHG data from Eurostat'!DC55,'GHG data from Eurostat'!DG55,'GHG data from Eurostat'!DM55,'GHG data from Eurostat'!DP55,'GHG data from Eurostat'!DV55) -> 1.25648 | AS49: ='GHG data from Eurostat'!DS55+'GHG data from Eurostat'!DT55 -> -5.28157 | AT49: ='GHG data from Eurostat'!EA55+'GHG data from Eurostat'!EB55 -> 0.00301 | AU49: ='GHG data from Eurostat'!ED55 -> 0.01216 | AV49: ='GHG data from Eurostat'!EL55 -> 0 | AW49: =SUM(AR49:AV49) -> -4.00992 | AX49: =AR49/AL49 -> 0.1334693 | AY49: =AS49/AM49 -> -0.19398994 | AZ49: =AT49/AN49 -> 0.00030608094 | BA49: =AU49/AO49 -> 0.065376344 | BB49: =AV49/AP49 -> 0 | BD49: =ROUND(AX49,4) -> 0.1335 | BE49: =ROUND(AY49,4) -> -0.194 | BF49: =ROUND(AZ49,4) -> 0.0003 | BG49: =ROUND(BA49,4) -> 0.0654 | BH49: =ROUND(BB49,4) -> 0 | BJ49: =AJ49 -> Croatia | BK49: **CO2e | BL49: ='GHG data from Eurostat'!EP55 -> -0.76166
G50: Croatia | H50: CO2 | I50: =VLOOKUP($G50,$A$5:$E$32,2,FALSE) -> 0.3147 | J50: =VLOOKUP($G50,$A$5:$E$32,3,FALSE) -> 0.414 | K50: =VLOOKUP($G50,$A$5:$E$32,4,FALSE) -> 0.549 | L50: =VLOOKUP($G50,$A$5:$E$32,5,FALSE) -> 0.0716 | M50: ='GHG data from Eurostat'!CP56 -> 0 | N50: ='GHG data from Eurostat'!CN56 -> 0 | O50: ='GHG data from Eurostat'!CQ56 -> 0 | P50: ='GHG data from Eurostat'!CO56 -> 0 | Q50: ='GHG data from Eurostat'!CU56 -> 0 | R50: =IFERROR(('GHG data from Eurostat'!CS56+'GHG data from Eurostat'!CW56),0) -> 0 | S50: ='GHG data from Eurostat'!CV56 -> 0 | T50: ='GHG data from Eurostat'!CT56 -> 0 | U50: =Q50+M50 -> 0 | V50: =R50+N50 -> 0 | W50: =S50+O50 -> 0 | X50: =T50+P50 -> 0 | Y50: =SUM(U50:X50) -> 0 | Z50: =(M50+Q50)/I50 -> 0 | AA50: =(N50+R50)/J50 -> 0 | AB50: =(O50+S50)/K50 -> 0 | AC50: =(P50+T50)/L50 -> 0 | AE50: =ROUND(Z50,3) -> 0 | AF50: =ROUND(AA50,3) -> 0 | AG50: =ROUND(AB50,3) -> 0 | AH50: =ROUND(AC50,3) -> 0 | AJ50: Croatia | AK50: CO2 | AL50: =VLOOKUP($AJ50,Landcover!$A$3:$K$30,5,FALSE)/1000 -> 9.414 | AM50: =VLOOKUP($AJ50,Landcover!$A$3:$K$30,6,FALSE)/1000 -> 27.226 | AN50: =VLOOKUP($AJ50,Landcover!$A$3:$K$30,8,FALSE)/1000 -> 9.834 | AO50: =VLOOKUP($AJ50,Landcover!$A$3:$K$30,11,FALSE)/1000 -> 0.186 | AP50: =VLOOKUP($AJ50,Landcover!$A$3:$K$30,7,FALSE)/1000 -> 6.258 | AR50: =SUM('GHG data from Eurostat'!CX56,'GHG data from Eurostat'!DC56,'GHG data from Eurostat'!DG56,'GHG data from Eurostat'!DM56,'GHG data from Eurostat'!DP56,'GHG data from Eurostat'!DV56) -> 0.27641 | AS50: ='GHG data from Eurostat'!DS56+'GHG data from Eurostat'!DT56 -> -5.28272 | AT50: ='GHG data from Eurostat'!EA56+'GHG data from Eurostat'!EB56 -> 0.00207 | AU50: ='GHG data from Eurostat'!ED56 -> 0.01084 | AV50: ='GHG data from Eurostat'!EL56 -> 0 | AW50: =SUM(AR50:AV50) -> -4.9934 | AX50: =AR50/AL50 -> 0.029361589 | AY50: =AS50/AM50 -> -0.19403218 | AZ50: =AT50/AN50 -> 0.0002104942 | BA50: =AU50/AO50 -> 0.05827957 | BB50: =AV50/AP50 -> 0 | BD50: =ROUND(AX50,4) -> 0.0294 | BE50: =ROUND(AY50,4) -> -0.194 | BF50: =ROUND(AZ50,4) -> 0.0002 | BG50: =ROUND(BA50,4) -> 0.0583 | BH50: =ROUND(BB50,4) -> 0 | BJ50: =AJ50 -> Croatia | BK50: **CO2 | BL50: ='GHG data from Eurostat'!EP56 -> -0.76166
G51: Croatia | H51: CH4 | I51: =VLOOKUP($G51,$A$5:$E$32,2,FALSE) -> 0.3147 | J51: =VLOOKUP($G51,$A$5:$E$32,3,FALSE) -> 0.414 | K51: =VLOOKUP($G51,$A$5:$E$32,4,FALSE) -> 0.549 | L51: =VLOOKUP($G51,$A$5:$E$32,5,FALSE) -> 0.0716 | M51: ='GHG data from Eurostat'!CP57 -> 0.00157 | N51: ='GHG data from Eurostat'!CN57 -> 0.03241 | O51: ='GHG data from Eurostat'!CQ57 -> 0.00087 | P51: ='GHG data from Eurostat'!CO57 -> 0.00509 | Q51: ='GHG data from Eurostat'!CU57 -> 0.0072 | R51: =IFERROR(('GHG data from Eurostat'!CS57+'GHG data from Eurostat'!CW57),0) -> 0.00835 | S51: ='GHG data from Eurostat'!CV57 -> 0.00051 | T51: ='GHG data from Eurostat'!CT57 -> 0.00014 | U51: =(Q51+M51)*1000 -> 8.77 | V51: =(R51+N51)*1000 -> 40.76 | W51: =(S51+O51)*1000 -> 1.38 | X51: =(T51+P51)*1000 -> 5.23 | Y51: =SUM(U51:X51) -> 56.14 | Z51: =IFERROR((M51+Q51)*1000/I51,0) -> 27.867811 | AA51: =IFERROR((N51+R51)*1000/J51,0) -> 98.454106 | AB51: =IFERROR((O51+S51)*1000/K51,0) -> 2.5136612 | AC51: =IFERROR((P51+T51)*1000/L51,0) -> 73.044693 | AE51: =ROUND(Z51,3) -> 27.868 | AF51: =ROUND(AA51,3) -> 98.454 | AG51: =ROUND(AB51,3) -> 2.514 | AH51: =ROUND(AC51,3) -> 73.045 | AJ51: Croatia | AK51: CH4 | AL51: =VLOOKUP($AJ51,Landcover!$A$3:$K$30,5,FALSE)/1000 -> 9.414 | AM51: =VLOOKUP($AJ51,Landcover!$A$3:$K$30,6,FALSE)/1000 -> 27.226 | AN51: =VLOOKUP($AJ51,Landcover!$A$3:$K$30,8,FALSE)/1000 -> 9.834 | AO51: =VLOOKUP($AJ51,Landcover!$A$3:$K$30,11,FALSE)/1000 -> 0.186 | AP51: =VLOOKUP($AJ51,Landcover!$A$3:$K$30,7,FALSE)/1000 -> 6.258 | AR51: =SUM('GHG data from Eurostat'!CX57,'GHG data from Eurostat'!DC57,'GHG data from Eurostat'!DG57,'GHG data from Eurostat'!DM57,'GHG data from Eurostat'!DP57,'GHG data from Eurostat'!DV57) -> 0 | AS51: ='GHG data from Eurostat'!DS57+'GHG data from Eurostat'!DT57 -> 3e-05 | AT51: ='GHG data from Eurostat'!EA57+'GHG data from Eurostat'!EB57 -> 2e-05 | AU51: ='GHG data from Eurostat'!ED57 -> 0 | AV51: ='GHG data from Eurostat'!EL57 -> 0 | AW51: =SUM(AR51:AV51) -> 5e-05 | AX51: =IFERROR(AR51*1000/AL51,0) -> 0 | AY51: =IFERROR(AS51*1000/AM51,0) -> 0.0011018879 | AZ51: =IFERROR(AT51*1000/AN51,0) -> 0.0020337604 | BA51: =IFERROR(AU51*1000/AO51,0) -> 0 | BB51: =IFERROR(AV51*1000/AP51,0) -> 0 | BD51: =ROUND(AX51,4) -> 0 | BE51: =ROUND(AY51,4) -> 0.0011 | BF51: =ROUND(AZ51,4) -> 0.002 | BG51: =ROUND(BA51,4) -> 0 | BH51: =ROUND(BB51,4) -> 0 | BJ51: =AJ51 -> Croatia | BK51: **CH4 | BL51: ='GHG data from Eurostat'!EP57 -> 0
G52: Croatia | H52: N2O | I52: =VLOOKUP($G52,$A$5:$E$32,2,FALSE) -> 0.3147 | J52: =VLOOKUP($G52,$A$5:$E$32,3,FALSE) -> 0.414 | K52: =VLOOKUP($G52,$A$5:$E$32,4,FALSE) -> 0.549 | L52: =VLOOKUP($G52,$A$5:$E$32,5,FALSE) -> 0.0716 | M52: ='GHG data from Eurostat'!CP58 -> 0 | N52: ='GHG data from Eurostat'!CN58 -> 0 | O52: ='GHG data from Eurostat'!CQ58 -> 0 | P52: ='GHG data from Eurostat'!CO58 -> 0 | Q52: ='GHG data from Eurostat'!CU58 -> 1e-05 | R52: =IFERROR(('GHG data from Eurostat'!CS58+'GHG data from Eurostat'!CW58),0) -> 0.00034 | S52: ='GHG data from Eurostat'!CV58 -> 5e-05 | T52: ='GHG data from Eurostat'!CT58 -> 1e-05 | U52: =(Q52+M52)*1000 -> 0.01 | V52: =(R52+N52)*1000 -> 0.34 | W52: =(S52+O52)*1000 -> 0.05 | X52: =(T52+P52)*1000 -> 0.01 | Y52: =SUM(U52:X52) -> 0.41 | Z52: =IFERROR((M52+Q52)*1000/I52,0) -> 0.031776295 | AA52: =IFERROR((N52+R52)*1000/J52,0) -> 0.82125604 | AB52: =IFERROR((O52+S52)*1000/K52,0) -> 0.091074681 | AC52: =IFERROR((P52+T52)*1000/L52,0) -> 0.1396648 | AE52: =ROUND(Z52,3) -> 0.032 | AF52: =ROUND(AA52,3) -> 0.821 | AG52: =ROUND(AB52,3) -> 0.091 | AH52: =ROUND(AC52,3) -> 0.14 | AJ52: Croatia | AK52: N2O | AL52: =VLOOKUP($AJ52,Landcover!$A$3:$K$30,5,FALSE)/1000 -> 9.414 | AM52: =VLOOKUP($AJ52,Landcover!$A$3:$K$30,6,FALSE)/1000 -> 27.226 | AN52: =VLOOKUP($AJ52,Landcover!$A$3:$K$30,8,FALSE)/1000 -> 9.834 | AO52: =VLOOKUP($AJ52,Landcover!$A$3:$K$30,11,FALSE)/1000 -> 0.186 | AP52: =VLOOKUP($AJ52,Landcover!$A$3:$K$30,7,FALSE)/1000 -> 6.258 | AR52: =SUM('GHG data from Eurostat'!CX58,'GHG data from Eurostat'!DC58,'GHG data from Eurostat'!DG58,'GHG data from Eurostat'!DM58,'GHG data from Eurostat'!DP58,'GHG data from Eurostat'!DV58) -> 0.0037 | AS52: ='GHG data from Eurostat'!DS58+'GHG data from Eurostat'!DT58 -> 0 | AT52: ='GHG data from Eurostat'!EA58+'GHG data from Eurostat'!EB58 -> 0 | AU52: ='GHG data from Eurostat'!ED58 -> 0 | AV52: ='GHG data from Eurostat'!EL58 -> 0 | AW52: =SUM(AR52:AV52) -> 0.0037 | AX52: =IFERROR(AR52*1000/AL52,0) -> 0.39303165 | AY52: =IFERROR(AS52*1000/AM52,0) -> 0 | AZ52: =IFERROR(AT52*1000/AN52,0) -> 0 | BA52: =IFERROR(AU52*1000/AO52,0) -> 0 | BB52: =IFERROR(AV52*1000/AP52,0) -> 0 | BD52: =ROUND(AX52,4) -> 0.393 | BE52: =ROUND(AY52,4) -> 0 | BF52: =ROUND(AZ52,4) -> 0 | BG52: =ROUND(BA52,4) -> 0 | BH52: =ROUND(BB52,4) -> 0 | BJ52: =AJ52 -> Croatia | BK52: **N2O | BL52: ='GHG data from Eurostat'!EP58 -> 0
G53: Italy | H53: CO2e | I53: =VLOOKUP($G53,$A$5:$E$32,2,FALSE) -> 2.547669 | J53: =VLOOKUP($G53,$A$5:$E$32,3,FALSE) -> 6.31116 | K53: =VLOOKUP($G53,$A$5:$E$32,4,FALSE) -> 8.144 | L53: =VLOOKUP($G53,$A$5:$E$32,5,FALSE) -> 0.816541 | M53: ='GHG data from Eurostat'!CP59 -> 0.35667 | N53: ='GHG data from Eurostat'!CN59 -> 11.53439 | O53: ='GHG data from Eurostat'!CQ59 -> 1.22919 | P53: ='GHG data from Eurostat'!CO59 -> 1.49851 | Q53: ='GHG data from Eurostat'!CU59 -> 2.15846 | R53: =IFERROR(('GHG data from Eurostat'!CS59+'GHG data from Eurostat'!CW59),0) -> 3.76707 | S53: ='GHG data from Eurostat'!CV59 -> 0.64608 | T53: ='GHG data from Eurostat'!CT59 -> 0.07647 | U53: =Q53+M53 -> 2.51513 | V53: =R53+N53 -> 15.30146 | W53: =S53+O53 -> 1.87527 | X53: =T53+P53 -> 1.57498 | Y53: =SUM(U53:X53) -> 21.26684 | Z53: =(M53+Q53)/I53 -> 0.98722793 | AA53: =(N53+R53)/J53 -> 2.4245083 | AB53: =(O53+S53)/K53 -> 0.230264 | AC53: =(P53+T53)/L53 -> 1.9288437 | AE53: =ROUND(Z53,3) -> 0.987 | AF53: =ROUND(AA53,3) -> 2.425 | AG53: =ROUND(AB53,3) -> 0.23 | AH53: =ROUND(AC53,3) -> 1.929 | AJ53: Italy | AK53: CO2e | AL53: =VLOOKUP($AJ53,Landcover!$A$3:$K$30,5,FALSE)/1000 -> 95.612 | AM53: =VLOOKUP($AJ53,Landcover!$A$3:$K$30,6,FALSE)/1000 -> 106.337 | AN53: =VLOOKUP($AJ53,Landcover!$A$3:$K$30,8,FALSE)/1000 -> 49.568 | AO53: =VLOOKUP($AJ53,Landcover!$A$3:$K$30,11,FALSE)/1000 -> 0.507 | AP53: =VLOOKUP($AJ53,Landcover!$A$3:$K$30,7,FALSE)/1000 -> 18.004 | AR53: =SUM('GHG data from Eurostat'!CX59,'GHG data from Eurostat'!DC59,'GHG data from Eurostat'!DG59,'GHG data from Eurostat'!DM59,'GHG data from Eurostat'!DP59,'GHG data from Eurostat'!DV59) -> 11.76175 | AS53: ='GHG data from Eurostat'!DS59+'GHG data from Eurostat'!DT59 -> -38.3051 | AT53: ='GHG data from Eurostat'!EA59+'GHG data from Eurostat'!EB59 -> -2.84959 | AU53: ='GHG data from Eurostat'!ED59 -> 0.03161 | AV53: ='GHG data from Eurostat'!EL59 -> 0 | AW53: =SUM(AR53:AV53) -> -29.36133 | AX53: =AR53/AL53 -> 0.12301542 | AY53: =AS53/AM53 -> -0.36022363 | AZ53: =AT53/AN53 -> -0.057488501 | BA53: =AU53/AO53 -> 0.06234714 | BB53: =AV53/AP53 -> 0 | BD53: =ROUND(AX53,4) -> 0.123 | BE53: =ROUND(AY53,4) -> -0.3602 | BF53: =ROUND(AZ53,4) -> -0.0575 | BG53: =ROUND(BA53,4) -> 0.0623 | BH53: =ROUND(BB53,4) -> 0 | BJ53: =AJ53 -> Italy | BK53: **CO2e | BL53: ='GHG data from Eurostat'!EP59 -> 0.2641
G54: Italy | H54: CO2 | I54: =VLOOKUP($G54,$A$5:$E$32,2,FALSE) -> 2.547669 | J54: =VLOOKUP($G54,$A$5:$E$32,3,FALSE) -> 6.31116 | K54: =VLOOKUP($G54,$A$5:$E$32,4,FALSE) -> 8.144 | L54: =VLOOKUP($G54,$A$5:$E$32,5,FALSE) -> 0.816541 | M54: ='GHG data from Eurostat'!CP60 -> 0 | N54: ='GHG data from Eurostat'!CN60 -> 0 | O54: ='GHG data from Eurostat'!CQ60 -> 0 | P54: ='GHG data from Eurostat'!CO60 -> 0 | Q54: ='GHG data from Eurostat'!CU60 -> 0 | R54: =IFERROR(('GHG data from Eurostat'!CS60+'GHG data from Eurostat'!CW60),0) -> 0 | S54: ='GHG data from Eurostat'!CV60 -> 0 | T54: ='GHG data from Eurostat'!CT60 -> 0 | U54: =Q54+M54 -> 0 | V54: =R54+N54 -> 0 | W54: =S54+O54 -> 0 | X54: =T54+P54 -> 0 | Y54: =SUM(U54:X54) -> 0 | Z54: =(M54+Q54)/I54 -> 0 | AA54: =(N54+R54)/J54 -> 0 | AB54: =(O54+S54)/K54 -> 0 | AC54: =(P54+T54)/L54 -> 0 | AE54: =ROUND(Z54,3) -> 0 | AF54: =ROUND(AA54,3) -> 0 | AG54: =ROUND(AB54,3) -> 0 | AH54: =ROUND(AC54,3) -> 0 | AJ54: Italy | AK54: CO2 | AL54: =VLOOKUP($AJ54,Landcover!$A$3:$K$30,5,FALSE)/1000 -> 95.612 | AM54: =VLOOKUP($AJ54,Landcover!$A$3:$K$30,6,FALSE)/1000 -> 106.337 | AN54: =VLOOKUP($AJ54,Landcover!$A$3:$K$30,8,FALSE)/1000 -> 49.568 | AO54: =VLOOKUP($AJ54,Landcover!$A$3:$K$30,11,FALSE)/1000 -> 0.507 | AP54: =VLOOKUP($AJ54,Landcover!$A$3:$K$30,7,FALSE)/1000 -> 18.004 | AR54: =SUM('GHG data from Eurostat'!CX60,'GHG data from Eurostat'!DC60,'GHG data from Eurostat'!DG60,'GHG data from Eurostat'!DM60,'GHG data from Eurostat'!DP60,'GHG data from Eurostat'!DV60) -> 0.66297 | AS54: ='GHG data from Eurostat'!DS60+'GHG data from Eurostat'!DT60 -> -38.39716 | AT54: ='GHG data from Eurostat'!EA60+'GHG data from Eurostat'!EB60 -> -2.8745 | AU54: ='GHG data from Eurostat'!ED60 -> 0.03161 | AV54: ='GHG data from Eurostat'!EL60 -> 0 | AW54: =SUM(AR54:AV54) -> -40.57708 | AX54: =AR54/AL54 -> 0.0069339623 | AY54: =AS54/AM54 -> -0.36108937 | AZ54: =AT54/AN54 -> -0.057991043 | BA54: =AU54/AO54 -> 0.06234714 | BB54: =AV54/AP54 -> 0 | BD54: =ROUND(AX54,4) -> 0.0069 | BE54: =ROUND(AY54,4) -> -0.3611 | BF54: =ROUND(AZ54,4) -> -0.058 | BG54: =ROUND(BA54,4) -> 0.0623 | BH54: =ROUND(BB54,4) -> 0 | BJ54: =AJ54 -> Italy | BK54: **CO2 | BL54: ='GHG data from Eurostat'!EP60 -> 0.2641
G55: Italy | H55: CH4 | I55: =VLOOKUP($G55,$A$5:$E$32,2,FALSE) -> 2.547669 | J55: =VLOOKUP($G55,$A$5:$E$32,3,FALSE) -> 6.31116 | K55: =VLOOKUP($G55,$A$5:$E$32,4,FALSE) -> 8.144 | L55: =VLOOKUP($G55,$A$5:$E$32,5,FALSE) -> 0.816541 | M55: ='GHG data from Eurostat'!CP61 -> 0.01274 | N55: ='GHG data from Eurostat'!CN61 -> 0.41194 | O55: ='GHG data from Eurostat'!CQ61 -> 0.0439 | P55: ='GHG data from Eurostat'!CO61 -> 0.05352 | Q55: ='GHG data from Eurostat'!CU61 -> 0.06961 | R55: =IFERROR(('GHG data from Eurostat'!CS61+'GHG data from Eurostat'!CW61),0) -> 0.0882 | S55: ='GHG data from Eurostat'!CV61 -> 0.0144 | T55: ='GHG data from Eurostat'!CT61 -> 0.00187 | U55: =(Q55+M55)*1000 -> 82.35 | V55: =(R55+N55)*1000 -> 500.14 | W55: =(S55+O55)*1000 -> 58.3 | X55: =(T55+P55)*1000 -> 55.39 | Y55: =SUM(U55:X55) -> 696.18 | Z55: =IFERROR((M55+Q55)*1000/I55,0) -> 32.323665 | AA55: =IFERROR((N55+R55)*1000/J55,0) -> 79.246921 | AB55: =IFERROR((O55+S55)*1000/K55,0) -> 7.1586444 | AC55: =IFERROR((P55+T55)*1000/L55,0) -> 67.834928 | AE55: =ROUND(Z55,3) -> 32.324 | AF55: =ROUND(AA55,3) -> 79.247 | AG55: =ROUND(AB55,3) -> 7.159 | AH55: =ROUND(AC55,3) -> 67.835 | AJ55: Italy | AK55: CH4 | AL55: =VLOOKUP($AJ55,Landcover!$A$3:$K$30,5,FALSE)/1000 -> 95.612 | AM55: =VLOOKUP($AJ55,Landcover!$A$3:$K$30,6,FALSE)/1000 -> 106.337 | AN55: =VLOOKUP($AJ55,Landcover!$A$3:$K$30,8,FALSE)/1000 -> 49.568 | AO55: =VLOOKUP($AJ55,Landcover!$A$3:$K$30,11,FALSE)/1000 -> 0.507 | AP55: =VLOOKUP($AJ55,Landcover!$A$3:$K$30,7,FALSE)/1000 -> 18.004 | AR55: =SUM('GHG data from Eurostat'!CX61,'GHG data from Eurostat'!DC61,'GHG data from Eurostat'!DG61,'GHG data from Eurostat'!DM61,'GHG data from Eurostat'!DP61,'GHG data from Eurostat'!DV61) -> 0.06484 | AS55: ='GHG data from Eurostat'!DS61+'GHG data from Eurostat'!DT61 -> 0.00216 | AT55: ='GHG data from Eurostat'!EA61+'GHG data from Eurostat'!EB61 -> 0.00058 | AU55: ='GHG data from Eurostat'!ED61 -> 0 | AV55: ='GHG data from Eurostat'!EL61 -> 0 | AW55: =SUM(AR55:AV55) -> 0.06758 | AX55: =IFERROR(AR55*1000/AL55,0) -> 0.67815755 | AY55: =IFERROR(AS55*1000/AM55,0) -> 0.020312779 | AZ55: =IFERROR(AT55*1000/AN55,0) -> 0.011701097 | BA55: =IFERROR(AU55*1000/AO55,0) -> 0 | BB55: =IFERROR(AV55*1000/AP55,0) -> 0 | BD55: =ROUND(AX55,4) -> 0.6782 | BE55: =ROUND(AY55,4) -> 0.0203 | BF55: =ROUND(AZ55,4) -> 0.0117 | BG55: =ROUND(BA55,4) -> 0 | BH55: =ROUND(BB55,4) -> 0 | BJ55: =AJ55 -> Italy | BK55: **CH4 | BL55: ='GHG data from Eurostat'!EP61 -> 0
G56: Italy | H56: N2O | I56: =VLOOKUP($G56,$A$5:$E$32,2,FALSE) -> 2.547669 | J56: =VLOOKUP($G56,$A$5:$E$32,3,FALSE) -> 6.31116 | K56: =VLOOKUP($G56,$A$5:$E$32,4,FALSE) -> 8.144 | L56: =VLOOKUP($G56,$A$5:$E$32,5,FALSE) -> 0.816541 | M56: ='GHG data from Eurostat'!CP62 -> 0 | N56: ='GHG data from Eurostat'!CN62 -> 0 | O56: ='GHG data from Eurostat'!CQ62 -> 0 | P56: ='GHG data from Eurostat'!CO62 -> 0 | Q56: ='GHG data from Eurostat'!CU62 -> 0.00079 | R56: =IFERROR(('GHG data from Eurostat'!CS62+'GHG data from Eurostat'!CW62),0) -> 0.00489 | S56: ='GHG data from Eurostat'!CV62 -> 0.00092 | T56: ='GHG data from Eurostat'!CT62 -> 9e-05 | U56: =(Q56+M56)*1000 -> 0.79 | V56: =(R56+N56)*1000 -> 4.89 | W56: =(S56+O56)*1000 -> 0.92 | X56: =(T56+P56)*1000 -> 0.09 | Y56: =SUM(U56:X56) -> 6.69 | Z56: =IFERROR((M56+Q56)*1000/I56,0) -> 0.31008738 | AA56: =IFERROR((N56+R56)*1000/J56,0) -> 0.77481794 | AB56: =IFERROR((O56+S56)*1000/K56,0) -> 0.1129666 | AC56: =IFERROR((P56+T56)*1000/L56,0) -> 0.11022104 | AE56: =ROUND(Z56,3) -> 0.31 | AF56: =ROUND(AA56,3) -> 0.775 | AG56: =ROUND(AB56,3) -> 0.113 | AH56: =ROUND(AC56,3) -> 0.11 | AJ56: Italy | AK56: N2O | AL56: =VLOOKUP($AJ56,Landcover!$A$3:$K$30,5,FALSE)/1000 -> 95.612 | AM56: =VLOOKUP($AJ56,Landcover!$A$3:$K$30,6,FALSE)/1000 -> 106.337 | AN56: =VLOOKUP($AJ56,Landcover!$A$3:$K$30,8,FALSE)/1000 -> 49.568 | AO56: =VLOOKUP($AJ56,Landcover!$A$3:$K$30,11,FALSE)/1000 -> 0.507 | AP56: =VLOOKUP($AJ56,Landcover!$A$3:$K$30,7,FALSE)/1000 -> 18.004 | AR56: =SUM('GHG data from Eurostat'!CX62,'GHG data from Eurostat'!DC62,'GHG data from Eurostat'!DG62,'GHG data from Eurostat'!DM62,'GHG data from Eurostat'!DP62,'GHG data from Eurostat'!DV62) -> 0.03503 | AS56: ='GHG data from Eurostat'!DS62+'GHG data from Eurostat'!DT62 -> 0.00012 | AT56: ='GHG data from Eurostat'!EA62+'GHG data from Eurostat'!EB62 -> 3e-05 | AU56: ='GHG data from Eurostat'!ED62 -> 0 | AV56: ='GHG data from Eurostat'!EL62 -> 0 | AW56: =SUM(AR56:AV56) -> 0.03518 | AX56: =IFERROR(AR56*1000/AL56,0) -> 0.36637661 | AY56: =IFERROR(AS56*1000/AM56,0) -> 0.0011284877 | AZ56: =IFERROR(AT56*1000/AN56,0) -> 0.00060522918 | BA56: =IFERROR(AU56*1000/AO56,0) -> 0 | BB56: =IFERROR(AV56*1000/AP56,0) -> 0 | BD56: =ROUND(AX56,4) -> 0.3664 | BE56: =ROUND(AY56,4) -> 0.0011 | BF56: =ROUND(AZ56,4) -> 0.0006 | BG56: =ROUND(BA56,4) -> 0 | BH56: =ROUND(BB56,4) -> 0 | BJ56: =AJ56 -> Italy | BK56: **N2O | BL56: ='GHG data from Eurostat'!EP62 -> 0
G57: Cyprus | H57: CO2e | I57: =VLOOKUP($G57,$A$5:$E$32,2,FALSE) -> 0.108615 | J57: =VLOOKUP($G57,$A$5:$E$32,3,FALSE) -> 0.07082 | K57: =VLOOKUP($G57,$A$5:$E$32,4,FALSE) -> 0.178 | L57: =VLOOKUP($G57,$A$5:$E$32,5,FALSE) -> 0.05614 | M57: ='GHG data from Eurostat'!CP63 -> 0.01521 | N57: ='GHG data from Eurostat'!CN63 -> 0.17251 | O57: ='GHG data from Eurostat'!CQ63 -> 0.03561 | P57: ='GHG data from Eurostat'!CO63 -> 0.06966 | Q57: ='GHG data from Eurostat'!CU63 -> 0.04387 | R57: =IFERROR(('GHG data from Eurostat'!CS63+'GHG data from Eurostat'!CW63),0) -> 0.06143 | S57: ='GHG data from Eurostat'!CV63 -> 0.0187 | T57: ='GHG data from Eurostat'!CT63 -> 0.0155 | U57: =Q57+M57 -> 0.05908 | V57: =R57+N57 -> 0.23394 | W57: =S57+O57 -> 0.05431 | X57: =T57+P57 -> 0.08516 | Y57: =SUM(U57:X57) -> 0.43249 | Z57: =(M57+Q57)/I57 -> 0.5439396 | AA57: =(N57+R57)/J57 -> 3.3033042 | AB57: =(O57+S57)/K57 -> 0.30511236 | AC57: =(P57+T57)/L57 -> 1.516922 | AE57: =ROUND(Z57,3) -> 0.544 | AF57: =ROUND(AA57,3) -> 3.303 | AG57: =ROUND(AB57,3) -> 0.305 | AH57: =ROUND(AC57,3) -> 1.517 | AJ57: Cyprus | AK57: CO2e | AL57: =VLOOKUP($AJ57,Landcover!$A$3:$K$30,5,FALSE)/1000 -> 2.817 | AM57: =VLOOKUP($AJ57,Landcover!$A$3:$K$30,6,FALSE)/1000 -> 2.224 | AN57: =VLOOKUP($AJ57,Landcover!$A$3:$K$30,8,FALSE)/1000 -> 1.012 | AO57: =VLOOKUP($AJ57,Landcover!$A$3:$K$30,11,FALSE)/1000 -> 0.012 | AP57: =VLOOKUP($AJ57,Landcover!$A$3:$K$30,7,FALSE)/1000 -> 2.078 | AR57: =SUM('GHG data from Eurostat'!CX63,'GHG data from Eurostat'!DC63,'GHG data from Eurostat'!DG63,'GHG data from Eurostat'!DM63,'GHG data from Eurostat'!DP63,'GHG data from Eurostat'!DV63) -> -0.08001 | AS57: ='GHG data from Eurostat'!DS63+'GHG data from Eurostat'!DT63 -> -0.16673 | AT57: ='GHG data from Eurostat'!EA63+'GHG data from Eurostat'!EB63 -> -0.0219 | AU57: ='GHG data from Eurostat'!ED63 -> 0.00047 | AV57: ='GHG data from Eurostat'!EL63 -> 6e-05 | AW57: =SUM(AR57:AV57) -> -0.26811 | AX57: =AR57/AL57 -> -0.028402556 | AY57: =AS57/AM57 -> -0.074968525 | AZ57: =AT57/AN57 -> -0.021640316 | BA57: =AU57/AO57 -> 0.039166667 | BB57: =AV57/AP57 -> 2.8873917e-05 | BD57: =ROUND(AX57,4) -> -0.0284 | BE57: =ROUND(AY57,4) -> -0.075 | BF57: =ROUND(AZ57,4) -> -0.0216 | BG57: =ROUND(BA57,4) -> 0.0392 | BH57: =ROUND(BB57,4) -> 0 | BJ57: =AJ57 -> Cyprus | BK57: **CO2e | BL57: ='GHG data from Eurostat'!EP63 -> 0.02224
G58: Cyprus | H58: CO2 | I58: =VLOOKUP($G58,$A$5:$E$32,2,FALSE) -> 0.108615 | J58: =VLOOKUP($G58,$A$5:$E$32,3,FALSE) -> 0.07082 | K58: =VLOOKUP($G58,$A$5:$E$32,4,FALSE) -> 0.178 | L58: =VLOOKUP($G58,$A$5:$E$32,5,FALSE) -> 0.05614 | M58: ='GHG data from Eurostat'!CP64 -> 0 | N58: ='GHG data from Eurostat'!CN64 -> 0 | O58: ='GHG data from Eurostat'!CQ64 -> 0 | P58: ='GHG data from Eurostat'!CO64 -> 0 | Q58: ='GHG data from Eurostat'!CU64 -> 0 | R58: =IFERROR(('GHG data from Eurostat'!CS64+'GHG data from Eurostat'!CW64),0) -> 0 | S58: ='GHG data from Eurostat'!CV64 -> 0 | T58: ='GHG data from Eurostat'!CT64 -> 0 | U58: =Q58+M58 -> 0 | V58: =R58+N58 -> 0 | W58: =S58+O58 -> 0 | X58: =T58+P58 -> 0 | Y58: =SUM(U58:X58) -> 0 | Z58: =(M58+Q58)/I58 -> 0 | AA58: =(N58+R58)/J58 -> 0 | AB58: =(O58+S58)/K58 -> 0 | AC58: =(P58+T58)/L58 -> 0 | AE58: =ROUND(Z58,3) -> 0 | AF58: =ROUND(AA58,3) -> 0 | AG58: =ROUND(AB58,3) -> 0 | AH58: =ROUND(AC58,3) -> 0 | AJ58: Cyprus | AK58: CO2 | AL58: =VLOOKUP($AJ58,Landcover!$A$3:$K$30,5,FALSE)/1000 -> 2.817 | AM58: =VLOOKUP($AJ58,Landcover!$A$3:$K$30,6,FALSE)/1000 -> 2.224 | AN58: =VLOOKUP($AJ58,Landcover!$A$3:$K$30,8,FALSE)/1000 -> 1.012 | AO58: =VLOOKUP($AJ58,Landcover!$A$3:$K$30,11,FALSE)/1000 -> 0.012 | AP58: =VLOOKUP($AJ58,Landcover!$A$3:$K$30,7,FALSE)/1000 -> 2.078 | AR58: =SUM('GHG data from Eurostat'!CX64,'GHG data from Eurostat'!DC64,'GHG data from Eurostat'!DG64,'GHG data from Eurostat'!DM64,'GHG data from Eurostat'!DP64,'GHG data from Eurostat'!DV64) -> -0.12927 | AS58: ='GHG data from Eurostat'!DS64+'GHG data from Eurostat'!DT64 -> -0.16749 | AT58: ='GHG data from Eurostat'!EA64+'GHG data from Eurostat'!EB64 -> -0.0219 | AU58: ='GHG data from Eurostat'!ED64 -> 0.00047 | AV58: ='GHG data from Eurostat'!EL64 -> 6e-05 | AW58: =SUM(AR58:AV58) -> -0.31813 | AX58: =AR58/AL58 -> -0.045889244 | AY58: =AS58/AM58 -> -0.075310252 | AZ58: =AT58/AN58 -> -0.021640316 | BA58: =AU58/AO58 -> 0.039166667 | BB58: =AV58/AP58 -> 2.8873917e-05 | BD58: =ROUND(AX58,4) -> -0.0459 | BE58: =ROUND(AY58,4) -> -0.0753 | BF58: =ROUND(AZ58,4) -> -0.0216 | BG58: =ROUND(BA58,4) -> 0.0392 | BH58: =ROUND(BB58,4) -> 0 | BJ58: =AJ58 -> Cyprus | BK58: **CO2 | BL58: ='GHG data from Eurostat'!EP64 -> 0.02224
G59: Cyprus | H59: CH4 | I59: =VLOOKUP($G59,$A$5:$E$32,2,FALSE) -> 0.108615 | J59: =VLOOKUP($G59,$A$5:$E$32,3,FALSE) -> 0.07082 | K59: =VLOOKUP($G59,$A$5:$E$32,4,FALSE) -> 0.178 | L59: =VLOOKUP($G59,$A$5:$E$32,5,FALSE) -> 0.05614 | M59: ='GHG data from Eurostat'!CP65 -> 0.00054 | N59: ='GHG data from Eurostat'!CN65 -> 0.00616 | O59: ='GHG data from Eurostat'!CQ65 -> 0.00127 | P59: ='GHG data from Eurostat'!CO65 -> 0.00249 | Q59: ='GHG data from Eurostat'!CU65 -> 0.00154 | R59: =IFERROR(('GHG data from Eurostat'!CS65+'GHG data from Eurostat'!CW65),0) -> 0.00093 | S59: ='GHG data from Eurostat'!CV65 -> 0.00013 | T59: ='GHG data from Eurostat'!CT65 -> 9e-05 | U59: =(Q59+M59)*1000 -> 2.08 | V59: =(R59+N59)*1000 -> 7.09 | W59: =(S59+O59)*1000 -> 1.4 | X59: =(T59+P59)*1000 -> 2.58 | Y59: =SUM(U59:X59) -> 13.15 | Z59: =IFERROR((M59+Q59)*1000/I59,0) -> 19.150209 | AA59: =IFERROR((N59+R59)*1000/J59,0) -> 100.11296 | AB59: =IFERROR((O59+S59)*1000/K59,0) -> 7.8651685 | AC59: =IFERROR((P59+T59)*1000/L59,0) -> 45.956537 | AE59: =ROUND(Z59,3) -> 19.15 | AF59: =ROUND(AA59,3) -> 100.113 | AG59: =ROUND(AB59,3) -> 7.865 | AH59: =ROUND(AC59,3) -> 45.957 | AJ59: Cyprus | AK59: CH4 | AL59: =VLOOKUP($AJ59,Landcover!$A$3:$K$30,5,FALSE)/1000 -> 2.817 | AM59: =VLOOKUP($AJ59,Landcover!$A$3:$K$30,6,FALSE)/1000 -> 2.224 | AN59: =VLOOKUP($AJ59,Landcover!$A$3:$K$30,8,FALSE)/1000 -> 1.012 | AO59: =VLOOKUP($AJ59,Landcover!$A$3:$K$30,11,FALSE)/1000 -> 0.012 | AP59: =VLOOKUP($AJ59,Landcover!$A$3:$K$30,7,FALSE)/1000 -> 2.078 | AR59: =SUM('GHG data from Eurostat'!CX65,'GHG data from Eurostat'!DC65,'GHG data from Eurostat'!DG65,'GHG data from Eurostat'!DM65,'GHG data from Eurostat'!DP65,'GHG data from Eurostat'!DV65) -> 1e-05 | AS59: ='GHG data from Eurostat'!DS65+'GHG data from Eurostat'!DT65 -> 2e-05 | AT59: ='GHG data from Eurostat'!EA65+'GHG data from Eurostat'!EB65 -> 0 | AU59: ='GHG data from Eurostat'!ED65 -> 0 | AV59: ='GHG data from Eurostat'!EL65 -> 0 | AW59: =SUM(AR59:AV59) -> 3e-05 | AX59: =IFERROR(AR59*1000/AL59,0) -> 0.0035498758 | AY59: =IFERROR(AS59*1000/AM59,0) -> 0.0089928058 | AZ59: =IFERROR(AT59*1000/AN59,0) -> 0 | BA59: =IFERROR(AU59*1000/AO59,0) -> 0 | BB59: =IFERROR(AV59*1000/AP59,0) -> 0 | BD59: =ROUND(AX59,4) -> 0.0035 | BE59: =ROUND(AY59,4) -> 0.009 | BF59: =ROUND(AZ59,4) -> 0 | BG59: =ROUND(BA59,4) -> 0 | BH59: =ROUND(BB59,4) -> 0 | BJ59: =AJ59 -> Cyprus | BK59: **CH4 | BL59: ='GHG data from Eurostat'!EP65 -> 0
G60: Cyprus | H60: N2O | I60: =VLOOKUP($G60,$A$5:$E$32,2,FALSE) -> 0.108615 | J60: =VLOOKUP($G60,$A$5:$E$32,3,FALSE) -> 0.07082 | K60: =VLOOKUP($G60,$A$5:$E$32,4,FALSE) -> 0.178 | L60: =VLOOKUP($G60,$A$5:$E$32,5,FALSE) -> 0.05614 | M60: ='GHG data from Eurostat'!CP66 -> 0 | N60: ='GHG data from Eurostat'!CN66 -> 0 | O60: ='GHG data from Eurostat'!CQ66 -> 0 | P60: ='GHG data from Eurostat'!CO66 -> 0 | Q60: ='GHG data from Eurostat'!CU66 -> 0 | R60: =IFERROR(('GHG data from Eurostat'!CS66+'GHG data from Eurostat'!CW66),0) -> 0.00013 | S60: ='GHG data from Eurostat'!CV66 -> 6e-05 | T60: ='GHG data from Eurostat'!CT66 -> 5e-05 | U60: =(Q60+M60)*1000 -> 0 | V60: =(R60+N60)*1000 -> 0.13 | W60: =(S60+O60)*1000 -> 0.06 | X60: =(T60+P60)*1000 -> 0.05 | Y60: =SUM(U60:X60) -> 0.24 | Z60: =IFERROR((M60+Q60)*1000/I60,0) -> 0 | AA60: =IFERROR((N60+R60)*1000/J60,0) -> 1.8356396 | AB60: =IFERROR((O60+S60)*1000/K60,0) -> 0.33707865 | AC60: =IFERROR((P60+T60)*1000/L60,0) -> 0.89063057 | AE60: =ROUND(Z60,3) -> 0 | AF60: =ROUND(AA60,3) -> 1.836 | AG60: =ROUND(AB60,3) -> 0.337 | AH60: =ROUND(AC60,3) -> 0.891 | AJ60: Cyprus | AK60: N2O | AL60: =VLOOKUP($AJ60,Landcover!$A$3:$K$30,5,FALSE)/1000 -> 2.817 | AM60: =VLOOKUP($AJ60,Landcover!$A$3:$K$30,6,FALSE)/1000 -> 2.224 | AN60: =VLOOKUP($AJ60,Landcover!$A$3:$K$30,8,FALSE)/1000 -> 1.012 | AO60: =VLOOKUP($AJ60,Landcover!$A$3:$K$30,11,FALSE)/1000 -> 0.012 | AP60: =VLOOKUP($AJ60,Landcover!$A$3:$K$30,7,FALSE)/1000 -> 2.078 | AR60: =SUM('GHG data from Eurostat'!CX66,'GHG data from Eurostat'!DC66,'GHG data from Eurostat'!DG66,'GHG data from Eurostat'!DM66,'GHG data from Eurostat'!DP66,'GHG data from Eurostat'!DV66) -> 0.00018 | AS60: ='GHG data from Eurostat'!DS66+'GHG data from Eurostat'!DT66 -> 0 | AT60: ='GHG data from Eurostat'!EA66+'GHG data from Eurostat'!EB66 -> 0 | AU60: ='GHG data from Eurostat'!ED66 -> 0 | AV60: ='GHG data from Eurostat'!EL66 -> 0 | AW60: =SUM(AR60:AV60) -> 0.00018 | AX60: =IFERROR(AR60*1000/AL60,0) -> 0.063897764 | AY60: =IFERROR(AS60*1000/AM60,0) -> 0 | AZ60: =IFERROR(AT60*1000/AN60,0) -> 0 | BA60: =IFERROR(AU60*1000/AO60,0) -> 0 | BB60: =IFERROR(AV60*1000/AP60,0) -> 0 | BD60: =ROUND(AX60,4) -> 0.0639 | BE60: =ROUND(AY60,4) -> 0 | BF60: =ROUND(AZ60,4) -> 0 | BG60: =ROUND(BA60,4) -> 0 | BH60: =ROUND(BB60,4) -> 0 | BJ60: =AJ60 -> Cyprus | BK60: **N2O | BL60: ='GHG data from Eurostat'!EP66 -> 0
G61: Latvia | H61: CO2e | I61: =VLOOKUP($G61,$A$5:$E$32,2,FALSE) -> 0.09147 | J61: =VLOOKUP($G61,$A$5:$E$32,3,FALSE) -> 0.39533 | K61: =VLOOKUP($G61,$A$5:$E$32,4,FALSE) -> 0.281 | L61: =VLOOKUP($G61,$A$5:$E$32,5,FALSE) -> 0.011953 | M61: ='GHG data from Eurostat'!CP67 -> 0.01281 | N61: ='GHG data from Eurostat'!CN67 -> 0.89966 | O61: ='GHG data from Eurostat'!CQ67 -> 0.01543 | P61: ='GHG data from Eurostat'!CO67 -> 0.02404 | Q61: ='GHG data from Eurostat'!CU67 -> 0.02487 | R61: =IFERROR(('GHG data from Eurostat'!CS67+'GHG data from Eurostat'!CW67),0) -> 0.13046 | S61: ='GHG data from Eurostat'!CV67 -> 0.01069 | T61: ='GHG data from Eurostat'!CT67 -> 0.0029 | U61: =Q61+M61 -> 0.03768 | V61: =R61+N61 -> 1.03012 | W61: =S61+O61 -> 0.02612 | X61: =T61+P61 -> 0.02694 | Y61: =SUM(U61:X61) -> 1.12086 | Z61: =(M61+Q61)/I61 -> 0.41193834 | AA61: =(N61+R61)/J61 -> 2.6057218 | AB61: =(O61+S61)/K61 -> 0.092953737 | AC61: =(P61+T61)/L61 -> 2.2538275 | AE61: =ROUND(Z61,3) -> 0.412 | AF61: =ROUND(AA61,3) -> 2.606 | AG61: =ROUND(AB61,3) -> 0.093 | AH61: =ROUND(AC61,3) -> 2.254 | AJ61: Latvia | AK61: CO2e | AL61: =VLOOKUP($AJ61,Landcover!$A$3:$K$30,5,FALSE)/1000 -> 9.957 | AM61: =VLOOKUP($AJ61,Landcover!$A$3:$K$30,6,FALSE)/1000 -> 35.326 | AN61: =VLOOKUP($AJ61,Landcover!$A$3:$K$30,8,FALSE)/1000 -> 13.489 | AO61: =VLOOKUP($AJ61,Landcover!$A$3:$K$30,11,FALSE)/1000 -> 1.633 | AP61: =VLOOKUP($AJ61,Landcover!$A$3:$K$30,7,FALSE)/1000 -> 0.871 | AR61: =SUM('GHG data from Eurostat'!CX67,'GHG data from Eurostat'!DC67,'GHG data from Eurostat'!DG67,'GHG data from Eurostat'!DM67,'GHG data from Eurostat'!DP67,'GHG data from Eurostat'!DV67) -> 2.56215 | AS61: ='GHG data from Eurostat'!DS67+'GHG data from Eurostat'!DT67 -> -2.84326 | AT61: ='GHG data from Eurostat'!EA67+'GHG data from Eurostat'!EB67 -> 0.95518 | AU61: ='GHG data from Eurostat'!ED67 -> 1.74586 | AV61: ='GHG data from Eurostat'!EL67 -> 0 | AW61: =SUM(AR61:AV61) -> 2.41993 | AX61: =AR61/AL61 -> 0.25732148 | AY61: =AS61/AM61 -> -0.080486327 | AZ61: =AT61/AN61 -> 0.070811773 | BA61: =AU61/AO61 -> 1.0691121 | BB61: =AV61/AP61 -> 0 | BD61: =ROUND(AX61,4) -> 0.2573 | BE61: =ROUND(AY61,4) -> -0.0805 | BF61: =ROUND(AZ61,4) -> 0.0708 | BG61: =ROUND(BA61,4) -> 1.0691 | BH61: =ROUND(BB61,4) -> 0 | BJ61: =AJ61 -> Latvia | BK61: **CO2e | BL61: ='GHG data from Eurostat'!EP67 -> -2.29669
G62: Latvia | H62: CO2 | I62: =VLOOKUP($G62,$A$5:$E$32,2,FALSE) -> 0.09147 | J62: =VLOOKUP($G62,$A$5:$E$32,3,FALSE) -> 0.39533 | K62: =VLOOKUP($G62,$A$5:$E$32,4,FALSE) -> 0.281 | L62: =VLOOKUP($G62,$A$5:$E$32,5,FALSE) -> 0.011953 | M62: ='GHG data from Eurostat'!CP68 -> 0 | N62: ='GHG data from Eurostat'!CN68 -> 0 | O62: ='GHG data from Eurostat'!CQ68 -> 0 | P62: ='GHG data from Eurostat'!CO68 -> 0 | Q62: ='GHG data from Eurostat'!CU68 -> 0 | R62: =IFERROR(('GHG data from Eurostat'!CS68+'GHG data from Eurostat'!CW68),0) -> 0 | S62: ='GHG data from Eurostat'!CV68 -> 0 | T62: ='GHG data from Eurostat'!CT68 -> 0 | U62: =Q62+M62 -> 0 | V62: =R62+N62 -> 0 | W62: =S62+O62 -> 0 | X62: =T62+P62 -> 0 | Y62: =SUM(U62:X62) -> 0 | Z62: =(M62+Q62)/I62 -> 0 | AA62: =(N62+R62)/J62 -> 0 | AB62: =(O62+S62)/K62 -> 0 | AC62: =(P62+T62)/L62 -> 0 | AE62: =ROUND(Z62,3) -> 0 | AF62: =ROUND(AA62,3) -> 0 | AG62: =ROUND(AB62,3) -> 0 | AH62: =ROUND(AC62,3) -> 0 | AJ62: Latvia | AK62: CO2 | AL62: =VLOOKUP($AJ62,Landcover!$A$3:$K$30,5,FALSE)/1000 -> 9.957 | AM62: =VLOOKUP($AJ62,Landcover!$A$3:$K$30,6,FALSE)/1000 -> 35.326 | AN62: =VLOOKUP($AJ62,Landcover!$A$3:$K$30,8,FALSE)/1000 -> 13.489 | AO62: =VLOOKUP($AJ62,Landcover!$A$3:$K$30,11,FALSE)/1000 -> 1.633 | AP62: =VLOOKUP($AJ62,Landcover!$A$3:$K$30,7,FALSE)/1000 -> 0.871 | AR62: =SUM('GHG data from Eurostat'!CX68,'GHG data from Eurostat'!DC68,'GHG data from Eurostat'!DG68,'GHG data from Eurostat'!DM68,'GHG data from Eurostat'!DP68,'GHG data from Eurostat'!DV68) -> 1.49669 | AS62: ='GHG data from Eurostat'!DS68+'GHG data from Eurostat'!DT68 -> -4.44581 | AT62: ='GHG data from Eurostat'!EA68+'GHG data from Eurostat'!EB68 -> 0.55918 | AU62: ='GHG data from Eurostat'!ED68 -> 1.66156 | AV62: ='GHG data from Eurostat'!EL68 -> 0 | AW62: =SUM(AR62:AV62) -> -0.72838 | AX62: =AR62/AL62 -> 0.15031536 | AY62: =AS62/AM62 -> -0.12585093 | AZ62: =AT62/AN62 -> 0.041454518 | BA62: =AU62/AO62 -> 1.0174893 | BB62: =AV62/AP62 -> 0 | BD62: =ROUND(AX62,4) -> 0.1503 | BE62: =ROUND(AY62,4) -> -0.1259 | BF62: =ROUND(AZ62,4) -> 0.0415 | BG62: =ROUND(BA62,4) -> 1.0175 | BH62: =ROUND(BB62,4) -> 0 | BJ62: =AJ62 -> Latvia | BK62: **CO2 | BL62: ='GHG data from Eurostat'!EP68 -> -2.29669
G63: Latvia | H63: CH4 | I63: =VLOOKUP($G63,$A$5:$E$32,2,FALSE) -> 0.09147 | J63: =VLOOKUP($G63,$A$5:$E$32,3,FALSE) -> 0.39533 | K63: =VLOOKUP($G63,$A$5:$E$32,4,FALSE) -> 0.281 | L63: =VLOOKUP($G63,$A$5:$E$32,5,FALSE) -> 0.011953 | M63: ='GHG data from Eurostat'!CP69 -> 0.00046 | N63: ='GHG data from Eurostat'!CN69 -> 0.03213 | O63: ='GHG data from Eurostat'!CQ69 -> 0.00055 | P63: ='GHG data from Eurostat'!CO69 -> 0.00086 | Q63: ='GHG data from Eurostat'!CU69 -> 0.00074 | R63: =IFERROR(('GHG data from Eurostat'!CS69+'GHG data from Eurostat'!CW69),0) -> 0.00264 | S63: ='GHG data from Eurostat'!CV69 -> 0.00019 | T63: ='GHG data from Eurostat'!CT69 -> 2e-05 | U63: =(Q63+M63)*1000 -> 1.2 | V63: =(R63+N63)*1000 -> 34.77 | W63: =(S63+O63)*1000 -> 0.74 | X63: =(T63+P63)*1000 -> 0.88 | Y63: =SUM(U63:X63) -> 37.59 | Z63: =IFERROR((M63+Q63)*1000/I63,0) -> 13.119055 | AA63: =IFERROR((N63+R63)*1000/J63,0) -> 87.951838 | AB63: =IFERROR((O63+S63)*1000/K63,0) -> 2.633452 | AC63: =IFERROR((P63+T63)*1000/L63,0) -> 73.621685 | AE63: =ROUND(Z63,3) -> 13.119 | AF63: =ROUND(AA63,3) -> 87.952 | AG63: =ROUND(AB63,3) -> 2.633 | AH63: =ROUND(AC63,3) -> 73.622 | AJ63: Latvia | AK63: CH4 | AL63: =VLOOKUP($AJ63,Landcover!$A$3:$K$30,5,FALSE)/1000 -> 9.957 | AM63: =VLOOKUP($AJ63,Landcover!$A$3:$K$30,6,FALSE)/1000 -> 35.326 | AN63: =VLOOKUP($AJ63,Landcover!$A$3:$K$30,8,FALSE)/1000 -> 13.489 | AO63: =VLOOKUP($AJ63,Landcover!$A$3:$K$30,11,FALSE)/1000 -> 1.633 | AP63: =VLOOKUP($AJ63,Landcover!$A$3:$K$30,7,FALSE)/1000 -> 0.871 | AR63: =SUM('GHG data from Eurostat'!CX69,'GHG data from Eurostat'!DC69,'GHG data from Eurostat'!DG69,'GHG data from Eurostat'!DM69,'GHG data from Eurostat'!DP69,'GHG data from Eurostat'!DV69) -> 0.00479 | AS63: ='GHG data from Eurostat'!DS69+'GHG data from Eurostat'!DT69 -> 0.02463 | AT63: ='GHG data from Eurostat'!EA69+'GHG data from Eurostat'!EB69 -> 0.01413 | AU63: ='GHG data from Eurostat'!ED69 -> 0.00279 | AV63: ='GHG data from Eurostat'!EL69 -> 0 | AW63: =SUM(AR63:AV63) -> 0.04634 | AX63: =IFERROR(AR63*1000/AL63,0) -> 0.48106859 | AY63: =IFERROR(AS63*1000/AM63,0) -> 0.69722018 | AZ63: =IFERROR(AT63*1000/AN63,0) -> 1.0475202 | BA63: =IFERROR(AU63*1000/AO63,0) -> 1.7085119 | BB63: =IFERROR(AV63*1000/AP63,0) -> 0 | BD63: =ROUND(AX63,4) -> 0.4811 | BE63: =ROUND(AY63,4) -> 0.6972 | BF63: =ROUND(AZ63,4) -> 1.0475 | BG63: =ROUND(BA63,4) -> 1.7085 | BH63: =ROUND(BB63,4) -> 0 | BJ63: =AJ63 -> Latvia | BK63: **CH4 | BL63: ='GHG data from Eurostat'!EP69 -> 0
G64: Latvia | H64: N2O | I64: =VLOOKUP($G64,$A$5:$E$32,2,FALSE) -> 0.09147 | J64: =VLOOKUP($G64,$A$5:$E$32,3,FALSE) -> 0.39533 | K64: =VLOOKUP($G64,$A$5:$E$32,4,FALSE) -> 0.281 | L64: =VLOOKUP($G64,$A$5:$E$32,5,FALSE) -> 0.011953 | M64: ='GHG data from Eurostat'!CP70 -> 0 | N64: ='GHG data from Eurostat'!CN70 -> 0 | O64: ='GHG data from Eurostat'!CQ70 -> 0 | P64: ='GHG data from Eurostat'!CO70 -> 0 | Q64: ='GHG data from Eurostat'!CU70 -> 2e-05 | R64: =IFERROR(('GHG data from Eurostat'!CS70+'GHG data from Eurostat'!CW70),0) -> 0.00021 | S64: ='GHG data from Eurostat'!CV70 -> 2e-05 | T64: ='GHG data from Eurostat'!CT70 -> 1e-05 | U64: =(Q64+M64)*1000 -> 0.02 | V64: =(R64+N64)*1000 -> 0.21 | W64: =(S64+O64)*1000 -> 0.02 | X64: =(T64+P64)*1000 -> 0.01 | Y64: =SUM(U64:X64) -> 0.26 | Z64: =IFERROR((M64+Q64)*1000/I64,0) -> 0.21865092 | AA64: =IFERROR((N64+R64)*1000/J64,0) -> 0.53120178 | AB64: =IFERROR((O64+S64)*1000/K64,0) -> 0.071174377 | AC64: =IFERROR((P64+T64)*1000/L64,0) -> 0.83661006 | AE64: =ROUND(Z64,3) -> 0.219 | AF64: =ROUND(AA64,3) -> 0.531 | AG64: =ROUND(AB64,3) -> 0.071 | AH64: =ROUND(AC64,3) -> 0.837 | AJ64: Latvia | AK64: N2O | AL64: =VLOOKUP($AJ64,Landcover!$A$3:$K$30,5,FALSE)/1000 -> 9.957 | AM64: =VLOOKUP($AJ64,Landcover!$A$3:$K$30,6,FALSE)/1000 -> 35.326 | AN64: =VLOOKUP($AJ64,Landcover!$A$3:$K$30,8,FALSE)/1000 -> 13.489 | AO64: =VLOOKUP($AJ64,Landcover!$A$3:$K$30,11,FALSE)/1000 -> 1.633 | AP64: =VLOOKUP($AJ64,Landcover!$A$3:$K$30,7,FALSE)/1000 -> 0.871 | AR64: =SUM('GHG data from Eurostat'!CX70,'GHG data from Eurostat'!DC70,'GHG data from Eurostat'!DG70,'GHG data from Eurostat'!DM70,'GHG data from Eurostat'!DP70,'GHG data from Eurostat'!DV70) -> 0.00351 | AS64: ='GHG data from Eurostat'!DS70+'GHG data from Eurostat'!DT70 -> 0.00345 | AT64: ='GHG data from Eurostat'!EA70+'GHG data from Eurostat'!EB70 -> 0 | AU64: ='GHG data from Eurostat'!ED70 -> 2e-05 | AV64: ='GHG data from Eurostat'!EL70 -> 0 | AW64: =SUM(AR64:AV64) -> 0.00698 | AX64: =IFERROR(AR64*1000/AL64,0) -> 0.35251582 | AY64: =IFERROR(AS64*1000/AM64,0) -> 0.097661779 | AZ64: =IFERROR(AT64*1000/AN64,0) -> 0 | BA64: =IFERROR(AU64*1000/AO64,0) -> 0.012247397 | BB64: =IFERROR(AV64*1000/AP64,0) -> 0 | BD64: =ROUND(AX64,4) -> 0.3525 | BE64: =ROUND(AY64,4) -> 0.0977 | BF64: =ROUND(AZ64,4) -> 0 | BG64: =ROUND(BA64,4) -> 0.0122 | BH64: =ROUND(BB64,4) -> 0 | BJ64: =AJ64 -> Latvia | BK64: **N2O | BL64: ='GHG data from Eurostat'!EP70 -> 0
G65: Lithuania | H65: CO2e | I65: =VLOOKUP($G65,$A$5:$E$32,2,FALSE) -> 0.1716 | J65: =VLOOKUP($G65,$A$5:$E$32,3,FALSE) -> 0.6535 | K65: =VLOOKUP($G65,$A$5:$E$32,4,FALSE) -> 0.809 | L65: =VLOOKUP($G65,$A$5:$E$32,5,FALSE) -> 0.01786 | M65: ='GHG data from Eurostat'!CP71 -> 0.02308 | N65: ='GHG data from Eurostat'!CN71 -> 1.7006 | O65: ='GHG data from Eurostat'!CQ71 -> 0.01436 | P65: ='GHG data from Eurostat'!CO71 -> 0.05066 | Q65: ='GHG data from Eurostat'!CU71 -> 0.0412 | R65: =IFERROR(('GHG data from Eurostat'!CS71+'GHG data from Eurostat'!CW71),0) -> 0.32081 | S65: ='GHG data from Eurostat'!CV71 -> 0.04462 | T65: ='GHG data from Eurostat'!CT71 -> 0.0042 | U65: =Q65+M65 -> 0.06428 | V65: =R65+N65 -> 2.02141 | W65: =S65+O65 -> 0.05898 | X65: =T65+P65 -> 0.05486 | Y65: =SUM(U65:X65) -> 2.19953 | Z65: =(M65+Q65)/I65 -> 0.37459207 | AA65: =(N65+R65)/J65 -> 3.0932058 | AB65: =(O65+S65)/K65 -> 0.072904821 | AC65: =(P65+T65)/L65 -> 3.0716685 | AE65: =ROUND(Z65,3) -> 0.375 | AF65: =ROUND(AA65,3) -> 3.093 | AG65: =ROUND(AB65,3) -> 0.073 | AH65: =ROUND(AC65,3) -> 3.072 | AJ65: Lithuania | AK65: CO2e | AL65: =VLOOKUP($AJ65,Landcover!$A$3:$K$30,5,FALSE)/1000 -> 20.911 | AM65: =VLOOKUP($AJ65,Landcover!$A$3:$K$30,6,FALSE)/1000 -> 25.504 | AN65: =VLOOKUP($AJ65,Landcover!$A$3:$K$30,8,FALSE)/1000 -> 14.329 | AO65: =VLOOKUP($AJ65,Landcover!$A$3:$K$30,11,FALSE)/1000 -> 0.77 | AP65: =VLOOKUP($AJ65,Landcover!$A$3:$K$30,7,FALSE)/1000 -> 0.317 | AR65: =SUM('GHG data from Eurostat'!CX71,'GHG data from Eurostat'!DC71,'GHG data from Eurostat'!DG71,'GHG data from Eurostat'!DM71,'GHG data from Eurostat'!DP71,'GHG data from Eurostat'!DV71) -> 2.0526 | AS65: ='GHG data from Eurostat'!DS71+'GHG data from Eurostat'!DT71 -> -2.94495 | AT65: ='GHG data from Eurostat'!EA71+'GHG data from Eurostat'!EB71 -> 3.40539 | AU65: ='GHG data from Eurostat'!ED71 -> 0.81423 | AV65: ='GHG data from Eurostat'!EL71 -> 0.73203 | AW65: =SUM(AR65:AV65) -> 4.0593 | AX65: =AR65/AL65 -> 0.098158864 | AY65: =AS65/AM65 -> -0.11547012 | AZ65: =AT65/AN65 -> 0.2376572 | BA65: =AU65/AO65 -> 1.0574416 | BB65: =AV65/AP65 -> 2.3092429 | BD65: =ROUND(AX65,4) -> 0.0982 | BE65: =ROUND(AY65,4) -> -0.1155 | BF65: =ROUND(AZ65,4) -> 0.2377 | BG65: =ROUND(BA65,4) -> 1.0574 | BH65: =ROUND(BB65,4) -> 2.3092 | BJ65: =AJ65 -> Lithuania | BK65: **CO2e | BL65: ='GHG data from Eurostat'!EP71 -> -1.06855
G66: Lithuania | H66: CO2 | I66: =VLOOKUP($G66,$A$5:$E$32,2,FALSE) -> 0.1716 | J66: =VLOOKUP($G66,$A$5:$E$32,3,FALSE) -> 0.6535 | K66: =VLOOKUP($G66,$A$5:$E$32,4,FALSE) -> 0.809 | L66: =VLOOKUP($G66,$A$5:$E$32,5,FALSE) -> 0.01786 | M66: ='GHG data from Eurostat'!CP72 -> 0 | N66: ='GHG data from Eurostat'!CN72 -> 0 | O66: ='GHG data from Eurostat'!CQ72 -> 0 | P66: ='GHG data from Eurostat'!CO72 -> 0 | Q66: ='GHG data from Eurostat'!CU72 -> 0 | R66: =IFERROR(('GHG data from Eurostat'!CS72+'GHG data from Eurostat'!CW72),0) -> 0 | S66: ='GHG data from Eurostat'!CV72 -> 0 | T66: ='GHG data from Eurostat'!CT72 -> 0 | U66: =Q66+M66 -> 0 | V66: =R66+N66 -> 0 | W66: =S66+O66 -> 0 | X66: =T66+P66 -> 0 | Y66: =SUM(U66:X66) -> 0 | Z66: =(M66+Q66)/I66 -> 0 | AA66: =(N66+R66)/J66 -> 0 | AB66: =(O66+S66)/K66 -> 0 | AC66: =(P66+T66)/L66 -> 0 | AE66: =ROUND(Z66,3) -> 0 | AF66: =ROUND(AA66,3) -> 0 | AG66: =ROUND(AB66,3) -> 0 | AH66: =ROUND(AC66,3) -> 0 | AJ66: Lithuania | AK66: CO2 | AL66: =VLOOKUP($AJ66,Landcover!$A$3:$K$30,5,FALSE)/1000 -> 20.911 | AM66: =VLOOKUP($AJ66,Landcover!$A$3:$K$30,6,FALSE)/1000 -> 25.504 | AN66: =VLOOKUP($AJ66,Landcover!$A$3:$K$30,8,FALSE)/1000 -> 14.329 | AO66: =VLOOKUP($AJ66,Landcover!$A$3:$K$30,11,FALSE)/1000 -> 0.77 | AP66: =VLOOKUP($AJ66,Landcover!$A$3:$K$30,7,FALSE)/1000 -> 0.317 | AR66: =SUM('GHG data from Eurostat'!CX72,'GHG data from Eurostat'!DC72,'GHG data from Eurostat'!DG72,'GHG data from Eurostat'!DM72,'GHG data from Eurostat'!DP72,'GHG data from Eurostat'!DV72) -> 0.30014 | AS66: ='GHG data from Eurostat'!DS72+'GHG data from Eurostat'!DT72 -> -3.63906 | AT66: ='GHG data from Eurostat'!EA72+'GHG data from Eurostat'!EB72 -> 3.40078 | AU66: ='GHG data from Eurostat'!ED72 -> 0.81002 | AV66: ='GHG data from Eurostat'!EL72 -> 0.72763 | AW66: =SUM(AR66:AV66) -> 1.59951 | AX66: =AR66/AL66 -> 0.014353211 | AY66: =AS66/AM66 -> -0.14268585 | AZ66: =AT66/AN66 -> 0.23733547 | BA66: =AU66/AO66 -> 1.051974 | BB66: =AV66/AP66 -> 2.2953628 | BD66: =ROUND(AX66,4) -> 0.0144 | BE66: =ROUND(AY66,4) -> -0.1427 | BF66: =ROUND(AZ66,4) -> 0.2373 | BG66: =ROUND(BA66,4) -> 1.052 | BH66: =ROUND(BB66,4) -> 2.2954 | BJ66: =AJ66 -> Lithuania | BK66: **CO2 | BL66: ='GHG data from Eurostat'!EP72 -> -1.06855
G67: Lithuania | H67: CH4 | I67: =VLOOKUP($G67,$A$5:$E$32,2,FALSE) -> 0.1716 | J67: =VLOOKUP($G67,$A$5:$E$32,3,FALSE) -> 0.6535 | K67: =VLOOKUP($G67,$A$5:$E$32,4,FALSE) -> 0.809 | L67: =VLOOKUP($G67,$A$5:$E$32,5,FALSE) -> 0.01786 | M67: ='GHG data from Eurostat'!CP73 -> 0.00082 | N67: ='GHG data from Eurostat'!CN73 -> 0.06074 | O67: ='GHG data from Eurostat'!CQ73 -> 0.00051 | P67: ='GHG data from Eurostat'!CO73 -> 0.00181 | Q67: ='GHG data from Eurostat'!CU73 -> 0.0014 | R67: =IFERROR(('GHG data from Eurostat'!CS73+'GHG data from Eurostat'!CW73),0) -> 0.00626 | S67: ='GHG data from Eurostat'!CV73 -> 0.00113 | T67: ='GHG data from Eurostat'!CT73 -> 7e-05 | U67: =(Q67+M67)*1000 -> 2.22 | V67: =(R67+N67)*1000 -> 67 | W67: =(S67+O67)*1000 -> 1.64 | X67: =(T67+P67)*1000 -> 1.88 | Y67: =SUM(U67:X67) -> 72.74 | Z67: =IFERROR((M67+Q67)*1000/I67,0) -> 12.937063 | AA67: =IFERROR((N67+R67)*1000/J67,0) -> 102.52487 | AB67: =IFERROR((O67+S67)*1000/K67,0) -> 2.0271941 | AC67: =IFERROR((P67+T67)*1000/L67,0) -> 105.26316 | AE67: =ROUND(Z67,3) -> 12.937 | AF67: =ROUND(AA67,3) -> 102.525 | AG67: =ROUND(AB67,3) -> 2.027 | AH67: =ROUND(AC67,3) -> 105.263 | AJ67: Lithuania | AK67: CH4 | AL67: =VLOOKUP($AJ67,Landcover!$A$3:$K$30,5,FALSE)/1000 -> 20.911 | AM67: =VLOOKUP($AJ67,Landcover!$A$3:$K$30,6,FALSE)/1000 -> 25.504 | AN67: =VLOOKUP($AJ67,Landcover!$A$3:$K$30,8,FALSE)/1000 -> 14.329 | AO67: =VLOOKUP($AJ67,Landcover!$A$3:$K$30,11,FALSE)/1000 -> 0.77 | AP67: =VLOOKUP($AJ67,Landcover!$A$3:$K$30,7,FALSE)/1000 -> 0.317 | AR67: =SUM('GHG data from Eurostat'!CX73,'GHG data from Eurostat'!DC73,'GHG data from Eurostat'!DG73,'GHG data from Eurostat'!DM73,'GHG data from Eurostat'!DP73,'GHG data from Eurostat'!DV73) -> 2e-05 | AS67: ='GHG data from Eurostat'!DS73+'GHG data from Eurostat'!DT73 -> 1e-05 | AT67: ='GHG data from Eurostat'!EA73+'GHG data from Eurostat'!EB73 -> 0.00015 | AU67: ='GHG data from Eurostat'!ED73 -> 0 | AV67: ='GHG data from Eurostat'!EL73 -> 0 | AW67: =SUM(AR67:AV67) -> 0.00018 | AX67: =IFERROR(AR67*1000/AL67,0) -> 0.00095643441 | AY67: =IFERROR(AS67*1000/AM67,0) -> 0.00039209536 | AZ67: =IFERROR(AT67*1000/AN67,0) -> 0.010468281 | BA67: =IFERROR(AU67*1000/AO67,0) -> 0 | BB67: =IFERROR(AV67*1000/AP67,0) -> 0 | BD67: =ROUND(AX67,4) -> 0.001 | BE67: =ROUND(AY67,4) -> 0.0004 | BF67: =ROUND(AZ67,4) -> 0.0105 | BG67: =ROUND(BA67,4) -> 0 | BH67: =ROUND(BB67,4) -> 0 | BJ67: =AJ67 -> Lithuania | BK67: **CH4 | BL67: ='GHG data from Eurostat'!EP73 -> 0
G68: Lithuania | H68: N2O | I68: =VLOOKUP($G68,$A$5:$E$32,2,FALSE) -> 0.1716 | J68: =VLOOKUP($G68,$A$5:$E$32,3,FALSE) -> 0.6535 | K68: =VLOOKUP($G68,$A$5:$E$32,4,FALSE) -> 0.809 | L68: =VLOOKUP($G68,$A$5:$E$32,5,FALSE) -> 0.01786 | M68: ='GHG data from Eurostat'!CP74 -> 0 | N68: ='GHG data from Eurostat'!CN74 -> 0 | O68: ='GHG data from Eurostat'!CQ74 -> 0 | P68: ='GHG data from Eurostat'!CO74 -> 0 | Q68: ='GHG data from Eurostat'!CU74 -> 1e-05 | R68: =IFERROR(('GHG data from Eurostat'!CS74+'GHG data from Eurostat'!CW74),0) -> 0.00055 | S68: ='GHG data from Eurostat'!CV74 -> 5e-05 | T68: ='GHG data from Eurostat'!CT74 -> 1e-05 | U68: =(Q68+M68)*1000 -> 0.01 | V68: =(R68+N68)*1000 -> 0.55 | W68: =(S68+O68)*1000 -> 0.05 | X68: =(T68+P68)*1000 -> 0.01 | Y68: =SUM(U68:X68) -> 0.62 | Z68: =IFERROR((M68+Q68)*1000/I68,0) -> 0.058275058 | AA68: =IFERROR((N68+R68)*1000/J68,0) -> 0.84162204 | AB68: =IFERROR((O68+S68)*1000/K68,0) -> 0.061804697 | AC68: =IFERROR((P68+T68)*1000/L68,0) -> 0.55991041 | AE68: =ROUND(Z68,3) -> 0.058 | AF68: =ROUND(AA68,3) -> 0.842 | AG68: =ROUND(AB68,3) -> 0.062 | AH68: =ROUND(AC68,3) -> 0.56 | AJ68: Lithuania | AK68: N2O | AL68: =VLOOKUP($AJ68,Landcover!$A$3:$K$30,5,FALSE)/1000 -> 20.911 | AM68: =VLOOKUP($AJ68,Landcover!$A$3:$K$30,6,FALSE)/1000 -> 25.504 | AN68: =VLOOKUP($AJ68,Landcover!$A$3:$K$30,8,FALSE)/1000 -> 14.329 | AO68: =VLOOKUP($AJ68,Landcover!$A$3:$K$30,11,FALSE)/1000 -> 0.77 | AP68: =VLOOKUP($AJ68,Landcover!$A$3:$K$30,7,FALSE)/1000 -> 0.317 | AR68: =SUM('GHG data from Eurostat'!CX74,'GHG data from Eurostat'!DC74,'GHG data from Eurostat'!DG74,'GHG data from Eurostat'!DM74,'GHG data from Eurostat'!DP74,'GHG data from Eurostat'!DV74) -> 0.00661 | AS68: ='GHG data from Eurostat'!DS74+'GHG data from Eurostat'!DT74 -> 0.00262 | AT68: ='GHG data from Eurostat'!EA74+'GHG data from Eurostat'!EB74 -> 0 | AU68: ='GHG data from Eurostat'!ED74 -> 2e-05 | AV68: ='GHG data from Eurostat'!EL74 -> 2e-05 | AW68: =SUM(AR68:AV68) -> 0.00927 | AX68: =IFERROR(AR68*1000/AL68,0) -> 0.31610157 | AY68: =IFERROR(AS68*1000/AM68,0) -> 0.10272898 | AZ68: =IFERROR(AT68*1000/AN68,0) -> 0 | BA68: =IFERROR(AU68*1000/AO68,0) -> 0.025974026 | BB68: =IFERROR(AV68*1000/AP68,0) -> 0.063091483 | BD68: =ROUND(AX68,4) -> 0.3161 | BE68: =ROUND(AY68,4) -> 0.1027 | BF68: =ROUND(AZ68,4) -> 0 | BG68: =ROUND(BA68,4) -> 0.026 | BH68: =ROUND(BB68,4) -> 0.0631 | BJ68: =AJ68 -> Lithuania | BK68: **N2O | BL68: ='GHG data from Eurostat'!EP74 -> 0
G69: Luxembourg | H69: CO2e | I69: =VLOOKUP($G69,$A$5:$E$32,2,FALSE) -> 0.024777 | J69: =VLOOKUP($G69,$A$5:$E$32,3,FALSE) -> 0.19439 | K69: =VLOOKUP($G69,$A$5:$E$32,4,FALSE) -> 0 | L69: =VLOOKUP($G69,$A$5:$E$32,5,FALSE) -> 0.001403 | M69: ='GHG data from Eurostat'!CP75 -> 0.00337 | N69: ='GHG data from Eurostat'!CN75 -> 0.42153 | O69: ='GHG data from Eurostat'!CQ75 -> 0.00546 | P69: ='GHG data from Eurostat'!CO75 -> 0.00343 | Q69: ='GHG data from Eurostat'!CU75 -> 0.0154 | R69: =IFERROR(('GHG data from Eurostat'!CS75+'GHG data from Eurostat'!CW75),0) -> 0.1135 | S69: ='GHG data from Eurostat'!CV75 -> 0.00196 | T69: ='GHG data from Eurostat'!CT75 -> 0.00014 | U69: =Q69+M69 -> 0.01877 | V69: =R69+N69 -> 0.53503 | W69: =S69+O69 -> 0.00742 | X69: =T69+P69 -> 0.00357 | Y69: =SUM(U69:X69) -> 0.56479 | Z69: =(M69+Q69)/I69 -> 0.75755741 | AA69: =(N69+R69)/J69 -> 2.7523535 | AB69: =IFERROR((O69+S69)/K69,0) -> 0 | AC69: =(P69+T69)/L69 -> 2.5445474 | AE69: =ROUND(Z69,3) -> 0.758 | AF69: =ROUND(AA69,3) -> 2.752 | AG69: =ROUND(AB69,3) -> 0 | AH69: =ROUND(AC69,3) -> 2.545 | AJ69: Luxembourg | AK69: CO2e | AL69: =VLOOKUP($AJ69,Landcover!$A$3:$K$30,5,FALSE)/1000 -> 0.565 | AM69: =VLOOKUP($AJ69,Landcover!$A$3:$K$30,6,FALSE)/1000 -> 0.904 | AN69: =VLOOKUP($AJ69,Landcover!$A$3:$K$30,8,FALSE)/1000 -> 0.853 | AO69: =VLOOKUP($AJ69,Landcover!$A$3:$K$30,11,FALSE)/1000 -> 0 | AP69: =VLOOKUP($AJ69,Landcover!$A$3:$K$30,7,FALSE)/1000 -> 0.051 | AR69: =SUM('GHG data from Eurostat'!CX75,'GHG data from Eurostat'!DC75,'GHG data from Eurostat'!DG75,'GHG data from Eurostat'!DM75,'GHG data from Eurostat'!DP75,'GHG data from Eurostat'!DV75) -> 0.09201 | AS69: ='GHG data from Eurostat'!DS75+'GHG data from Eurostat'!DT75 -> -0.28131 | AT69: ='GHG data from Eurostat'!EA75+'GHG data from Eurostat'!EB75 -> 0 | AU69: ='GHG data from Eurostat'!ED75 -> 0.00233 | AV69: ='GHG data from Eurostat'!EL75 -> 0.00018 | AW69: =SUM(AR69:AV69) -> -0.18679 | AX69: =AR69/AL69 -> 0.16284956 | AY69: =AS69/AM69 -> -0.31118363 | AZ69: =AT69/AN69 -> 0 | BA69: 0 | BB69: 0 | BD69: =ROUND(AX69,4) -> 0.1628 | BE69: =ROUND(AY69,4) -> -0.3112 | BF69: =ROUND(AZ69,4) -> 0 | BG69: =ROUND(BA69,4) -> 0 | BH69: =ROUND(BB69,4) -> 0 | BJ69: =AJ69 -> Luxembourg | BK69: **CO2e | BL69: ='GHG data from Eurostat'!EP75 -> 0.00626
G70: Luxembourg | H70: CO2 | I70: =VLOOKUP($G70,$A$5:$E$32,2,FALSE) -> 0.024777 | J70: =VLOOKUP($G70,$A$5:$E$32,3,FALSE) -> 0.19439 | K70: =VLOOKUP($G70,$A$5:$E$32,4,FALSE) -> 0 | L70: =VLOOKUP($G70,$A$5:$E$32,5,FALSE) -> 0.001403 | M70: ='GHG data from Eurostat'!CP76 -> 0 | N70: ='GHG data from Eurostat'!CN76 -> 0 | O70: ='GHG data from Eurostat'!CQ76 -> 0 | P70: ='GHG data from Eurostat'!CO76 -> 0 | Q70: ='GHG data from Eurostat'!CU76 -> 0 | R70: =IFERROR(('GHG data from Eurostat'!CS76+'GHG data from Eurostat'!CW76),0) -> 0 | S70: ='GHG data from Eurostat'!CV76 -> 0 | T70: ='GHG data from Eurostat'!CT76 -> 0 | U70: =Q70+M70 -> 0 | V70: =R70+N70 -> 0 | W70: =S70+O70 -> 0 | X70: =T70+P70 -> 0 | Y70: =SUM(U70:X70) -> 0 | Z70: =(M70+Q70)/I70 -> 0 | AA70: =(N70+R70)/J70 -> 0 | AB70: =IFERROR((O70+S70)/K70,0) -> 0 | AC70: =(P70+T70)/L70 -> 0 | AE70: =ROUND(Z70,3) -> 0 | AF70: =ROUND(AA70,3) -> 0 | AG70: =ROUND(AB70,3) -> 0 | AH70: =ROUND(AC70,3) -> 0 | AJ70: Luxembourg | AK70: CO2 | AL70: =VLOOKUP($AJ70,Landcover!$A$3:$K$30,5,FALSE)/1000 -> 0.565 | AM70: =VLOOKUP($AJ70,Landcover!$A$3:$K$30,6,FALSE)/1000 -> 0.904 | AN70: =VLOOKUP($AJ70,Landcover!$A$3:$K$30,8,FALSE)/1000 -> 0.853 | AO70: =VLOOKUP($AJ70,Landcover!$A$3:$K$30,11,FALSE)/1000 -> 0 | AP70: =VLOOKUP($AJ70,Landcover!$A$3:$K$30,7,FALSE)/1000 -> 0.051 | AR70: =SUM('GHG data from Eurostat'!CX76,'GHG data from Eurostat'!DC76,'GHG data from Eurostat'!DG76,'GHG data from Eurostat'!DM76,'GHG data from Eurostat'!DP76,'GHG data from Eurostat'!DV76) -> -0.06345 | AS70: ='GHG data from Eurostat'!DS76+'GHG data from Eurostat'!DT76 -> -0.28131 | AT70: ='GHG data from Eurostat'!EA76+'GHG data from Eurostat'!EB76 -> 0 | AU70: ='GHG data from Eurostat'!ED76 -> 0.00212 | AV70: ='GHG data from Eurostat'!EL76 -> 0.00018 | AW70: =SUM(AR70:AV70) -> -0.34246 | AX70: =AR70/AL70 -> -0.11230088 | AY70: =AS70/AM70 -> -0.31118363 | AZ70: =AT70/AN70 -> 0 | BA70: 1 | BB70: 1 | BD70: =ROUND(AX70,4) -> -0.1123 | BE70: =ROUND(AY70,4) -> -0.3112 | BF70: =ROUND(AZ70,4) -> 0 | BG70: =ROUND(BA70,4) -> 1 | BH70: =ROUND(BB70,4) -> 1 | BJ70: =AJ70 -> Luxembourg | BK70: **CO2 | BL70: ='GHG data from Eurostat'!EP76 -> 0.00626
